[{"model": "admin.logentry", "pk": 1, "fields": {"action_time": "2025-03-27T13:52:42.106Z", "user": 1, "content_type": 22, "object_id": "1", "object_repr": "06:00 - 18:00", "action_flag": 1, "change_message": "[{\"added\": {}}]"}}, {"model": "admin.logentry", "pk": 2, "fields": {"action_time": "2025-03-27T13:54:41.247Z", "user": 1, "content_type": 22, "object_id": "2", "object_repr": "09:00 - 12:00", "action_flag": 1, "change_message": "[{\"added\": {}}]"}}, {"model": "admin.logentry", "pk": 3, "fields": {"action_time": "2025-03-27T13:56:51.581Z", "user": 1, "content_type": 23, "object_id": "1", "object_repr": "BIgyan Parajuli - 2025-03-28 06:00 to 2025-03-29 18:00", "action_flag": 1, "change_message": "[{\"added\": {}}]"}}, {"model": "admin.logentry", "pk": 4, "fields": {"action_time": "2025-03-27T13:59:51.450Z", "user": 1, "content_type": 21, "object_id": "1", "object_repr": "It's Faceless Men with Dr. BIgyan Parajuli on 2025-03-31 06:00", "action_flag": 1, "change_message": "[{\"added\": {}}]"}}, {"model": "admin.logentry", "pk": 5, "fields": {"action_time": "2025-03-27T14:23:27.709Z", "user": 1, "content_type": 21, "object_id": "3", "object_repr": "It's Faceless Men with Dr. Sujan Pandey on 2025-04-01 09:00", "action_flag": 2, "change_message": "[{\"changed\": {\"fields\": [\"Status\"]}}]"}}, {"model": "admin.logentry", "pk": 6, "fields": {"action_time": "2025-03-28T12:55:01.302Z", "user": 1, "content_type": 24, "object_id": "1", "object_repr": "BIgyan Parajuli - DOCTOR - Monday 08:00 to 16:00", "action_flag": 1, "change_message": "[{\"added\": {}}]"}}, {"model": "admin.logentry", "pk": 7, "fields": {"action_time": "2025-03-28T12:55:44.847Z", "user": 1, "content_type": 24, "object_id": "2", "object_repr": "BIgyan Parajuli - DOCTOR - Tuesday 09:00 to 16:00", "action_flag": 1, "change_message": "[{\"added\": {}}]"}}, {"model": "admin.logentry", "pk": 8, "fields": {"action_time": "2025-03-28T15:42:54.403Z", "user": 1, "content_type": 24, "object_id": "1", "object_repr": "BIgyan Parajuli - DOCTOR - Monday 08:00 to 16:00", "action_flag": 3, "change_message": ""}}, {"model": "admin.logentry", "pk": 9, "fields": {"action_time": "2025-03-28T15:43:04.541Z", "user": 1, "content_type": 24, "object_id": "8", "object_repr": "Alan K - DOCTOR - Monday 09:00 to 17:00", "action_flag": 3, "change_message": ""}}, {"model": "admin.logentry", "pk": 10, "fields": {"action_time": "2025-03-28T15:43:11.514Z", "user": 1, "content_type": 24, "object_id": "3", "object_repr": "Sujan Pandey - DOCTOR - Monday 09:00 to 17:00", "action_flag": 3, "change_message": ""}}, {"model": "admin.logentry", "pk": 11, "fields": {"action_time": "2025-03-28T15:43:18.089Z", "user": 1, "content_type": 24, "object_id": "4", "object_repr": "Sujan Pandey - DOCTOR - Tuesday 09:00 to 17:00", "action_flag": 3, "change_message": ""}}, {"model": "admin.logentry", "pk": 12, "fields": {"action_time": "2025-03-28T15:43:29.957Z", "user": 1, "content_type": 24, "object_id": "2", "object_repr": "BIgyan Parajuli - DOCTOR - Tuesday 09:00 to 16:00", "action_flag": 3, "change_message": ""}}, {"model": "admin.logentry", "pk": 13, "fields": {"action_time": "2025-03-28T15:43:36.111Z", "user": 1, "content_type": 24, "object_id": "9", "object_repr": "Alan K - DOCTOR - Tuesday 10:00 to 17:00", "action_flag": 3, "change_message": ""}}, {"model": "admin.logentry", "pk": 14, "fields": {"action_time": "2025-03-28T15:43:47.298Z", "user": 1, "content_type": 24, "object_id": "5", "object_repr": "Sujan Pandey - DOCTOR - Wednesday 09:00 to 17:00", "action_flag": 3, "change_message": ""}}, {"model": "admin.logentry", "pk": 15, "fields": {"action_time": "2025-03-28T15:43:54.289Z", "user": 1, "content_type": 24, "object_id": "10", "object_repr": "Alan K - DOCTOR - Wednesday 13:00 to 17:00", "action_flag": 3, "change_message": ""}}, {"model": "admin.logentry", "pk": 16, "fields": {"action_time": "2025-03-28T15:44:01.580Z", "user": 1, "content_type": 24, "object_id": "11", "object_repr": "Alan K - DOCTOR - Thursday 09:00 to 17:00", "action_flag": 3, "change_message": ""}}, {"model": "admin.logentry", "pk": 17, "fields": {"action_time": "2025-03-28T15:44:07.546Z", "user": 1, "content_type": 24, "object_id": "6", "object_repr": "Sujan Pandey - DOCTOR - Thursday 09:00 to 17:00", "action_flag": 3, "change_message": ""}}, {"model": "admin.logentry", "pk": 18, "fields": {"action_time": "2025-03-28T15:44:13.152Z", "user": 1, "content_type": 24, "object_id": "12", "object_repr": "Alan K - DOCTOR - Friday 09:00 to 17:00", "action_flag": 3, "change_message": ""}}, {"model": "admin.logentry", "pk": 19, "fields": {"action_time": "2025-03-28T15:44:18.902Z", "user": 1, "content_type": 24, "object_id": "7", "object_repr": "Sujan Pandey - DOCTOR - Friday 09:00 to 17:00", "action_flag": 3, "change_message": ""}}, {"model": "admin.logentry", "pk": 20, "fields": {"action_time": "2025-03-28T17:08:08.146Z", "user": 1, "content_type": 24, "object_id": "13", "object_repr": "Sujan Pandey - DOCTOR - Monday 09:00 to 17:00", "action_flag": 3, "change_message": ""}}, {"model": "admin.logentry", "pk": 21, "fields": {"action_time": "2025-03-28T17:08:13.982Z", "user": 1, "content_type": 24, "object_id": "14", "object_repr": "Sujan Pandey - DOCTOR - Tuesday 09:00 to 17:00", "action_flag": 3, "change_message": ""}}, {"model": "admin.logentry", "pk": 22, "fields": {"action_time": "2025-03-28T17:08:19.646Z", "user": 1, "content_type": 24, "object_id": "15", "object_repr": "Sujan Pandey - DOCTOR - Wednesday 09:00 to 17:00", "action_flag": 3, "change_message": ""}}, {"model": "admin.logentry", "pk": 23, "fields": {"action_time": "2025-03-28T17:08:26.192Z", "user": 1, "content_type": 24, "object_id": "16", "object_repr": "Sujan Pandey - DOCTOR - Thursday 09:00 to 17:00", "action_flag": 3, "change_message": ""}}, {"model": "admin.logentry", "pk": 24, "fields": {"action_time": "2025-03-28T17:08:31.393Z", "user": 1, "content_type": 24, "object_id": "17", "object_repr": "Sujan Pandey - DOCTOR - Friday 09:00 to 17:00", "action_flag": 3, "change_message": ""}}, {"model": "admin.logentry", "pk": 25, "fields": {"action_time": "2025-03-28T17:28:56.244Z", "user": 1, "content_type": 24, "object_id": "18", "object_repr": "Sujan Pandey - DOCTOR - Monday 09:00 to 12:00", "action_flag": 3, "change_message": ""}}, {"model": "admin.logentry", "pk": 26, "fields": {"action_time": "2025-03-28T17:29:01.467Z", "user": 1, "content_type": 24, "object_id": "19", "object_repr": "Sujan Pandey - DOCTOR - Saturday 14:00 to 17:00", "action_flag": 3, "change_message": ""}}, {"model": "admin.logentry", "pk": 27, "fields": {"action_time": "2025-03-28T17:29:06.137Z", "user": 1, "content_type": 24, "object_id": "20", "object_repr": "Sujan Pandey - DOCTOR - Sunday 14:00 to 17:00", "action_flag": 3, "change_message": ""}}, {"model": "admin.logentry", "pk": 28, "fields": {"action_time": "2025-03-29T07:33:24.640Z", "user": 1, "content_type": 24, "object_id": "21", "object_repr": "Sujan Pandey - DOCTOR - Monday 09:00 to 12:00", "action_flag": 3, "change_message": ""}}, {"model": "admin.logentry", "pk": 29, "fields": {"action_time": "2025-03-29T07:33:29.915Z", "user": 1, "content_type": 24, "object_id": "24", "object_repr": "Sujan Pandey - DOCTOR - Wednesday 09:00 to 12:00", "action_flag": 3, "change_message": ""}}, {"model": "admin.logentry", "pk": 30, "fields": {"action_time": "2025-03-29T07:33:34.936Z", "user": 1, "content_type": 24, "object_id": "25", "object_repr": "Sujan Pandey - DOCTOR - Thursday 09:00 to 12:00", "action_flag": 3, "change_message": ""}}, {"model": "admin.logentry", "pk": 31, "fields": {"action_time": "2025-03-29T07:33:40.088Z", "user": 1, "content_type": 24, "object_id": "26", "object_repr": "Sujan Pandey - DOCTOR - Friday 09:00 to 12:00", "action_flag": 3, "change_message": ""}}, {"model": "admin.logentry", "pk": 32, "fields": {"action_time": "2025-03-29T07:33:45.052Z", "user": 1, "content_type": 24, "object_id": "22", "object_repr": "Sujan Pandey - DOCTOR - Saturday 09:00 to 17:00", "action_flag": 3, "change_message": ""}}, {"model": "admin.logentry", "pk": 33, "fields": {"action_time": "2025-03-29T07:33:49.663Z", "user": 1, "content_type": 24, "object_id": "23", "object_repr": "Sujan Pandey - DOCTOR - Sunday 09:00 to 17:00", "action_flag": 3, "change_message": ""}}, {"model": "admin.logentry", "pk": 34, "fields": {"action_time": "2025-03-29T08:57:19.888Z", "user": 1, "content_type": 26, "object_id": "5", "object_repr": "Sujan Pandey - DOCTOR - 2025-04-10 10:00 to 2025-04-12 10:00", "action_flag": 2, "change_message": "[{\"changed\": {\"fields\": [\"End time\"]}}]"}}, {"model": "admin.logentry", "pk": 35, "fields": {"action_time": "2025-03-29T08:58:23.432Z", "user": 1, "content_type": 26, "object_id": "5", "object_repr": "Sujan Pandey - DOCTOR - 2025-04-10 10:00 to 2025-04-11 12:00", "action_flag": 2, "change_message": "[{\"changed\": {\"fields\": [\"End time\"]}}]"}}, {"model": "admin.logentry", "pk": 36, "fields": {"action_time": "2025-03-29T09:30:59.316Z", "user": 1, "content_type": 25, "object_id": "46a8a1b0-d7c7-45f4-8a2a-2b8b25e6189a", "object_repr": "patient@gmail.com with Dr. Pandey on 2025-04-11 13:00", "action_flag": 2, "change_message": "[{\"changed\": {\"fields\": [\"Status\"]}}]"}}, {"model": "admin.logentry", "pk": 37, "fields": {"action_time": "2025-03-29T09:31:20.182Z", "user": 1, "content_type": 25, "object_id": "46a8a1b0-d7c7-45f4-8a2a-2b8b25e6189a", "object_repr": "patient@gmail.com with Dr. Pandey on 2025-04-11 13:00", "action_flag": 2, "change_message": "[{\"changed\": {\"fields\": [\"Status\"]}}]"}}, {"model": "admin.logentry", "pk": 38, "fields": {"action_time": "2025-03-29T10:53:14.472Z", "user": 1, "content_type": 26, "object_id": "5", "object_repr": "Sujan Pandey - DOCTOR - 2025-04-10 10:00 to 2025-04-11 13:00", "action_flag": 2, "change_message": "[{\"changed\": {\"fields\": [\"End time\"]}}]"}}, {"model": "admin.logentry", "pk": 39, "fields": {"action_time": "2025-03-29T10:53:48.655Z", "user": 1, "content_type": 26, "object_id": "5", "object_repr": "Sujan Pandey - DOCTOR - 2025-04-10 10:00 to 2025-04-12 14:00", "action_flag": 2, "change_message": "[{\"changed\": {\"fields\": [\"End time\"]}}]"}}, {"model": "admin.logentry", "pk": 40, "fields": {"action_time": "2025-03-29T10:54:10.240Z", "user": 1, "content_type": 26, "object_id": "5", "object_repr": "Sujan Pandey - DOCTOR - 2025-04-10 10:00 to 2025-04-11 14:00", "action_flag": 2, "change_message": "[{\"changed\": {\"fields\": [\"End time\"]}}]"}}, {"model": "admin.logentry", "pk": 41, "fields": {"action_time": "2025-03-29T10:54:55.194Z", "user": 1, "content_type": 26, "object_id": "5", "object_repr": "Sujan Pandey - DOCTOR - 2025-04-10 10:00 to 2025-04-13 14:00", "action_flag": 2, "change_message": "[{\"changed\": {\"fields\": [\"End time\"]}}]"}}, {"model": "admin.logentry", "pk": 42, "fields": {"action_time": "2025-03-29T10:55:15.927Z", "user": 1, "content_type": 26, "object_id": "5", "object_repr": "Sujan Pandey - DOCTOR - 2025-04-10 10:00 to 2025-04-11 14:00", "action_flag": 2, "change_message": "[{\"changed\": {\"fields\": [\"End time\"]}}]"}}, {"model": "admin.logentry", "pk": 43, "fields": {"action_time": "2025-04-02T12:43:34.182Z", "user": 1, "content_type": 28, "object_id": "739d1c2a-eb2f-4670-b52d-9e7f0971f964", "object_repr": "Lab Report - Report", "action_flag": 1, "change_message": "[{\"added\": {}}]"}}, {"model": "admin.logentry", "pk": 44, "fields": {"action_time": "2025-04-04T12:28:12.338Z", "user": 1, "content_type": 28, "object_id": "739d1c2a-eb2f-4670-b52d-9e7f0971f964", "object_repr": "Lab Report - Report", "action_flag": 2, "change_message": "[]"}}, {"model": "admin.logentry", "pk": 45, "fields": {"action_time": "2025-04-04T12:34:55.247Z", "user": 1, "content_type": 27, "object_id": "147a262d-985f-4aa4-aa5c-1be488073add", "object_repr": "Medical Record for patient@gmail.com with Dr. Pandey on 2025-04-02 09:00", "action_flag": 2, "change_message": "[{\"changed\": {\"fields\": [\"Is locked\"]}}]"}}, {"model": "admin.logentry", "pk": 46, "fields": {"action_time": "2025-04-04T12:35:17.415Z", "user": 1, "content_type": 27, "object_id": "147a262d-985f-4aa4-aa5c-1be488073add", "object_repr": "Medical Record for patient@gmail.com with Dr. Pandey on 2025-04-02 09:00", "action_flag": 2, "change_message": "[{\"changed\": {\"fields\": [\"Previous record\"]}}]"}}, {"model": "auth.permission", "pk": 1, "fields": {"name": "Can add log entry", "content_type": 1, "codename": "add_logentry"}}, {"model": "auth.permission", "pk": 2, "fields": {"name": "Can change log entry", "content_type": 1, "codename": "change_logentry"}}, {"model": "auth.permission", "pk": 3, "fields": {"name": "Can delete log entry", "content_type": 1, "codename": "delete_logentry"}}, {"model": "auth.permission", "pk": 4, "fields": {"name": "Can view log entry", "content_type": 1, "codename": "view_logentry"}}, {"model": "auth.permission", "pk": 5, "fields": {"name": "Can add permission", "content_type": 2, "codename": "add_permission"}}, {"model": "auth.permission", "pk": 6, "fields": {"name": "Can change permission", "content_type": 2, "codename": "change_permission"}}, {"model": "auth.permission", "pk": 7, "fields": {"name": "Can delete permission", "content_type": 2, "codename": "delete_permission"}}, {"model": "auth.permission", "pk": 8, "fields": {"name": "Can view permission", "content_type": 2, "codename": "view_permission"}}, {"model": "auth.permission", "pk": 9, "fields": {"name": "Can add group", "content_type": 3, "codename": "add_group"}}, {"model": "auth.permission", "pk": 10, "fields": {"name": "Can change group", "content_type": 3, "codename": "change_group"}}, {"model": "auth.permission", "pk": 11, "fields": {"name": "Can delete group", "content_type": 3, "codename": "delete_group"}}, {"model": "auth.permission", "pk": 12, "fields": {"name": "Can view group", "content_type": 3, "codename": "view_group"}}, {"model": "auth.permission", "pk": 13, "fields": {"name": "Can add content type", "content_type": 4, "codename": "add_contenttype"}}, {"model": "auth.permission", "pk": 14, "fields": {"name": "Can change content type", "content_type": 4, "codename": "change_contenttype"}}, {"model": "auth.permission", "pk": 15, "fields": {"name": "Can delete content type", "content_type": 4, "codename": "delete_contenttype"}}, {"model": "auth.permission", "pk": 16, "fields": {"name": "Can view content type", "content_type": 4, "codename": "view_contenttype"}}, {"model": "auth.permission", "pk": 17, "fields": {"name": "Can add session", "content_type": 5, "codename": "add_session"}}, {"model": "auth.permission", "pk": 18, "fields": {"name": "Can change session", "content_type": 5, "codename": "change_session"}}, {"model": "auth.permission", "pk": 19, "fields": {"name": "Can delete session", "content_type": 5, "codename": "delete_session"}}, {"model": "auth.permission", "pk": 20, "fields": {"name": "Can view session", "content_type": 5, "codename": "view_session"}}, {"model": "auth.permission", "pk": 21, "fields": {"name": "Can add blacklisted token", "content_type": 6, "codename": "add_blacklistedtoken"}}, {"model": "auth.permission", "pk": 22, "fields": {"name": "Can change blacklisted token", "content_type": 6, "codename": "change_blacklistedtoken"}}, {"model": "auth.permission", "pk": 23, "fields": {"name": "Can delete blacklisted token", "content_type": 6, "codename": "delete_blacklistedtoken"}}, {"model": "auth.permission", "pk": 24, "fields": {"name": "Can view blacklisted token", "content_type": 6, "codename": "view_blacklistedtoken"}}, {"model": "auth.permission", "pk": 25, "fields": {"name": "Can add outstanding token", "content_type": 7, "codename": "add_outstandingtoken"}}, {"model": "auth.permission", "pk": 26, "fields": {"name": "Can change outstanding token", "content_type": 7, "codename": "change_outstandingtoken"}}, {"model": "auth.permission", "pk": 27, "fields": {"name": "Can delete outstanding token", "content_type": 7, "codename": "delete_outstandingtoken"}}, {"model": "auth.permission", "pk": 28, "fields": {"name": "Can view outstanding token", "content_type": 7, "codename": "view_outstandingtoken"}}, {"model": "auth.permission", "pk": 29, "fields": {"name": "Can add application", "content_type": 8, "codename": "add_application"}}, {"model": "auth.permission", "pk": 30, "fields": {"name": "Can change application", "content_type": 8, "codename": "change_application"}}, {"model": "auth.permission", "pk": 31, "fields": {"name": "Can delete application", "content_type": 8, "codename": "delete_application"}}, {"model": "auth.permission", "pk": 32, "fields": {"name": "Can view application", "content_type": 8, "codename": "view_application"}}, {"model": "auth.permission", "pk": 33, "fields": {"name": "Can add access token", "content_type": 9, "codename": "add_accesstoken"}}, {"model": "auth.permission", "pk": 34, "fields": {"name": "Can change access token", "content_type": 9, "codename": "change_accesstoken"}}, {"model": "auth.permission", "pk": 35, "fields": {"name": "Can delete access token", "content_type": 9, "codename": "delete_accesstoken"}}, {"model": "auth.permission", "pk": 36, "fields": {"name": "Can view access token", "content_type": 9, "codename": "view_accesstoken"}}, {"model": "auth.permission", "pk": 37, "fields": {"name": "Can add grant", "content_type": 10, "codename": "add_grant"}}, {"model": "auth.permission", "pk": 38, "fields": {"name": "Can change grant", "content_type": 10, "codename": "change_grant"}}, {"model": "auth.permission", "pk": 39, "fields": {"name": "Can delete grant", "content_type": 10, "codename": "delete_grant"}}, {"model": "auth.permission", "pk": 40, "fields": {"name": "Can view grant", "content_type": 10, "codename": "view_grant"}}, {"model": "auth.permission", "pk": 41, "fields": {"name": "Can add refresh token", "content_type": 11, "codename": "add_refreshtoken"}}, {"model": "auth.permission", "pk": 42, "fields": {"name": "Can change refresh token", "content_type": 11, "codename": "change_refreshtoken"}}, {"model": "auth.permission", "pk": 43, "fields": {"name": "Can delete refresh token", "content_type": 11, "codename": "delete_refreshtoken"}}, {"model": "auth.permission", "pk": 44, "fields": {"name": "Can view refresh token", "content_type": 11, "codename": "view_refreshtoken"}}, {"model": "auth.permission", "pk": 45, "fields": {"name": "Can add id token", "content_type": 12, "codename": "add_idtoken"}}, {"model": "auth.permission", "pk": 46, "fields": {"name": "Can change id token", "content_type": 12, "codename": "change_idtoken"}}, {"model": "auth.permission", "pk": 47, "fields": {"name": "Can delete id token", "content_type": 12, "codename": "delete_idtoken"}}, {"model": "auth.permission", "pk": 48, "fields": {"name": "Can view id token", "content_type": 12, "codename": "view_idtoken"}}, {"model": "auth.permission", "pk": 49, "fields": {"name": "Can add association", "content_type": 13, "codename": "add_association"}}, {"model": "auth.permission", "pk": 50, "fields": {"name": "Can change association", "content_type": 13, "codename": "change_association"}}, {"model": "auth.permission", "pk": 51, "fields": {"name": "Can delete association", "content_type": 13, "codename": "delete_association"}}, {"model": "auth.permission", "pk": 52, "fields": {"name": "Can view association", "content_type": 13, "codename": "view_association"}}, {"model": "auth.permission", "pk": 53, "fields": {"name": "Can add code", "content_type": 14, "codename": "add_code"}}, {"model": "auth.permission", "pk": 54, "fields": {"name": "Can change code", "content_type": 14, "codename": "change_code"}}, {"model": "auth.permission", "pk": 55, "fields": {"name": "Can delete code", "content_type": 14, "codename": "delete_code"}}, {"model": "auth.permission", "pk": 56, "fields": {"name": "Can view code", "content_type": 14, "codename": "view_code"}}, {"model": "auth.permission", "pk": 57, "fields": {"name": "Can add nonce", "content_type": 15, "codename": "add_nonce"}}, {"model": "auth.permission", "pk": 58, "fields": {"name": "Can change nonce", "content_type": 15, "codename": "change_nonce"}}, {"model": "auth.permission", "pk": 59, "fields": {"name": "Can delete nonce", "content_type": 15, "codename": "delete_nonce"}}, {"model": "auth.permission", "pk": 60, "fields": {"name": "Can view nonce", "content_type": 15, "codename": "view_nonce"}}, {"model": "auth.permission", "pk": 61, "fields": {"name": "Can add user social auth", "content_type": 16, "codename": "add_usersocialauth"}}, {"model": "auth.permission", "pk": 62, "fields": {"name": "Can change user social auth", "content_type": 16, "codename": "change_usersocialauth"}}, {"model": "auth.permission", "pk": 63, "fields": {"name": "Can delete user social auth", "content_type": 16, "codename": "delete_usersocialauth"}}, {"model": "auth.permission", "pk": 64, "fields": {"name": "Can view user social auth", "content_type": 16, "codename": "view_usersocialauth"}}, {"model": "auth.permission", "pk": 65, "fields": {"name": "Can add partial", "content_type": 17, "codename": "add_partial"}}, {"model": "auth.permission", "pk": 66, "fields": {"name": "Can change partial", "content_type": 17, "codename": "change_partial"}}, {"model": "auth.permission", "pk": 67, "fields": {"name": "Can delete partial", "content_type": 17, "codename": "delete_partial"}}, {"model": "auth.permission", "pk": 68, "fields": {"name": "Can view partial", "content_type": 17, "codename": "view_partial"}}, {"model": "auth.permission", "pk": 69, "fields": {"name": "Can add custom user", "content_type": 18, "codename": "add_customuser"}}, {"model": "auth.permission", "pk": 70, "fields": {"name": "Can change custom user", "content_type": 18, "codename": "change_customuser"}}, {"model": "auth.permission", "pk": 71, "fields": {"name": "Can delete custom user", "content_type": 18, "codename": "delete_customuser"}}, {"model": "auth.permission", "pk": 72, "fields": {"name": "Can view custom user", "content_type": 18, "codename": "view_customuser"}}, {"model": "auth.permission", "pk": 73, "fields": {"name": "Can add doctor profile", "content_type": 19, "codename": "add_doctorprofile"}}, {"model": "auth.permission", "pk": 74, "fields": {"name": "Can change doctor profile", "content_type": 19, "codename": "change_doctorprofile"}}, {"model": "auth.permission", "pk": 75, "fields": {"name": "Can delete doctor profile", "content_type": 19, "codename": "delete_doctorprofile"}}, {"model": "auth.permission", "pk": 76, "fields": {"name": "Can view doctor profile", "content_type": 19, "codename": "view_doctorprofile"}}, {"model": "auth.permission", "pk": 77, "fields": {"name": "Can add doctor availability", "content_type": 20, "codename": "add_doctoravailability"}}, {"model": "auth.permission", "pk": 78, "fields": {"name": "Can change doctor availability", "content_type": 20, "codename": "change_doctoravailability"}}, {"model": "auth.permission", "pk": 79, "fields": {"name": "Can delete doctor availability", "content_type": 20, "codename": "delete_doctoravailability"}}, {"model": "auth.permission", "pk": 80, "fields": {"name": "Can view doctor availability", "content_type": 20, "codename": "view_doctoravailability"}}, {"model": "auth.permission", "pk": 81, "fields": {"name": "Can add appointment", "content_type": 21, "codename": "add_appointment"}}, {"model": "auth.permission", "pk": 82, "fields": {"name": "Can change appointment", "content_type": 21, "codename": "change_appointment"}}, {"model": "auth.permission", "pk": 83, "fields": {"name": "Can delete appointment", "content_type": 21, "codename": "delete_appointment"}}, {"model": "auth.permission", "pk": 84, "fields": {"name": "Can view appointment", "content_type": 21, "codename": "view_appointment"}}, {"model": "auth.permission", "pk": 85, "fields": {"name": "Can add time slot", "content_type": 22, "codename": "add_timeslot"}}, {"model": "auth.permission", "pk": 86, "fields": {"name": "Can change time slot", "content_type": 22, "codename": "change_timeslot"}}, {"model": "auth.permission", "pk": 87, "fields": {"name": "Can delete time slot", "content_type": 22, "codename": "delete_timeslot"}}, {"model": "auth.permission", "pk": 88, "fields": {"name": "Can view time slot", "content_type": 22, "codename": "view_timeslot"}}, {"model": "auth.permission", "pk": 89, "fields": {"name": "Can add time off", "content_type": 23, "codename": "add_timeoff"}}, {"model": "auth.permission", "pk": 90, "fields": {"name": "Can change time off", "content_type": 23, "codename": "change_timeoff"}}, {"model": "auth.permission", "pk": 91, "fields": {"name": "Can delete time off", "content_type": 23, "codename": "delete_timeoff"}}, {"model": "auth.permission", "pk": 92, "fields": {"name": "Can view time off", "content_type": 23, "codename": "view_timeoff"}}, {"model": "auth.permission", "pk": 93, "fields": {"name": "Can add available time slot", "content_type": 24, "codename": "add_availabletimeslot"}}, {"model": "auth.permission", "pk": 94, "fields": {"name": "Can change available time slot", "content_type": 24, "codename": "change_availabletimeslot"}}, {"model": "auth.permission", "pk": 95, "fields": {"name": "Can delete available time slot", "content_type": 24, "codename": "delete_availabletimeslot"}}, {"model": "auth.permission", "pk": 96, "fields": {"name": "Can view available time slot", "content_type": 24, "codename": "view_availabletimeslot"}}, {"model": "auth.permission", "pk": 97, "fields": {"name": "Can add appointment", "content_type": 25, "codename": "add_appointment"}}, {"model": "auth.permission", "pk": 98, "fields": {"name": "Can change appointment", "content_type": 25, "codename": "change_appointment"}}, {"model": "auth.permission", "pk": 99, "fields": {"name": "Can delete appointment", "content_type": 25, "codename": "delete_appointment"}}, {"model": "auth.permission", "pk": 100, "fields": {"name": "Can view appointment", "content_type": 25, "codename": "view_appointment"}}, {"model": "auth.permission", "pk": 101, "fields": {"name": "Can add time off", "content_type": 26, "codename": "add_timeoff"}}, {"model": "auth.permission", "pk": 102, "fields": {"name": "Can change time off", "content_type": 26, "codename": "change_timeoff"}}, {"model": "auth.permission", "pk": 103, "fields": {"name": "Can delete time off", "content_type": 26, "codename": "delete_timeoff"}}, {"model": "auth.permission", "pk": 104, "fields": {"name": "Can view time off", "content_type": 26, "codename": "view_timeoff"}}, {"model": "auth.permission", "pk": 105, "fields": {"name": "Can add medical record", "content_type": 27, "codename": "add_medicalrecord"}}, {"model": "auth.permission", "pk": 106, "fields": {"name": "Can change medical record", "content_type": 27, "codename": "change_medicalrecord"}}, {"model": "auth.permission", "pk": 107, "fields": {"name": "Can delete medical record", "content_type": 27, "codename": "delete_medicalrecord"}}, {"model": "auth.permission", "pk": 108, "fields": {"name": "Can view medical record", "content_type": 27, "codename": "view_medicalrecord"}}, {"model": "auth.permission", "pk": 109, "fields": {"name": "Can add medical attachment", "content_type": 28, "codename": "add_medicalattachment"}}, {"model": "auth.permission", "pk": 110, "fields": {"name": "Can change medical attachment", "content_type": 28, "codename": "change_medicalattachment"}}, {"model": "auth.permission", "pk": 111, "fields": {"name": "Can delete medical attachment", "content_type": 28, "codename": "delete_medicalattachment"}}, {"model": "auth.permission", "pk": 112, "fields": {"name": "Can view medical attachment", "content_type": 28, "codename": "view_medicalattachment"}}, {"model": "auth.permission", "pk": 113, "fields": {"name": "Can add medical record audit", "content_type": 29, "codename": "add_medicalrecordaudit"}}, {"model": "auth.permission", "pk": 114, "fields": {"name": "Can change medical record audit", "content_type": 29, "codename": "change_medicalrecordaudit"}}, {"model": "auth.permission", "pk": 115, "fields": {"name": "Can delete medical record audit", "content_type": 29, "codename": "delete_medicalrecordaudit"}}, {"model": "auth.permission", "pk": 116, "fields": {"name": "Can view medical record audit", "content_type": 29, "codename": "view_medicalrecordaudit"}}, {"model": "auth.permission", "pk": 117, "fields": {"name": "Can add prescription", "content_type": 30, "codename": "add_prescription"}}, {"model": "auth.permission", "pk": 118, "fields": {"name": "Can change prescription", "content_type": 30, "codename": "change_prescription"}}, {"model": "auth.permission", "pk": 119, "fields": {"name": "Can delete prescription", "content_type": 30, "codename": "delete_prescription"}}, {"model": "auth.permission", "pk": 120, "fields": {"name": "Can view prescription", "content_type": 30, "codename": "view_prescription"}}, {"model": "auth.permission", "pk": 121, "fields": {"name": "Can add message", "content_type": 31, "codename": "add_message"}}, {"model": "auth.permission", "pk": 122, "fields": {"name": "Can change message", "content_type": 31, "codename": "change_message"}}, {"model": "auth.permission", "pk": 123, "fields": {"name": "Can delete message", "content_type": 31, "codename": "delete_message"}}, {"model": "auth.permission", "pk": 124, "fields": {"name": "Can view message", "content_type": 31, "codename": "view_message"}}, {"model": "auth.permission", "pk": 125, "fields": {"name": "Can add chat message", "content_type": 32, "codename": "add_chatmessage"}}, {"model": "auth.permission", "pk": 126, "fields": {"name": "Can change chat message", "content_type": 32, "codename": "change_chatmessage"}}, {"model": "auth.permission", "pk": 127, "fields": {"name": "Can delete chat message", "content_type": 32, "codename": "delete_chatmessage"}}, {"model": "auth.permission", "pk": 128, "fields": {"name": "Can view chat message", "content_type": 32, "codename": "view_chatmessage"}}, {"model": "auth.permission", "pk": 129, "fields": {"name": "Can add chat session", "content_type": 33, "codename": "add_chatsession"}}, {"model": "auth.permission", "pk": 130, "fields": {"name": "Can change chat session", "content_type": 33, "codename": "change_chatsession"}}, {"model": "auth.permission", "pk": 131, "fields": {"name": "Can delete chat session", "content_type": 33, "codename": "delete_chatsession"}}, {"model": "auth.permission", "pk": 132, "fields": {"name": "Can view chat session", "content_type": 33, "codename": "view_chatsession"}}, {"model": "auth.permission", "pk": 133, "fields": {"name": "Can add medicine", "content_type": 34, "codename": "add_medicine"}}, {"model": "auth.permission", "pk": 134, "fields": {"name": "Can change medicine", "content_type": 34, "codename": "change_medicine"}}, {"model": "auth.permission", "pk": 135, "fields": {"name": "Can delete medicine", "content_type": 34, "codename": "delete_medicine"}}, {"model": "auth.permission", "pk": 136, "fields": {"name": "Can view medicine", "content_type": 34, "codename": "view_medicine"}}, {"model": "auth.permission", "pk": 137, "fields": {"name": "Can add order", "content_type": 35, "codename": "add_order"}}, {"model": "auth.permission", "pk": 138, "fields": {"name": "Can change order", "content_type": 35, "codename": "change_order"}}, {"model": "auth.permission", "pk": 139, "fields": {"name": "Can delete order", "content_type": 35, "codename": "delete_order"}}, {"model": "auth.permission", "pk": 140, "fields": {"name": "Can view order", "content_type": 35, "codename": "view_order"}}, {"model": "auth.permission", "pk": 141, "fields": {"name": "Can add billing", "content_type": 36, "codename": "add_billing"}}, {"model": "auth.permission", "pk": 142, "fields": {"name": "Can change billing", "content_type": 36, "codename": "change_billing"}}, {"model": "auth.permission", "pk": 143, "fields": {"name": "Can delete billing", "content_type": 36, "codename": "delete_billing"}}, {"model": "auth.permission", "pk": 144, "fields": {"name": "Can view billing", "content_type": 36, "codename": "view_billing"}}, {"model": "auth.permission", "pk": 145, "fields": {"name": "Can add order medicine", "content_type": 37, "codename": "add_ordermedicine"}}, {"model": "auth.permission", "pk": 146, "fields": {"name": "Can change order medicine", "content_type": 37, "codename": "change_ordermedicine"}}, {"model": "auth.permission", "pk": 147, "fields": {"name": "Can delete order medicine", "content_type": 37, "codename": "delete_ordermedicine"}}, {"model": "auth.permission", "pk": 148, "fields": {"name": "Can view order medicine", "content_type": 37, "codename": "view_ordermedicine"}}, {"model": "auth.permission", "pk": 149, "fields": {"name": "Can add stock transaction", "content_type": 38, "codename": "add_stocktransaction"}}, {"model": "auth.permission", "pk": 150, "fields": {"name": "Can change stock transaction", "content_type": 38, "codename": "change_stocktransaction"}}, {"model": "auth.permission", "pk": 151, "fields": {"name": "Can delete stock transaction", "content_type": 38, "codename": "delete_stocktransaction"}}, {"model": "auth.permission", "pk": 152, "fields": {"name": "Can view stock transaction", "content_type": 38, "codename": "view_stocktransaction"}}, {"model": "auth.permission", "pk": 153, "fields": {"name": "Can add audit log", "content_type": 39, "codename": "add_auditlog"}}, {"model": "auth.permission", "pk": 154, "fields": {"name": "Can change audit log", "content_type": 39, "codename": "change_auditlog"}}, {"model": "auth.permission", "pk": 155, "fields": {"name": "Can delete audit log", "content_type": 39, "codename": "delete_auditlog"}}, {"model": "auth.permission", "pk": 156, "fields": {"name": "Can view audit log", "content_type": 39, "codename": "view_auditlog"}}, {"model": "auth.permission", "pk": 157, "fields": {"name": "Can add cart", "content_type": 40, "codename": "add_cart"}}, {"model": "auth.permission", "pk": 158, "fields": {"name": "Can change cart", "content_type": 40, "codename": "change_cart"}}, {"model": "auth.permission", "pk": 159, "fields": {"name": "Can delete cart", "content_type": 40, "codename": "delete_cart"}}, {"model": "auth.permission", "pk": 160, "fields": {"name": "Can view cart", "content_type": 40, "codename": "view_cart"}}, {"model": "auth.permission", "pk": 161, "fields": {"name": "Can add cart item", "content_type": 41, "codename": "add_cartitem"}}, {"model": "auth.permission", "pk": 162, "fields": {"name": "Can change cart item", "content_type": 41, "codename": "change_cartitem"}}, {"model": "auth.permission", "pk": 163, "fields": {"name": "Can delete cart item", "content_type": 41, "codename": "delete_cartitem"}}, {"model": "auth.permission", "pk": 164, "fields": {"name": "Can view cart item", "content_type": 41, "codename": "view_cartitem"}}, {"model": "contenttypes.contenttype", "pk": 1, "fields": {"app_label": "admin", "model": "logentry"}}, {"model": "contenttypes.contenttype", "pk": 2, "fields": {"app_label": "auth", "model": "permission"}}, {"model": "contenttypes.contenttype", "pk": 3, "fields": {"app_label": "auth", "model": "group"}}, {"model": "contenttypes.contenttype", "pk": 4, "fields": {"app_label": "contenttypes", "model": "contenttype"}}, {"model": "contenttypes.contenttype", "pk": 5, "fields": {"app_label": "sessions", "model": "session"}}, {"model": "contenttypes.contenttype", "pk": 6, "fields": {"app_label": "token_blacklist", "model": "blacklistedtoken"}}, {"model": "contenttypes.contenttype", "pk": 7, "fields": {"app_label": "token_blacklist", "model": "outstandingtoken"}}, {"model": "contenttypes.contenttype", "pk": 8, "fields": {"app_label": "oauth2_provider", "model": "application"}}, {"model": "contenttypes.contenttype", "pk": 9, "fields": {"app_label": "oauth2_provider", "model": "accesstoken"}}, {"model": "contenttypes.contenttype", "pk": 10, "fields": {"app_label": "oauth2_provider", "model": "grant"}}, {"model": "contenttypes.contenttype", "pk": 11, "fields": {"app_label": "oauth2_provider", "model": "refreshtoken"}}, {"model": "contenttypes.contenttype", "pk": 12, "fields": {"app_label": "oauth2_provider", "model": "idtoken"}}, {"model": "contenttypes.contenttype", "pk": 13, "fields": {"app_label": "social_django", "model": "association"}}, {"model": "contenttypes.contenttype", "pk": 14, "fields": {"app_label": "social_django", "model": "code"}}, {"model": "contenttypes.contenttype", "pk": 15, "fields": {"app_label": "social_django", "model": "nonce"}}, {"model": "contenttypes.contenttype", "pk": 16, "fields": {"app_label": "social_django", "model": "usersocialauth"}}, {"model": "contenttypes.contenttype", "pk": 17, "fields": {"app_label": "social_django", "model": "partial"}}, {"model": "contenttypes.contenttype", "pk": 18, "fields": {"app_label": "accounts", "model": "customuser"}}, {"model": "contenttypes.contenttype", "pk": 19, "fields": {"app_label": "accounts", "model": "doctorprofile"}}, {"model": "contenttypes.contenttype", "pk": 20, "fields": {"app_label": "appointments", "model": "doctoravailability"}}, {"model": "contenttypes.contenttype", "pk": 21, "fields": {"app_label": "appointments", "model": "appointment"}}, {"model": "contenttypes.contenttype", "pk": 22, "fields": {"app_label": "appointments", "model": "timeslot"}}, {"model": "contenttypes.contenttype", "pk": 23, "fields": {"app_label": "appointments", "model": "timeoff"}}, {"model": "contenttypes.contenttype", "pk": 24, "fields": {"app_label": "appointment", "model": "availabletimeslot"}}, {"model": "contenttypes.contenttype", "pk": 25, "fields": {"app_label": "appointment", "model": "appointment"}}, {"model": "contenttypes.contenttype", "pk": 26, "fields": {"app_label": "appointment", "model": "timeoff"}}, {"model": "contenttypes.contenttype", "pk": 27, "fields": {"app_label": "ehr", "model": "medicalrecord"}}, {"model": "contenttypes.contenttype", "pk": 28, "fields": {"app_label": "ehr", "model": "medicalattachment"}}, {"model": "contenttypes.contenttype", "pk": 29, "fields": {"app_label": "ehr", "model": "medicalrecordaudit"}}, {"model": "contenttypes.contenttype", "pk": 30, "fields": {"app_label": "ehr", "model": "prescription"}}, {"model": "contenttypes.contenttype", "pk": 31, "fields": {"app_label": "communication", "model": "message"}}, {"model": "contenttypes.contenttype", "pk": 32, "fields": {"app_label": "chatbot", "model": "chatmessage"}}, {"model": "contenttypes.contenttype", "pk": 33, "fields": {"app_label": "chatbot", "model": "chatsession"}}, {"model": "contenttypes.contenttype", "pk": 34, "fields": {"app_label": "pharmacy", "model": "medicine"}}, {"model": "contenttypes.contenttype", "pk": 35, "fields": {"app_label": "pharmacy", "model": "order"}}, {"model": "contenttypes.contenttype", "pk": 36, "fields": {"app_label": "pharmacy", "model": "billing"}}, {"model": "contenttypes.contenttype", "pk": 37, "fields": {"app_label": "pharmacy", "model": "ordermedicine"}}, {"model": "contenttypes.contenttype", "pk": 38, "fields": {"app_label": "pharmacy", "model": "stocktransaction"}}, {"model": "contenttypes.contenttype", "pk": 39, "fields": {"app_label": "pharmacy", "model": "auditlog"}}, {"model": "contenttypes.contenttype", "pk": 40, "fields": {"app_label": "pharmacy", "model": "cart"}}, {"model": "contenttypes.contenttype", "pk": 41, "fields": {"app_label": "pharmacy", "model": "cartitem"}}, {"model": "sessions.session", "pk": "3m98kkk8qrmyh7kahx4st3genlxvm2xk", "fields": {"session_data": ".eJxVjDsOwyAQRO9CHSG-XpMyvc-AFhaCkwgkY1dR7h5bcpFUI817M2_mcVuL33pa_EzsyiS7_HYB4zPVA9AD673x2Oq6zIEfCj9p51Oj9Lqd7t9BwV72tXLaaJkGh1FIYVRQWeYQKToHNmuRIpGlMRHCnkoigMIRMojBgibDPl_lCzgD:1u8xY8:YAhnXyofG8JSjTY47gxF2AMUrxzkb1FGwn_XOOuKbo8", "expire_date": "2025-05-11T08:39:44.380Z"}}, {"model": "sessions.session", "pk": "45wjznzn0v5mni38qwysq0j3f6ztl00w", "fields": {"session_data": ".eJxVjDsOwyAQRO9CHSG-XpMyvc-AFhaCkwgkY1dR7h5bcpFUI817M2_mcVuL33pa_EzsyiS7_HYB4zPVA9AD673x2Oq6zIEfCj9p51Oj9Lqd7t9BwV72tXLaaJkGh1FIYVRQWeYQKToHNmuRIpGlMRHCnkoigMIRMojBgibDPl_lCzgD:1u0g6K:wPk1FIrhZrMIs2O6Npvt1HuJP8RSuj7E4hYyUmk1zHs", "expire_date": "2025-04-18T12:24:48.746Z"}}, {"model": "sessions.session", "pk": "4ckhah08uzde3cakpvsxsdb59f3qp05l", "fields": {"session_data": ".eJxVjDsOwyAQRO9CHSG-XpMyvc-AFhaCkwgkY1dR7h5bcpFUI817M2_mcVuL33pa_EzsyiS7_HYB4zPVA9AD673x2Oq6zIEfCj9p51Oj9Lqd7t9BwV72tXLaaJkGh1FIYVRQWeYQKToHNmuRIpGlMRHCnkoigMIRMojBgibDPl_lCzgD:1u0gEv:TnzzG3HzYMo2DWiC75wjRYNoVY6landuiM1SasANOIU", "expire_date": "2025-04-18T12:33:41.494Z"}}, {"model": "sessions.session", "pk": "akyjd5ja4lp5zvuj4qrmz7xxp56ccd2m", "fields": {"session_data": ".eJxVjDsOwyAQRO9CHSG-XpMyvc-AFhaCkwgkY1dR7h5bcpFUI817M2_mcVuL33pa_EzsyiS7_HYB4zPVA9AD673x2Oq6zIEfCj9p51Oj9Lqd7t9BwV72tXLaaJkGh1FIYVRQWeYQKToHNmuRIpGlMRHCnkoigMIRMojBgibDPl_lCzgD:1tw1UA:Q2WEo-n0TMPyx4QJ-xDEZZvbf7IRRA5Vy9UgDi_Qlzo", "expire_date": "2025-04-05T16:14:10.230Z"}}, {"model": "sessions.session", "pk": "i6cexq906tath9ees5r6kfmdoyadk0wh", "fields": {"session_data": ".eJwVjcFqwzAQBf_lXeuEdYJc0L2HQkgvuZUiVO_SLkRrV1kHjMm_V7m-4c1smMVY7SdNlaUiblCXckP83FCEdVSTpIyIAR3-lmyuviL2HRZTT3PVURoNeyI8vjqwXPUudU2ZucqtmWDfbO0857WIeSriv9PT-HE-vZ_fGvHJ8zXlMi3miE3VYaySXTjlNuBAh7CjsOvp0g8xvMYw7I9EfTi-EMVn-PEPoPI_RA:1uDnWQ:T3wYg4ZjskPInyYj5LZqehOAgjEEBce2qoSEf8kzr1E", "expire_date": "2025-05-24T16:57:58.666Z"}}, {"model": "sessions.session", "pk": "kbnzzo7jplw0d2rs59c1n1a1cqxby10c", "fields": {"session_data": ".eJxVjDsOwyAQRO9CHSG-XpMyvc-AFhaCkwgkY1dR7h5bcpFUI817M2_mcVuL33pa_EzsyiS7_HYB4zPVA9AD673x2Oq6zIEfCj9p51Oj9Lqd7t9BwV72tXLaaJkGh1FIYVRQWeYQKToHNmuRIpGlMRHCnkoigMIRMojBgibDPl_lCzgD:1txnbV:TbuwATGWB6gyN24CLXigxoRH2icziO5cQ2_imET4esw", "expire_date": "2025-04-10T13:49:05.883Z"}}, {"model": "sessions.session", "pk": "o9jhpa9g0skgubavhlvzsyv34v0s6y52", "fields": {"session_data": ".eJxVjDsOwyAQRO9CHSG-XpMyvc-AFhaCkwgkY1dR7h5bcpFUI817M2_mcVuL33pa_EzsyiS7_HYB4zPVA9AD673x2Oq6zIEfCj9p51Oj9Lqd7t9BwV72tXLaaJkGh1FIYVRQWeYQKToHNmuRIpGlMRHCnkoigMIRMojBgibDPl_lCzgD:1tzuI2:h834M2S0XMUXfvH_lF0nURU4Fw91Axm4L_x3RNKzSak", "expire_date": "2025-04-16T09:21:42.819Z"}}, {"model": "sessions.session", "pk": "o9n7610tde1yt74tjk4t74x2f35ubphx", "fields": {"session_data": ".eJxVjDsOwyAQRO9CHSG-XpMyvc-AFhaCkwgkY1dR7h5bcpFUI817M2_mcVuL33pa_EzsyiS7_HYB4zPVA9AD673x2Oq6zIEfCj9p51Oj9Lqd7t9BwV72tXLaaJkGh1FIYVRQWeYQKToHNmuRIpGlMRHCnkoigMIRMojBgibDPl_lCzgD:1tvIOC:tYT2rM173VGskwdNxPzwMLvObo7sGy_hMLv6sJ9e7GQ", "expire_date": "2025-04-03T16:05:00.288Z"}}, {"model": "sessions.session", "pk": "sg373pu6fd5ijiycfn4edmro9h9ef98m", "fields": {"session_data": ".eJxVjDsOwyAQRO9CHSG-XpMyvc-AFhaCkwgkY1dR7h5bcpFUI817M2_mcVuL33pa_EzsyiS7_HYB4zPVA9AD673x2Oq6zIEfCj9p51Oj9Lqd7t9BwV72tXLaaJkGh1FIYVRQWeYQKToHNmuRIpGlMRHCnkoigMIRMojBgibDPl_lCzgD:1u17XW:AJivduaUbwJBWwemTrTTRRbIWQfCG0BHcsWwfxH6Pfo", "expire_date": "2025-04-19T17:42:42.405Z"}}, {"model": "sessions.session", "pk": "szjnksrdxieyixobpph86dwbms8enchv", "fields": {"session_data": ".eJxVjDsOwyAQRO9CHSG-XpMyvc-AFhaCkwgkY1dR7h5bcpFUI817M2_mcVuL33pa_EzsyiS7_HYB4zPVA9AD673x2Oq6zIEfCj9p51Oj9Lqd7t9BwV72tXLaaJkGh1FIYVRQWeYQKToHNmuRIpGlMRHCnkoigMIRMojBgibDPl_lCzgD:1u5JzL:rfgqd6CYT7UME-Josx6lT8t1YkIaO8q-jywVs9iTx1k", "expire_date": "2025-05-01T07:48:47.161Z"}}, {"model": "sessions.session", "pk": "t605l4r0u9ucyyfskup4gxoig5267uuq", "fields": {"session_data": ".eJxVjDsOwyAQRO9CHSG-XpMyvc-AFhaCkwgkY1dR7h5bcpFUI817M2_mcVuL33pa_EzsyiS7_HYB4zPVA9AD673x2Oq6zIEfCj9p51Oj9Lqd7t9BwV72tXLaaJkGh1FIYVRQWeYQKToHNmuRIpGlMRHCnkoigMIRMojBgibDPl_lCzgD:1tvuz0:I5pUUZ4aFOtwxHkDD0rksMun5nw_vet9ZeLXRu41Cuw", "expire_date": "2025-04-05T09:17:34.559Z"}}, {"model": "sessions.session", "pk": "tzrrewixxl4yv7oa2ncr64r5vhdz3e6m", "fields": {"session_data": ".eJxVjDsOwyAQRO9CHSG-XpMyvc-AFhaCkwgkY1dR7h5bcpFUI817M2_mcVuL33pa_EzsyiS7_HYB4zPVA9AD673x2Oq6zIEfCj9p51Oj9Lqd7t9BwV72tXLaaJkGh1FIYVRQWeYQKToHNmuRIpGlMRHCnkoigMIRMojBgibDPl_lCzgD:1tzshO:evpmTvA93_2WL8RgAjXwGmjqbc5IPv155dyRef7bi9A", "expire_date": "2025-04-16T07:39:46.028Z"}}, {"model": "token_blacklist.outstandingtoken", "pk": 1, "fields": {"user": 1, "jti": "d38a7fa5290a4e838b09bf0e77b98af3", "token": "eyJhbGciOiJIUzI1NiIsInR5cCI6IkpXVCJ9.eyJ0b2tlbl90eXBlIjoicmVmcmVzaCIsImV4cCI6MTc0MzA5ODYzOSwiaWF0IjoxNzQyNDkzODM5LCJqdGkiOiJkMzhhN2ZhNTI5MGE0ZTgzOGIwOWJmMGU3N2I5OGFmMyIsInVzZXJfaWQiOjF9.7LpK9WVMQC-jrUnZ1bqYMs6biZwrykoctWuHV6B8DqA", "created_at": "2025-03-20T18:03:59.829Z", "expires_at": "2025-03-27T18:03:59Z"}}, {"model": "token_blacklist.outstandingtoken", "pk": 2, "fields": {"user": 1, "jti": "b7330bf165424a80aefe9544751fab48", "token": "eyJhbGciOiJIUzI1NiIsInR5cCI6IkpXVCJ9.eyJ0b2tlbl90eXBlIjoicmVmcmVzaCIsImV4cCI6MTc0MzA5ODY5NiwiaWF0IjoxNzQyNDkzODk2LCJqdGkiOiJiNzMzMGJmMTY1NDI0YTgwYWVmZTk1NDQ3NTFmYWI0OCIsInVzZXJfaWQiOjF9.yg0V-aGZmh0qMKe4n95RF0TM1S7JxLsXGBoV05cUFeM", "created_at": "2025-03-20T18:04:56.550Z", "expires_at": "2025-03-27T18:04:56Z"}}, {"model": "token_blacklist.outstandingtoken", "pk": 3, "fields": {"user": 2, "jti": "a2397b2a03bf4567b8e1032edf22e20d", "token": "eyJhbGciOiJIUzI1NiIsInR5cCI6IkpXVCJ9.eyJ0b2tlbl90eXBlIjoicmVmcmVzaCIsImV4cCI6MTc0MzA5OTQ2MiwiaWF0IjoxNzQyNDk0NjYyLCJqdGkiOiJhMjM5N2IyYTAzYmY0NTY3YjhlMTAzMmVkZjIyZTIwZCIsInVzZXJfaWQiOjJ9.8G5J0WlI0muiVZhXA1Z33T-CGgLKuneXSyC36ZN7ZpU", "created_at": "2025-03-20T18:17:42.438Z", "expires_at": "2025-03-27T18:17:42Z"}}, {"model": "token_blacklist.outstandingtoken", "pk": 4, "fields": {"user": 1, "jti": "e569e873e6da44e88b86cf68fa2480f2", "token": "eyJhbGciOiJIUzI1NiIsInR5cCI6IkpXVCJ9.eyJ0b2tlbl90eXBlIjoicmVmcmVzaCIsImV4cCI6MTc0MzA5OTg3NywiaWF0IjoxNzQyNDk1MDc3LCJqdGkiOiJlNTY5ZTg3M2U2ZGE0NGU4OGI4NmNmNjhmYTI0ODBmMiIsInVzZXJfaWQiOjF9.Fd_WDjgP99o1NxqS9QyjiEMjF7wAKFk_i5ls_s50G7Y", "created_at": "2025-03-20T18:24:37.917Z", "expires_at": "2025-03-27T18:24:37Z"}}, {"model": "token_blacklist.outstandingtoken", "pk": 5, "fields": {"user": 4, "jti": "d2de5dd86b0b4eea90e16c1dd30a7ae2", "token": "eyJhbGciOiJIUzI1NiIsInR5cCI6IkpXVCJ9.eyJ0b2tlbl90eXBlIjoicmVmcmVzaCIsImV4cCI6MTc0MzEwMTM4MCwiaWF0IjoxNzQyNDk2NTgwLCJqdGkiOiJkMmRlNWRkODZiMGI0ZWVhOTBlMTZjMWRkMzBhN2FlMiIsInVzZXJfaWQiOjR9.gDT3bfu7MuoQ9GQ-Z356Ng6-IxBRnzWsYBZ3pYe_zi0", "created_at": "2025-03-20T18:49:40.481Z", "expires_at": "2025-03-27T18:49:40Z"}}, {"model": "token_blacklist.outstandingtoken", "pk": 6, "fields": {"user": 1, "jti": "af194ea29a1f4bff859d60087accf93f", "token": "eyJhbGciOiJIUzI1NiIsInR5cCI6IkpXVCJ9.eyJ0b2tlbl90eXBlIjoicmVmcmVzaCIsImV4cCI6MTc0MzEwMTU0MiwiaWF0IjoxNzQyNDk2NzQyLCJqdGkiOiJhZjE5NGVhMjlhMWY0YmZmODU5ZDYwMDg3YWNjZjkzZiIsInVzZXJfaWQiOjF9.Cu3TVzmQCBgroWBCLx28pE29Jp2sXwFK-X4q42We2QU", "created_at": "2025-03-20T18:52:22.792Z", "expires_at": "2025-03-27T18:52:22Z"}}, {"model": "token_blacklist.outstandingtoken", "pk": 7, "fields": {"user": 5, "jti": "81a994bab13745c1a33ea92a62faa210", "token": "eyJhbGciOiJIUzI1NiIsInR5cCI6IkpXVCJ9.eyJ0b2tlbl90eXBlIjoicmVmcmVzaCIsImV4cCI6MTc0MzEwMTc3MywiaWF0IjoxNzQyNDk2OTczLCJqdGkiOiI4MWE5OTRiYWIxMzc0NWMxYTMzZWE5MmE2MmZhYTIxMCIsInVzZXJfaWQiOjV9.k_bCtqYk30XwBCdy5KLXlcBA3hgEau0Nffxo4JsUrTM", "created_at": "2025-03-20T18:56:13.269Z", "expires_at": "2025-03-27T18:56:13Z"}}, {"model": "token_blacklist.outstandingtoken", "pk": 8, "fields": {"user": 1, "jti": "dc98f2d252e641fba604ce99c03c1168", "token": "eyJhbGciOiJIUzI1NiIsInR5cCI6IkpXVCJ9.eyJ0b2tlbl90eXBlIjoicmVmcmVzaCIsImV4cCI6MTc0MzEwMTkwNiwiaWF0IjoxNzQyNDk3MTA2LCJqdGkiOiJkYzk4ZjJkMjUyZTY0MWZiYTYwNGNlOTljMDNjMTE2OCIsInVzZXJfaWQiOjF9.5TqFQnGb-ejPrbs1eEV2yUwo3dVq0pUDSTChu3EF2bc", "created_at": "2025-03-20T18:58:26.435Z", "expires_at": "2025-03-27T18:58:26Z"}}, {"model": "token_blacklist.outstandingtoken", "pk": 9, "fields": {"user": 1, "jti": "9de0ca535c0142b28340c8436b631019", "token": "eyJhbGciOiJIUzI1NiIsInR5cCI6IkpXVCJ9.eyJ0b2tlbl90eXBlIjoicmVmcmVzaCIsImV4cCI6MTc0MzE1ODAyNSwiaWF0IjoxNzQyNTUzMjI1LCJqdGkiOiI5ZGUwY2E1MzVjMDE0MmIyODM0MGM4NDM2YjYzMTAxOSIsInVzZXJfaWQiOjF9.-Coej0TirjTZVEjej1ye5ICDdAn4FriaiIidsYBmJAU", "created_at": "2025-03-21T10:33:45.849Z", "expires_at": "2025-03-28T10:33:45Z"}}, {"model": "token_blacklist.outstandingtoken", "pk": 10, "fields": {"user": 1, "jti": "ca02d2c6fb744c169a49954355dc9a70", "token": "eyJhbGciOiJIUzI1NiIsInR5cCI6IkpXVCJ9.eyJ0b2tlbl90eXBlIjoicmVmcmVzaCIsImV4cCI6MTc0MzE1ODE5NSwiaWF0IjoxNzQyNTUzMzk1LCJqdGkiOiJjYTAyZDJjNmZiNzQ0YzE2OWE0OTk1NDM1NWRjOWE3MCIsInVzZXJfaWQiOjF9.caB7iuFCcDgAyWIZHtzBFIcR0TbUSoRNPjHMQaRPup4", "created_at": "2025-03-21T10:36:35.319Z", "expires_at": "2025-03-28T10:36:35Z"}}, {"model": "token_blacklist.outstandingtoken", "pk": 11, "fields": {"user": 1, "jti": "0f9c7c51b91f4ec09706066835b2f199", "token": "eyJhbGciOiJIUzI1NiIsInR5cCI6IkpXVCJ9.eyJ0b2tlbl90eXBlIjoicmVmcmVzaCIsImV4cCI6MTc0MzE1ODMyNywiaWF0IjoxNzQyNTUzNTI3LCJqdGkiOiIwZjljN2M1MWI5MWY0ZWMwOTcwNjA2NjgzNWIyZjE5OSIsInVzZXJfaWQiOjF9.3qgLUavUoII9-fM94EPvQivEOAf-111y-JC-u62K76w", "created_at": "2025-03-21T10:38:47.865Z", "expires_at": "2025-03-28T10:38:47Z"}}, {"model": "token_blacklist.outstandingtoken", "pk": 12, "fields": {"user": 1, "jti": "84f8b8ddcdc64b52877129ec9806a6ae", "token": "eyJhbGciOiJIUzI1NiIsInR5cCI6IkpXVCJ9.eyJ0b2tlbl90eXBlIjoicmVmcmVzaCIsImV4cCI6MTc0MzE1ODQxMSwiaWF0IjoxNzQyNTUzNjExLCJqdGkiOiI4NGY4YjhkZGNkYzY0YjUyODc3MTI5ZWM5ODA2YTZhZSIsInVzZXJfaWQiOjF9.dolKSqF6UQ8dPheFLQpWF7goP7JwmbRw4g7ypFaXah4", "created_at": "2025-03-21T10:40:11.032Z", "expires_at": "2025-03-28T10:40:11Z"}}, {"model": "token_blacklist.outstandingtoken", "pk": 13, "fields": {"user": 1, "jti": "b96de69d1f7944eca989298cf8f632b3", "token": "eyJhbGciOiJIUzI1NiIsInR5cCI6IkpXVCJ9.eyJ0b2tlbl90eXBlIjoicmVmcmVzaCIsImV4cCI6MTc0MzI2OTIxOCwiaWF0IjoxNzQyNjY0NDE4LCJqdGkiOiJiOTZkZTY5ZDFmNzk0NGVjYTk4OTI5OGNmOGY2MzJiMyIsInVzZXJfaWQiOjF9.OdjyBkIZWJrm9B5ME3bxP1ojIi8aCSjbNsZPEGjv8x4", "created_at": "2025-03-22T17:26:58.829Z", "expires_at": "2025-03-29T17:26:58Z"}}, {"model": "token_blacklist.outstandingtoken", "pk": 14, "fields": {"user": 6, "jti": "91e36f0b086d41269024ca6acf09f711", "token": "eyJhbGciOiJIUzI1NiIsInR5cCI6IkpXVCJ9.eyJ0b2tlbl90eXBlIjoicmVmcmVzaCIsImV4cCI6MTc0MzMyMzEyNywiaWF0IjoxNzQyNzE4MzI3LCJqdGkiOiI5MWUzNmYwYjA4NmQ0MTI2OTAyNGNhNmFjZjA5ZjcxMSIsInVzZXJfaWQiOjZ9.NRXOLEHz_mxOmjLrxKOoYaUH5ksTn5o2bF46pDyAC7Q", "created_at": "2025-03-23T08:25:27.621Z", "expires_at": "2025-03-30T08:25:27Z"}}, {"model": "token_blacklist.outstandingtoken", "pk": 15, "fields": {"user": 1, "jti": "f128285bf1f74f4fb678b9d577437d3a", "token": "eyJhbGciOiJIUzI1NiIsInR5cCI6IkpXVCJ9.eyJ0b2tlbl90eXBlIjoicmVmcmVzaCIsImV4cCI6MTc0MzMyMzE5MCwiaWF0IjoxNzQyNzE4MzkwLCJqdGkiOiJmMTI4Mjg1YmYxZjc0ZjRmYjY3OGI5ZDU3NzQzN2QzYSIsInVzZXJfaWQiOjF9.Yc_WD5iDxEj6iT_HnyHJDRM6kDzuXZW_xVMtVMGWLCk", "created_at": "2025-03-23T08:26:30.879Z", "expires_at": "2025-03-30T08:26:30Z"}}, {"model": "token_blacklist.outstandingtoken", "pk": 16, "fields": {"user": 1, "jti": "d756f6f033f443ddad51b70eb29d0c38", "token": "eyJhbGciOiJIUzI1NiIsInR5cCI6IkpXVCJ9.eyJ0b2tlbl90eXBlIjoicmVmcmVzaCIsImV4cCI6MTc0MzMyMzI0NiwiaWF0IjoxNzQyNzE4NDQ2LCJqdGkiOiJkNzU2ZjZmMDMzZjQ0M2RkYWQ1MWI3MGViMjlkMGMzOCIsInVzZXJfaWQiOjF9.nZeqUEuC7k81DnnBH6U2YhU0foXOZyyd6mORnfrO2w0", "created_at": "2025-03-23T08:27:26.051Z", "expires_at": "2025-03-30T08:27:26Z"}}, {"model": "token_blacklist.outstandingtoken", "pk": 17, "fields": {"user": 1, "jti": "1f9c4d77abf944809c43b8e92562dcaf", "token": "eyJhbGciOiJIUzI1NiIsInR5cCI6IkpXVCJ9.eyJ0b2tlbl90eXBlIjoicmVmcmVzaCIsImV4cCI6MTc0MzMyOTcwNiwiaWF0IjoxNzQyNzI0OTA2LCJqdGkiOiIxZjljNGQ3N2FiZjk0NDgwOWM0M2I4ZTkyNTYyZGNhZiIsInVzZXJfaWQiOjF9.fscFRP5Nm2dL1GpXgR5pprJs8Pf7EEyVov2Y56wI09k", "created_at": "2025-03-23T10:15:06.272Z", "expires_at": "2025-03-30T10:15:06Z"}}, {"model": "token_blacklist.outstandingtoken", "pk": 18, "fields": {"user": 6, "jti": "a6bb17b55a4c4413b6ecf5418af72340", "token": "eyJhbGciOiJIUzI1NiIsInR5cCI6IkpXVCJ9.eyJ0b2tlbl90eXBlIjoicmVmcmVzaCIsImV4cCI6MTc0MzMyOTc1MCwiaWF0IjoxNzQyNzI0OTUwLCJqdGkiOiJhNmJiMTdiNTVhNGM0NDEzYjZlY2Y1NDE4YWY3MjM0MCIsInVzZXJfaWQiOjZ9.-Mk3fesJ6ONdDLK2yrp8kUgHpYj4ZHNBrha4ukjGsn0", "created_at": "2025-03-23T10:15:50.104Z", "expires_at": "2025-03-30T10:15:50Z"}}, {"model": "token_blacklist.outstandingtoken", "pk": 19, "fields": {"user": 7, "jti": "ca7d9dadef9f4ad798f3edb7cc4490ea", "token": "eyJhbGciOiJIUzI1NiIsInR5cCI6IkpXVCJ9.eyJ0b2tlbl90eXBlIjoicmVmcmVzaCIsImV4cCI6MTc0MzM5NDU4MSwiaWF0IjoxNzQyNzg5NzgxLCJqdGkiOiJjYTdkOWRhZGVmOWY0YWQ3OThmM2VkYjdjYzQ0OTBlYSIsInVzZXJfaWQiOjd9.azMn0H76Y4NKNeXjdto2nKGTtMb9BlThWdpn6iwn3Tw", "created_at": "2025-03-24T04:16:21.599Z", "expires_at": "2025-03-31T04:16:21Z"}}, {"model": "token_blacklist.outstandingtoken", "pk": 20, "fields": {"user": 1, "jti": "aba9e521fce747a696102e708755ed7a", "token": "eyJhbGciOiJIUzI1NiIsInR5cCI6IkpXVCJ9.eyJ0b2tlbl90eXBlIjoicmVmcmVzaCIsImV4cCI6MTc0MzM5NDYwMSwiaWF0IjoxNzQyNzg5ODAxLCJqdGkiOiJhYmE5ZTUyMWZjZTc0N2E2OTYxMDJlNzA4NzU1ZWQ3YSIsInVzZXJfaWQiOjF9._jd8cExKMVHnfXzUVpn3HCjpNIVYaBuBNlAeWufaZFs", "created_at": "2025-03-24T04:16:41.918Z", "expires_at": "2025-03-31T04:16:41Z"}}, {"model": "token_blacklist.outstandingtoken", "pk": 21, "fields": {"user": 7, "jti": "e7eb2792d34c4ac8a09df3fb871287b8", "token": "eyJhbGciOiJIUzI1NiIsInR5cCI6IkpXVCJ9.eyJ0b2tlbl90eXBlIjoicmVmcmVzaCIsImV4cCI6MTc0MzM5NTM1MCwiaWF0IjoxNzQyNzkwNTUwLCJqdGkiOiJlN2ViMjc5MmQzNGM0YWM4YTA5ZGYzZmI4NzEyODdiOCIsInVzZXJfaWQiOjd9.gRE0U_B-KkIjwixuMNG-7rReSO-9kRReakIk1I3tq0A", "created_at": "2025-03-24T04:29:10.276Z", "expires_at": "2025-03-31T04:29:10Z"}}, {"model": "token_blacklist.outstandingtoken", "pk": 22, "fields": {"user": 1, "jti": "6647b1060ea7456ab968c0e05fa6f048", "token": "eyJhbGciOiJIUzI1NiIsInR5cCI6IkpXVCJ9.eyJ0b2tlbl90eXBlIjoicmVmcmVzaCIsImV4cCI6MTc0MzM5NTM3MywiaWF0IjoxNzQyNzkwNTczLCJqdGkiOiI2NjQ3YjEwNjBlYTc0NTZhYjk2OGMwZTA1ZmE2ZjA0OCIsInVzZXJfaWQiOjF9.D2--j_GM9rZsZjVtwYNQKqGX4Up-53LEx-cGX6Y6ZkY", "created_at": "2025-03-24T04:29:33.257Z", "expires_at": "2025-03-31T04:29:33Z"}}, {"model": "token_blacklist.outstandingtoken", "pk": 23, "fields": {"user": 1, "jti": "db2bc274b44840fca9fc333a8daee80c", "token": "eyJhbGciOiJIUzI1NiIsInR5cCI6IkpXVCJ9.eyJ0b2tlbl90eXBlIjoicmVmcmVzaCIsImV4cCI6MTc0MzM5NTczNywiaWF0IjoxNzQyNzkwOTM3LCJqdGkiOiJkYjJiYzI3NGI0NDg0MGZjYTlmYzMzM2E4ZGFlZTgwYyIsInVzZXJfaWQiOjF9.u-FUXGP7__a09pM_2WG0gZAy4Y3m3e_xp9RyqlOmFug", "created_at": "2025-03-24T04:35:37.942Z", "expires_at": "2025-03-31T04:35:37Z"}}, {"model": "token_blacklist.outstandingtoken", "pk": 24, "fields": {"user": 1, "jti": "5fe9b9ec04c54814ade1fa1926f149f0", "token": "eyJhbGciOiJIUzI1NiIsInR5cCI6IkpXVCJ9.eyJ0b2tlbl90eXBlIjoicmVmcmVzaCIsImV4cCI6MTc0MzM5NTc0MSwiaWF0IjoxNzQyNzkwOTQxLCJqdGkiOiI1ZmU5YjllYzA0YzU0ODE0YWRlMWZhMTkyNmYxNDlmMCIsInVzZXJfaWQiOjF9.Hd6sYJIXaDRpCMp4b-5lFSxcrHw4kTpYHXy0ml2S-a4", "created_at": "2025-03-24T04:35:41.093Z", "expires_at": "2025-03-31T04:35:41Z"}}, {"model": "token_blacklist.outstandingtoken", "pk": 25, "fields": {"user": 7, "jti": "c250c8ac29524353b24e139ad4a8a7b7", "token": "eyJhbGciOiJIUzI1NiIsInR5cCI6IkpXVCJ9.eyJ0b2tlbl90eXBlIjoicmVmcmVzaCIsImV4cCI6MTc0MzM5NTc2OSwiaWF0IjoxNzQyNzkwOTY5LCJqdGkiOiJjMjUwYzhhYzI5NTI0MzUzYjI0ZTEzOWFkNGE4YTdiNyIsInVzZXJfaWQiOjd9.iIFEGrNxGgCz9bZbQTtYP9gbzSp2kigB9Q3ynei3Cz4", "created_at": "2025-03-24T04:36:09.301Z", "expires_at": "2025-03-31T04:36:09Z"}}, {"model": "token_blacklist.outstandingtoken", "pk": 26, "fields": {"user": 7, "jti": "3e6c1d46f6014e00b3670301fecdb4e6", "token": "eyJhbGciOiJIUzI1NiIsInR5cCI6IkpXVCJ9.eyJ0b2tlbl90eXBlIjoicmVmcmVzaCIsImV4cCI6MTc0MzM5NTc3MywiaWF0IjoxNzQyNzkwOTczLCJqdGkiOiIzZTZjMWQ0NmY2MDE0ZTAwYjM2NzAzMDFmZWNkYjRlNiIsInVzZXJfaWQiOjd9.HCRbEOk2UlAktKGB6bqZKKRj2HT4ReoErsFM_k-CeiI", "created_at": "2025-03-24T04:36:13.558Z", "expires_at": "2025-03-31T04:36:13Z"}}, {"model": "token_blacklist.outstandingtoken", "pk": 27, "fields": {"user": 1, "jti": "160aaf6b49b541cd874fa852e1f590bc", "token": "eyJhbGciOiJIUzI1NiIsInR5cCI6IkpXVCJ9.eyJ0b2tlbl90eXBlIjoicmVmcmVzaCIsImV4cCI6MTc0MzM5NTgzNiwiaWF0IjoxNzQyNzkxMDM2LCJqdGkiOiIxNjBhYWY2YjQ5YjU0MWNkODc0ZmE4NTJlMWY1OTBiYyIsInVzZXJfaWQiOjF9.KteQQGdexzgfYgkQTAymrY7dkEDkGnpR0yj4GJTvCac", "created_at": "2025-03-24T04:37:16.655Z", "expires_at": "2025-03-31T04:37:16Z"}}, {"model": "token_blacklist.outstandingtoken", "pk": 28, "fields": {"user": 1, "jti": "2c1cb2ce3e234e56b024400d77776b30", "token": "eyJhbGciOiJIUzI1NiIsInR5cCI6IkpXVCJ9.eyJ0b2tlbl90eXBlIjoicmVmcmVzaCIsImV4cCI6MTc0MzM5NTkyNCwiaWF0IjoxNzQyNzkxMTI0LCJqdGkiOiIyYzFjYjJjZTNlMjM0ZTU2YjAyNDQwMGQ3Nzc3NmIzMCIsInVzZXJfaWQiOjF9.AwFtkV2X6gj5kY9x8MhL54nHsqHmy3X9ycSadFfOIYM", "created_at": "2025-03-24T04:38:44.545Z", "expires_at": "2025-03-31T04:38:44Z"}}, {"model": "token_blacklist.outstandingtoken", "pk": 29, "fields": {"user": 7, "jti": "e443674186064bc1b1cda9d4816dfbff", "token": "eyJhbGciOiJIUzI1NiIsInR5cCI6IkpXVCJ9.eyJ0b2tlbl90eXBlIjoicmVmcmVzaCIsImV4cCI6MTc0MzQyNTg5NiwiaWF0IjoxNzQyODIxMDk2LCJqdGkiOiJlNDQzNjc0MTg2MDY0YmMxYjFjZGE5ZDQ4MTZkZmJmZiIsInVzZXJfaWQiOjd9.j7SeRqXWGR7BMeADVd-taucgV1_JfUNhbJNRsMXOFSk", "created_at": "2025-03-24T12:58:16.599Z", "expires_at": "2025-03-31T12:58:16Z"}}, {"model": "token_blacklist.outstandingtoken", "pk": 30, "fields": {"user": 1, "jti": "0b7bf0adef1b4e5fb1b2290cc46d3716", "token": "eyJhbGciOiJIUzI1NiIsInR5cCI6IkpXVCJ9.eyJ0b2tlbl90eXBlIjoicmVmcmVzaCIsImV4cCI6MTc0MzQyNjQ5MywiaWF0IjoxNzQyODIxNjkzLCJqdGkiOiIwYjdiZjBhZGVmMWI0ZTVmYjFiMjI5MGNjNDZkMzcxNiIsInVzZXJfaWQiOjF9.MGWan91xs7bNrBPG6dPfLok2sUz6DC2TKQ5yNbH4pPE", "created_at": "2025-03-24T13:08:13.601Z", "expires_at": "2025-03-31T13:08:13Z"}}, {"model": "token_blacklist.outstandingtoken", "pk": 31, "fields": {"user": 1, "jti": "575d0fd36af04905aa42ff42c42fac96", "token": "eyJhbGciOiJIUzI1NiIsInR5cCI6IkpXVCJ9.eyJ0b2tlbl90eXBlIjoicmVmcmVzaCIsImV4cCI6MTc0MzQyODAwMSwiaWF0IjoxNzQyODIzMjAxLCJqdGkiOiI1NzVkMGZkMzZhZjA0OTA1YWE0MmZmNDJjNDJmYWM5NiIsInVzZXJfaWQiOjF9.dGx_l98ejyF9P0FWiAwM9m_F_K02UOi3ZJ4Jxnw9Hbg", "created_at": "2025-03-24T13:33:21.608Z", "expires_at": "2025-03-31T13:33:21Z"}}, {"model": "token_blacklist.outstandingtoken", "pk": 32, "fields": {"user": 7, "jti": "efaafd678ba142ab8ccaee4319da9e06", "token": "eyJhbGciOiJIUzI1NiIsInR5cCI6IkpXVCJ9.eyJ0b2tlbl90eXBlIjoicmVmcmVzaCIsImV4cCI6MTc0MzQyODAxOSwiaWF0IjoxNzQyODIzMjE5LCJqdGkiOiJlZmFhZmQ2NzhiYTE0MmFiOGNjYWVlNDMxOWRhOWUwNiIsInVzZXJfaWQiOjd9.4lkT0jCksJSZFy7PQ9D-45PgSs2lSm_1Tx5E_NJsiy0", "created_at": "2025-03-24T13:33:39.162Z", "expires_at": "2025-03-31T13:33:39Z"}}, {"model": "token_blacklist.outstandingtoken", "pk": 33, "fields": {"user": 7, "jti": "7938574fb2d947efbcbf70d566fb3216", "token": "eyJhbGciOiJIUzI1NiIsInR5cCI6IkpXVCJ9.eyJ0b2tlbl90eXBlIjoicmVmcmVzaCIsImV4cCI6MTc0MzQzMzE2MSwiaWF0IjoxNzQyODI4MzYxLCJqdGkiOiI3OTM4NTc0ZmIyZDk0N2VmYmNiZjcwZDU2NmZiMzIxNiIsInVzZXJfaWQiOjd9.ORYOOyoaLI2NK3eU2Dbi4WsHCTTsLKMQabn1gLUeOO4", "created_at": "2025-03-24T14:59:21.817Z", "expires_at": "2025-03-31T14:59:21Z"}}, {"model": "token_blacklist.outstandingtoken", "pk": 34, "fields": {"user": 1, "jti": "4221ce5b4d34447b92a911ad6b3baf03", "token": "eyJhbGciOiJIUzI1NiIsInR5cCI6IkpXVCJ9.eyJ0b2tlbl90eXBlIjoicmVmcmVzaCIsImV4cCI6MTc0MzQzMzE4NCwiaWF0IjoxNzQyODI4Mzg0LCJqdGkiOiI0MjIxY2U1YjRkMzQ0NDdiOTJhOTExYWQ2YjNiYWYwMyIsInVzZXJfaWQiOjF9.6hJGXGyz9PEkas8UVApHKWQT3M6Br9_HFcOJvas2Vqs", "created_at": "2025-03-24T14:59:44.818Z", "expires_at": "2025-03-31T14:59:44Z"}}, {"model": "token_blacklist.outstandingtoken", "pk": 35, "fields": {"user": 7, "jti": "3258955aed5a4ee8af7a6e689e2d7933", "token": "eyJhbGciOiJIUzI1NiIsInR5cCI6IkpXVCJ9.eyJ0b2tlbl90eXBlIjoicmVmcmVzaCIsImV4cCI6MTc0MzQzNzQ4MiwiaWF0IjoxNzQyODMyNjgyLCJqdGkiOiIzMjU4OTU1YWVkNWE0ZWU4YWY3YTZlNjg5ZTJkNzkzMyIsInVzZXJfaWQiOjd9.ODCK6fERF_9wOzpzObpzOyGTKh_gdHDwI06fD4gQe-w", "created_at": "2025-03-24T16:11:22.458Z", "expires_at": "2025-03-31T16:11:22Z"}}, {"model": "token_blacklist.outstandingtoken", "pk": 36, "fields": {"user": 1, "jti": "cdfdeac3901748a1be734c72efc9dd8b", "token": "eyJhbGciOiJIUzI1NiIsInR5cCI6IkpXVCJ9.eyJ0b2tlbl90eXBlIjoicmVmcmVzaCIsImV4cCI6MTc0MzQzODM0OCwiaWF0IjoxNzQyODMzNTQ4LCJqdGkiOiJjZGZkZWFjMzkwMTc0OGExYmU3MzRjNzJlZmM5ZGQ4YiIsInVzZXJfaWQiOjF9.rnEE8QG2j9L4O5ih2Gomc8K5ARyT4rx96YLet7rULi4", "created_at": "2025-03-24T16:25:48.484Z", "expires_at": "2025-03-31T16:25:48Z"}}, {"model": "token_blacklist.outstandingtoken", "pk": 37, "fields": {"user": 7, "jti": "cfb1f7cb808e4b87bb22d4eed19e6770", "token": "eyJhbGciOiJIUzI1NiIsInR5cCI6IkpXVCJ9.eyJ0b2tlbl90eXBlIjoicmVmcmVzaCIsImV4cCI6MTc0MzQzODY3MCwiaWF0IjoxNzQyODMzODcwLCJqdGkiOiJjZmIxZjdjYjgwOGU0Yjg3YmIyMmQ0ZWVkMTllNjc3MCIsInVzZXJfaWQiOjd9.Kg9ZNquZyn0MmAt9ymnxJvW3wlp0DeaW_NukGm3P1KI", "created_at": "2025-03-24T16:31:10.308Z", "expires_at": "2025-03-31T16:31:10Z"}}, {"model": "token_blacklist.outstandingtoken", "pk": 38, "fields": {"user": 1, "jti": "2984eefd062a4e738683c59d9366be09", "token": "eyJhbGciOiJIUzI1NiIsInR5cCI6IkpXVCJ9.eyJ0b2tlbl90eXBlIjoicmVmcmVzaCIsImV4cCI6MTc0MzQzODcwMywiaWF0IjoxNzQyODMzOTAzLCJqdGkiOiIyOTg0ZWVmZDA2MmE0ZTczODY4M2M1OWQ5MzY2YmUwOSIsInVzZXJfaWQiOjF9.pdAEODPn6QKuLSEQFX9hwVi6TPaO0NnDGXY1UTQVEww", "created_at": "2025-03-24T16:31:43.234Z", "expires_at": "2025-03-31T16:31:43Z"}}, {"model": "token_blacklist.outstandingtoken", "pk": 39, "fields": {"user": 11, "jti": "52b54d2bddd64287a1b31b6b6b1c8a1e", "token": "eyJhbGciOiJIUzI1NiIsInR5cCI6IkpXVCJ9.eyJ0b2tlbl90eXBlIjoicmVmcmVzaCIsImV4cCI6MTc0MzQ0MTg2MiwiaWF0IjoxNzQyODM3MDYyLCJqdGkiOiI1MmI1NGQyYmRkZDY0Mjg3YTFiMzFiNmI2YjFjOGExZSIsInVzZXJfaWQiOjExfQ.k00iAONSj2-DUgHPswBPJnEd2-SmAB_QR9lP7mB0DJY", "created_at": "2025-03-24T17:24:22.988Z", "expires_at": "2025-03-31T17:24:22Z"}}, {"model": "token_blacklist.outstandingtoken", "pk": 40, "fields": {"user": 1, "jti": "eef5413fc38f4caca9ee81a60460e581", "token": "eyJhbGciOiJIUzI1NiIsInR5cCI6IkpXVCJ9.eyJ0b2tlbl90eXBlIjoicmVmcmVzaCIsImV4cCI6MTc0MzQ0MTg5MSwiaWF0IjoxNzQyODM3MDkxLCJqdGkiOiJlZWY1NDEzZmMzOGY0Y2FjYTllZTgxYTYwNDYwZTU4MSIsInVzZXJfaWQiOjF9.nh9TGdYlJ-py_MjtBEutwPUZgxdskxmI0NlWlraxYyc", "created_at": "2025-03-24T17:24:51.817Z", "expires_at": "2025-03-31T17:24:51Z"}}, {"model": "token_blacklist.outstandingtoken", "pk": 41, "fields": {"user": 1, "jti": "49140d70f2d64909bbc35aeb649d4cb2", "token": "eyJhbGciOiJIUzI1NiIsInR5cCI6IkpXVCJ9.eyJ0b2tlbl90eXBlIjoicmVmcmVzaCIsImV4cCI6MTc0MzQ0NjA3MywiaWF0IjoxNzQyODQxMjczLCJqdGkiOiI0OTE0MGQ3MGYyZDY0OTA5YmJjMzVhZWI2NDlkNGNiMiIsInVzZXJfaWQiOjF9.6zAN5If-2ty3r4TkjxmL-0LgVqXK-zyl-E7yRL96Ml4", "created_at": "2025-03-24T18:34:33.738Z", "expires_at": "2025-03-31T18:34:33Z"}}, {"model": "token_blacklist.outstandingtoken", "pk": 42, "fields": {"user": 1, "jti": "b80a401ca27b48619fd8e0c63cea34eb", "token": "eyJhbGciOiJIUzI1NiIsInR5cCI6IkpXVCJ9.eyJ0b2tlbl90eXBlIjoicmVmcmVzaCIsImV4cCI6MTc0MzQ0NjM5NywiaWF0IjoxNzQyODQxNTk3LCJqdGkiOiJiODBhNDAxY2EyN2I0ODYxOWZkOGUwYzYzY2VhMzRlYiIsInVzZXJfaWQiOjF9.8mDvbFV8Mhz2IOQQ4H-ZHazs0WZyTEVrQUF-W928_jE", "created_at": "2025-03-24T18:39:57.332Z", "expires_at": "2025-03-31T18:39:57Z"}}, {"model": "token_blacklist.outstandingtoken", "pk": 43, "fields": {"user": 1, "jti": "d4ce2eaf9fd64356b5dfafaae3e35b01", "token": "eyJhbGciOiJIUzI1NiIsInR5cCI6IkpXVCJ9.eyJ0b2tlbl90eXBlIjoicmVmcmVzaCIsImV4cCI6MTc0MzQ3NTc1NCwiaWF0IjoxNzQyODcwOTU0LCJqdGkiOiJkNGNlMmVhZjlmZDY0MzU2YjVkZmFmYWFlM2UzNWIwMSIsInVzZXJfaWQiOjF9.QnYxxDDtxaVuVjNKdEB4Zg-h-XuDHvLmjd3gB1WkSEw", "created_at": "2025-03-25T02:49:14.234Z", "expires_at": "2025-04-01T02:49:14Z"}}, {"model": "token_blacklist.outstandingtoken", "pk": 44, "fields": {"user": 12, "jti": "943b322e8a11478da14f61f8b5fdca02", "token": "eyJhbGciOiJIUzI1NiIsInR5cCI6IkpXVCJ9.eyJ0b2tlbl90eXBlIjoicmVmcmVzaCIsImV4cCI6MTc0MzQ3NTgxMSwiaWF0IjoxNzQyODcxMDExLCJqdGkiOiI5NDNiMzIyZThhMTE0NzhkYTE0ZjYxZjhiNWZkY2EwMiIsInVzZXJfaWQiOjEyfQ.ftMIfqZgLg3pmYaFXGGSlYDgrH-imFlSoyGuEQnpXf8", "created_at": "2025-03-25T02:50:11.963Z", "expires_at": "2025-04-01T02:50:11Z"}}, {"model": "token_blacklist.outstandingtoken", "pk": 45, "fields": {"user": 1, "jti": "df4c784055ed4d44883afe76d9cab098", "token": "eyJhbGciOiJIUzI1NiIsInR5cCI6IkpXVCJ9.eyJ0b2tlbl90eXBlIjoicmVmcmVzaCIsImV4cCI6MTc0MzQ3NTg3NywiaWF0IjoxNzQyODcxMDc3LCJqdGkiOiJkZjRjNzg0MDU1ZWQ0ZDQ0ODgzYWZlNzZkOWNhYjA5OCIsInVzZXJfaWQiOjF9.wGwFyjnqYyFoQCMhAuTHxwZ8XeVpdyzJ9NtDJNlmaSY", "created_at": "2025-03-25T02:51:17.343Z", "expires_at": "2025-04-01T02:51:17Z"}}, {"model": "token_blacklist.outstandingtoken", "pk": 46, "fields": {"user": 13, "jti": "ee42a87a4d4440e78f3e6a62fa46421f", "token": "eyJhbGciOiJIUzI1NiIsInR5cCI6IkpXVCJ9.eyJ0b2tlbl90eXBlIjoicmVmcmVzaCIsImV4cCI6MTc0MzQ3NjI2MCwiaWF0IjoxNzQyODcxNDYwLCJqdGkiOiJlZTQyYTg3YTRkNDQ0MGU3OGYzZTZhNjJmYTQ2NDIxZiIsInVzZXJfaWQiOjEzfQ.3GpkXznir0LxAdjf6XIzkvban4IGJha5m-e8iA5DRa4", "created_at": "2025-03-25T02:57:40.880Z", "expires_at": "2025-04-01T02:57:40Z"}}, {"model": "token_blacklist.outstandingtoken", "pk": 47, "fields": {"user": 12, "jti": "1ecc6c896d404e06a6c1c1d0a9b280dd", "token": "eyJhbGciOiJIUzI1NiIsInR5cCI6IkpXVCJ9.eyJ0b2tlbl90eXBlIjoicmVmcmVzaCIsImV4cCI6MTc0MzQ3NjMxOSwiaWF0IjoxNzQyODcxNTE5LCJqdGkiOiIxZWNjNmM4OTZkNDA0ZTA2YTZjMWMxZDBhOWIyODBkZCIsInVzZXJfaWQiOjEyfQ.uifH8V39fylYLHyan4dv2GrvAIemc8h7in8nBaua_xo", "created_at": "2025-03-25T02:58:39.804Z", "expires_at": "2025-04-01T02:58:39Z"}}, {"model": "token_blacklist.outstandingtoken", "pk": 48, "fields": {"user": 1, "jti": "5fbadf63348149e1924958bceffb7851", "token": "eyJhbGciOiJIUzI1NiIsInR5cCI6IkpXVCJ9.eyJ0b2tlbl90eXBlIjoicmVmcmVzaCIsImV4cCI6MTc0MzUxMDIwMSwiaWF0IjoxNzQyOTA1NDAxLCJqdGkiOiI1ZmJhZGY2MzM0ODE0OWUxOTI0OTU4YmNlZmZiNzg1MSIsInVzZXJfaWQiOjF9.fTDynaIz3p1cvtEa8TbxZ1WuTyYQCJt4EHePYj0aBes", "created_at": "2025-03-25T12:23:21.763Z", "expires_at": "2025-04-01T12:23:21Z"}}, {"model": "token_blacklist.outstandingtoken", "pk": 49, "fields": {"user": 11, "jti": "fa6d5391749b47c7992cef314c218950", "token": "eyJhbGciOiJIUzI1NiIsInR5cCI6IkpXVCJ9.eyJ0b2tlbl90eXBlIjoicmVmcmVzaCIsImV4cCI6MTc0MzUxMDIyMCwiaWF0IjoxNzQyOTA1NDIwLCJqdGkiOiJmYTZkNTM5MTc0OWI0N2M3OTkyY2VmMzE0YzIxODk1MCIsInVzZXJfaWQiOjExfQ.sKv8GU_HDnVp8O0Lf8bh6B0_-hOcX8pRo9kPlJFFvQA", "created_at": "2025-03-25T12:23:40.214Z", "expires_at": "2025-04-01T12:23:40Z"}}, {"model": "token_blacklist.outstandingtoken", "pk": 50, "fields": {"user": 8, "jti": "aa01807822dc4b4981223703b902834a", "token": "eyJhbGciOiJIUzI1NiIsInR5cCI6IkpXVCJ9.eyJ0b2tlbl90eXBlIjoicmVmcmVzaCIsImV4cCI6MTc0MzUxMDI0MiwiaWF0IjoxNzQyOTA1NDQyLCJqdGkiOiJhYTAxODA3ODIyZGM0YjQ5ODEyMjM3MDNiOTAyODM0YSIsInVzZXJfaWQiOjh9.j1NU5npzW_IrCr7fHWoRY8IoDzc5KvXCPvFica1tHdQ", "created_at": "2025-03-25T12:24:02.732Z", "expires_at": "2025-04-01T12:24:02Z"}}, {"model": "token_blacklist.outstandingtoken", "pk": 51, "fields": {"user": 1, "jti": "25171c02c15d41fa97a6a2150a7e3745", "token": "eyJhbGciOiJIUzI1NiIsInR5cCI6IkpXVCJ9.eyJ0b2tlbl90eXBlIjoicmVmcmVzaCIsImV4cCI6MTc0MzUyNzAzNSwiaWF0IjoxNzQyOTIyMjM1LCJqdGkiOiIyNTE3MWMwMmMxNWQ0MWZhOTdhNmEyMTUwYTdlMzc0NSIsInVzZXJfaWQiOjF9.6cMvITX2aTG8-80mkcY5og0qmP4Pp5Ypnnhlshwfy7U", "created_at": "2025-03-25T17:03:55.068Z", "expires_at": "2025-04-01T17:03:55Z"}}, {"model": "token_blacklist.outstandingtoken", "pk": 52, "fields": {"user": 9, "jti": "da0fdcb138884ef399dcb3254270f634", "token": "eyJhbGciOiJIUzI1NiIsInR5cCI6IkpXVCJ9.eyJ0b2tlbl90eXBlIjoicmVmcmVzaCIsImV4cCI6MTc0MzUyNzQwNCwiaWF0IjoxNzQyOTIyNjA0LCJqdGkiOiJkYTBmZGNiMTM4ODg0ZWYzOTlkY2IzMjU0MjcwZjYzNCIsInVzZXJfaWQiOjl9.PDTrDFejsFWTiHQaha_rI7iN-iz_hjfKh9qGhdeKXuM", "created_at": "2025-03-25T17:10:04.330Z", "expires_at": "2025-04-01T17:10:04Z"}}, {"model": "token_blacklist.outstandingtoken", "pk": 53, "fields": {"user": 13, "jti": "7135bf8cd3604015b3384b512b35536d", "token": "eyJhbGciOiJIUzI1NiIsInR5cCI6IkpXVCJ9.eyJ0b2tlbl90eXBlIjoicmVmcmVzaCIsImV4cCI6MTc0MzUyNzQzOCwiaWF0IjoxNzQyOTIyNjM4LCJqdGkiOiI3MTM1YmY4Y2QzNjA0MDE1YjMzODRiNTEyYjM1NTM2ZCIsInVzZXJfaWQiOjEzfQ.IBuMmpKvX3lHLi-AH-n9V5UnMznfHLvkIh1dpIGlUSA", "created_at": "2025-03-25T17:10:38.040Z", "expires_at": "2025-04-01T17:10:38Z"}}, {"model": "token_blacklist.outstandingtoken", "pk": 54, "fields": {"user": 13, "jti": "f0c0e572d88342ff8fa930e970252ce9", "token": "eyJhbGciOiJIUzI1NiIsInR5cCI6IkpXVCJ9.eyJ0b2tlbl90eXBlIjoicmVmcmVzaCIsImV4cCI6MTc0MzUyODE3NywiaWF0IjoxNzQyOTIzMzc3LCJqdGkiOiJmMGMwZTU3MmQ4ODM0MmZmOGZhOTMwZTk3MDI1MmNlOSIsInVzZXJfaWQiOjEzfQ.JQ4oiUxNNTXKPl4VaJoIuNNTRxGeiyVyWmjghAbuFXM", "created_at": "2025-03-25T17:22:57.274Z", "expires_at": "2025-04-01T17:22:57Z"}}, {"model": "token_blacklist.outstandingtoken", "pk": 55, "fields": {"user": 13, "jti": "95066940b51b48f2bf45b128eae130d0", "token": "eyJhbGciOiJIUzI1NiIsInR5cCI6IkpXVCJ9.eyJ0b2tlbl90eXBlIjoicmVmcmVzaCIsImV4cCI6MTc0MzUyODI3MiwiaWF0IjoxNzQyOTIzNDcyLCJqdGkiOiI5NTA2Njk0MGI1MWI0OGYyYmY0NWIxMjhlYWUxMzBkMCIsInVzZXJfaWQiOjEzfQ.gsdUzMLPp9GwFG5Wqz_dB1-GPJN08E6HvptZKbMNwEY", "created_at": "2025-03-25T17:24:32.632Z", "expires_at": "2025-04-01T17:24:32Z"}}, {"model": "token_blacklist.outstandingtoken", "pk": 56, "fields": {"user": 13, "jti": "7bc2c772af10432a907c0bd2e981bff6", "token": "eyJhbGciOiJIUzI1NiIsInR5cCI6IkpXVCJ9.eyJ0b2tlbl90eXBlIjoicmVmcmVzaCIsImV4cCI6MTc0MzY2ODQ1MiwiaWF0IjoxNzQzMDYzNjUyLCJqdGkiOiI3YmMyYzc3MmFmMTA0MzJhOTA3YzBiZDJlOTgxYmZmNiIsInVzZXJfaWQiOjEzfQ.eLu9horgG_m2o44_UhYIzLopuMuKtwByxZZJITqtiRs", "created_at": "2025-03-27T08:20:52.868Z", "expires_at": "2025-04-03T08:20:52Z"}}, {"model": "token_blacklist.outstandingtoken", "pk": 57, "fields": {"user": 13, "jti": "dad1b1e033c044deb64326cb5c9f277d", "token": "eyJhbGciOiJIUzI1NiIsInR5cCI6IkpXVCJ9.eyJ0b2tlbl90eXBlIjoicmVmcmVzaCIsImV4cCI6MTc0MzY3NDAxMSwiaWF0IjoxNzQzMDY5MjExLCJqdGkiOiJkYWQxYjFlMDMzYzA0NGRlYjY0MzI2Y2I1YzlmMjc3ZCIsInVzZXJfaWQiOjEzfQ.9toFkEQtvsExiyFWC3w-qDFzZ5pM7j6z5248kmwLlKE", "created_at": "2025-03-27T09:53:31.235Z", "expires_at": "2025-04-03T09:53:31Z"}}, {"model": "token_blacklist.outstandingtoken", "pk": 58, "fields": {"user": 1, "jti": "cefe28f2f92d456c9078e082f89119e2", "token": "eyJhbGciOiJIUzI1NiIsInR5cCI6IkpXVCJ9.eyJ0b2tlbl90eXBlIjoicmVmcmVzaCIsImV4cCI6MTc0MzY3NDAzOSwiaWF0IjoxNzQzMDY5MjM5LCJqdGkiOiJjZWZlMjhmMmY5MmQ0NTZjOTA3OGUwODJmODkxMTllMiIsInVzZXJfaWQiOjF9.TQOnW9_ym5wBHGMZ0XDQdaO-lqMF6kZb27b7fKpgpzU", "created_at": "2025-03-27T09:53:59.031Z", "expires_at": "2025-04-03T09:53:59Z"}}, {"model": "token_blacklist.outstandingtoken", "pk": 59, "fields": {"user": 1, "jti": "5c7149d262844ef19f005833e408a93a", "token": "eyJhbGciOiJIUzI1NiIsInR5cCI6IkpXVCJ9.eyJ0b2tlbl90eXBlIjoicmVmcmVzaCIsImV4cCI6MTc0MzY4NzQ1MywiaWF0IjoxNzQzMDgyNjUzLCJqdGkiOiI1YzcxNDlkMjYyODQ0ZWYxOWYwMDU4MzNlNDA4YTkzYSIsInVzZXJfaWQiOjF9.l5wTsGTbKp15snruW3lXYx7rXJRm6jPVk5DR6Fz55UA", "created_at": "2025-03-27T13:37:33.270Z", "expires_at": "2025-04-03T13:37:33Z"}}, {"model": "token_blacklist.outstandingtoken", "pk": 60, "fields": {"user": 2, "jti": "679f1970688144e3a5b1f8b535edbae8", "token": "eyJhbGciOiJIUzI1NiIsInR5cCI6IkpXVCJ9.eyJ0b2tlbl90eXBlIjoicmVmcmVzaCIsImV4cCI6MTc0MzY4ODkwMSwiaWF0IjoxNzQzMDg0MTAxLCJqdGkiOiI2NzlmMTk3MDY4ODE0NGUzYTViMWY4YjUzNWVkYmFlOCIsInVzZXJfaWQiOjJ9.qSTb38UKL-06BB2SIVNnEcbV2i0y50slHUCm9EvqFaE", "created_at": "2025-03-27T14:01:41.100Z", "expires_at": "2025-04-03T14:01:41Z"}}, {"model": "token_blacklist.outstandingtoken", "pk": 61, "fields": {"user": 1, "jti": "341096be5681432f8c87fdd807542f04", "token": "eyJhbGciOiJIUzI1NiIsInR5cCI6IkpXVCJ9.eyJ0b2tlbl90eXBlIjoicmVmcmVzaCIsImV4cCI6MTc0MzY4OTA5NiwiaWF0IjoxNzQzMDg0Mjk2LCJqdGkiOiIzNDEwOTZiZTU2ODE0MzJmOGM4N2ZkZDgwNzU0MmYwNCIsInVzZXJfaWQiOjF9.ig86AozW43k0rsMNpqAxfAhd0kMUxeAqOjqYkQZYThU", "created_at": "2025-03-27T14:04:56.543Z", "expires_at": "2025-04-03T14:04:56Z"}}, {"model": "token_blacklist.outstandingtoken", "pk": 62, "fields": {"user": 13, "jti": "3cce56ebbe2e4564bb46aa4c5ed18138", "token": "eyJhbGciOiJIUzI1NiIsInR5cCI6IkpXVCJ9.eyJ0b2tlbl90eXBlIjoicmVmcmVzaCIsImV4cCI6MTc0MzY4OTYxNywiaWF0IjoxNzQzMDg0ODE3LCJqdGkiOiIzY2NlNTZlYmJlMmU0NTY0YmI0NmFhNGM1ZWQxODEzOCIsInVzZXJfaWQiOjEzfQ.jDQJlyfNJEEWPCTqTV2HNZ7KxRVpIHSRwenc1d7R7oY", "created_at": "2025-03-27T14:13:37.686Z", "expires_at": "2025-04-03T14:13:37Z"}}, {"model": "token_blacklist.outstandingtoken", "pk": 63, "fields": {"user": 1, "jti": "ee126fbb0ae94d95aafb7f6c21501982", "token": "eyJhbGciOiJIUzI1NiIsInR5cCI6IkpXVCJ9.eyJ0b2tlbl90eXBlIjoicmVmcmVzaCIsImV4cCI6MTc0MzY5MDE1NSwiaWF0IjoxNzQzMDg1MzU1LCJqdGkiOiJlZTEyNmZiYjBhZTk0ZDk1YWFmYjdmNmMyMTUwMTk4MiIsInVzZXJfaWQiOjF9.tgHIdmW17bIpT23tlo-jMt9Pci7ntU43ZqCb-rkPxZQ", "created_at": "2025-03-27T14:22:35.590Z", "expires_at": "2025-04-03T14:22:35Z"}}, {"model": "token_blacklist.outstandingtoken", "pk": 64, "fields": {"user": 14, "jti": "4388ff53b81e4a42895a58ed45760674", "token": "eyJhbGciOiJIUzI1NiIsInR5cCI6IkpXVCJ9.eyJ0b2tlbl90eXBlIjoicmVmcmVzaCIsImV4cCI6MTc0MzY5MDMzNiwiaWF0IjoxNzQzMDg1NTM2LCJqdGkiOiI0Mzg4ZmY1M2I4MWU0YTQyODk1YTU4ZWQ0NTc2MDY3NCIsInVzZXJfaWQiOjE0fQ.L8_57B-Z75hF5kl3_21BORckU4CwzG_C6H-zWtcSKsc", "created_at": "2025-03-27T14:25:36.161Z", "expires_at": "2025-04-03T14:25:36Z"}}, {"model": "token_blacklist.outstandingtoken", "pk": 65, "fields": {"user": 1, "jti": "f8da689ba43a467e966ddf0bbdac24ea", "token": "eyJhbGciOiJIUzI1NiIsInR5cCI6IkpXVCJ9.eyJ0b2tlbl90eXBlIjoicmVmcmVzaCIsImV4cCI6MTc0Mzc1NzYzOCwiaWF0IjoxNzQzMTUyODM4LCJqdGkiOiJmOGRhNjg5YmE0M2E0NjdlOTY2ZGRmMGJiZGFjMjRlYSIsInVzZXJfaWQiOjF9.PUEZzD7bJEVbNBUmBvH1m2wZZiwYU-wpNDP87hltikk", "created_at": "2025-03-28T09:07:18.915Z", "expires_at": "2025-04-04T09:07:18Z"}}, {"model": "token_blacklist.outstandingtoken", "pk": 66, "fields": {"user": 9, "jti": "d56b8096dc0f4754b9b6c458923c26d7", "token": "eyJhbGciOiJIUzI1NiIsInR5cCI6IkpXVCJ9.eyJ0b2tlbl90eXBlIjoicmVmcmVzaCIsImV4cCI6MTc0Mzc1ODE3NSwiaWF0IjoxNzQzMTUzMzc1LCJqdGkiOiJkNTZiODA5NmRjMGY0NzU0YjliNmM0NTg5MjNjMjZkNyIsInVzZXJfaWQiOjl9.bWEiZq-8KxeGCqbIsiBKoG8U7mhAnj5ZCceVu5cPYBw", "created_at": "2025-03-28T09:16:15.005Z", "expires_at": "2025-04-04T09:16:15Z"}}, {"model": "token_blacklist.outstandingtoken", "pk": 67, "fields": {"user": 7, "jti": "868fc002e2254507987348cfd33efdbd", "token": "eyJhbGciOiJIUzI1NiIsInR5cCI6IkpXVCJ9.eyJ0b2tlbl90eXBlIjoicmVmcmVzaCIsImV4cCI6MTc0Mzc1ODE4OCwiaWF0IjoxNzQzMTUzMzg4LCJqdGkiOiI4NjhmYzAwMmUyMjU0NTA3OTg3MzQ4Y2ZkMzNlZmRiZCIsInVzZXJfaWQiOjd9.3mFME1ti-h4e-Kz5qp1zynrOOlj_WnmnaY61GC0qwNY", "created_at": "2025-03-28T09:16:28.907Z", "expires_at": "2025-04-04T09:16:28Z"}}, {"model": "token_blacklist.outstandingtoken", "pk": 68, "fields": {"user": 1, "jti": "7e44dea9011d410c9b3a6104c005b430", "token": "eyJhbGciOiJIUzI1NiIsInR5cCI6IkpXVCJ9.eyJ0b2tlbl90eXBlIjoicmVmcmVzaCIsImV4cCI6MTc0Mzc1ODI4NiwiaWF0IjoxNzQzMTUzNDg2LCJqdGkiOiI3ZTQ0ZGVhOTAxMWQ0MTBjOWIzYTYxMDRjMDA1YjQzMCIsInVzZXJfaWQiOjF9.WnE_uvsiMHgnczylJ3w6clpwdc0NMKbHf2QY5bkHp7U", "created_at": "2025-03-28T09:18:06.451Z", "expires_at": "2025-04-04T09:18:06Z"}}, {"model": "token_blacklist.outstandingtoken", "pk": 69, "fields": {"user": 7, "jti": "82e0720ed0914db299ea3e2013986085", "token": "eyJhbGciOiJIUzI1NiIsInR5cCI6IkpXVCJ9.eyJ0b2tlbl90eXBlIjoicmVmcmVzaCIsImV4cCI6MTc0Mzc1ODMyNywiaWF0IjoxNzQzMTUzNTI3LCJqdGkiOiI4MmUwNzIwZWQwOTE0ZGIyOTllYTNlMjAxMzk4NjA4NSIsInVzZXJfaWQiOjd9.kkInNZ0EGoWC_MTHpPxvjjxjJUs-1XuyDItFdut_2L0", "created_at": "2025-03-28T09:18:47.636Z", "expires_at": "2025-04-04T09:18:47Z"}}, {"model": "token_blacklist.outstandingtoken", "pk": 70, "fields": {"user": 1, "jti": "8f234b9e0996479fb658eac341775952", "token": "eyJhbGciOiJIUzI1NiIsInR5cCI6IkpXVCJ9.eyJ0b2tlbl90eXBlIjoicmVmcmVzaCIsImV4cCI6MTc0Mzc3NjgwNSwiaWF0IjoxNzQzMTcyMDA1LCJqdGkiOiI4ZjIzNGI5ZTA5OTY0NzlmYjY1OGVhYzM0MTc3NTk1MiIsInVzZXJfaWQiOjF9.o1tI6qlbiShTUa3xaA_b1h-hhARbISiu_C2qmbs_gQA", "created_at": "2025-03-28T14:26:45.056Z", "expires_at": "2025-04-04T14:26:45Z"}}, {"model": "token_blacklist.outstandingtoken", "pk": 71, "fields": {"user": 13, "jti": "072f6b0325eb42218b0529d9c29635e6", "token": "eyJhbGciOiJIUzI1NiIsInR5cCI6IkpXVCJ9.eyJ0b2tlbl90eXBlIjoicmVmcmVzaCIsImV4cCI6MTc0Mzc3NzE1NiwiaWF0IjoxNzQzMTcyMzU2LCJqdGkiOiIwNzJmNmIwMzI1ZWI0MjIxOGIwNTI5ZDljMjk2MzVlNiIsInVzZXJfaWQiOjEzfQ.-IIKA1FKLZ9U4iBcPVRyHKu1lK9VBCThfc7fDBSnjMM", "created_at": "2025-03-28T14:32:36.848Z", "expires_at": "2025-04-04T14:32:36Z"}}, {"model": "token_blacklist.outstandingtoken", "pk": 72, "fields": {"user": 13, "jti": "d4b9670899b6471682e3427d4775122c", "token": "eyJhbGciOiJIUzI1NiIsInR5cCI6IkpXVCJ9.eyJ0b2tlbl90eXBlIjoicmVmcmVzaCIsImV4cCI6MTc0Mzc3NzI2NiwiaWF0IjoxNzQzMTcyNDY2LCJqdGkiOiJkNGI5NjcwODk5YjY0NzE2ODJlMzQyN2Q0Nzc1MTIyYyIsInVzZXJfaWQiOjEzfQ.hDNd4xLmu7rh94cOBGljNfAXDxurYrPj2QTEx4YeeS0", "created_at": "2025-03-28T14:34:26.617Z", "expires_at": "2025-04-04T14:34:26Z"}}, {"model": "token_blacklist.outstandingtoken", "pk": 73, "fields": {"user": 1, "jti": "697b49595a6f458d94f3fb329247cb39", "token": "eyJhbGciOiJIUzI1NiIsInR5cCI6IkpXVCJ9.eyJ0b2tlbl90eXBlIjoicmVmcmVzaCIsImV4cCI6MTc0Mzc3NzQzOCwiaWF0IjoxNzQzMTcyNjM4LCJqdGkiOiI2OTdiNDk1OTVhNmY0NThkOTRmM2ZiMzI5MjQ3Y2IzOSIsInVzZXJfaWQiOjF9.Kb5TDvhdThBBlFZJG3e1RkBmMvQ8zefAsEjHNjEzXkU", "created_at": "2025-03-28T14:37:18.048Z", "expires_at": "2025-04-04T14:37:18Z"}}, {"model": "token_blacklist.outstandingtoken", "pk": 74, "fields": {"user": 1, "jti": "8249865ccc934ca68d2caa5a29acb801", "token": "eyJhbGciOiJIUzI1NiIsInR5cCI6IkpXVCJ9.eyJ0b2tlbl90eXBlIjoicmVmcmVzaCIsImV4cCI6MTc0Mzc3NzUzMCwiaWF0IjoxNzQzMTcyNzMwLCJqdGkiOiI4MjQ5ODY1Y2NjOTM0Y2E2OGQyY2FhNWEyOWFjYjgwMSIsInVzZXJfaWQiOjF9.IurMOrDjA4fR0Hfx5v4CpL_3Q3vE2h-gNUvTRNuUJyU", "created_at": "2025-03-28T14:38:50.335Z", "expires_at": "2025-04-04T14:38:50Z"}}, {"model": "token_blacklist.outstandingtoken", "pk": 75, "fields": {"user": 13, "jti": "df1493b5b7e847cf93b4fa6b7502eb04", "token": "eyJhbGciOiJIUzI1NiIsInR5cCI6IkpXVCJ9.eyJ0b2tlbl90eXBlIjoicmVmcmVzaCIsImV4cCI6MTc0Mzc3ODg3MywiaWF0IjoxNzQzMTc0MDczLCJqdGkiOiJkZjE0OTNiNWI3ZTg0N2NmOTNiNGZhNmI3NTAyZWIwNCIsInVzZXJfaWQiOjEzfQ.2p_yYuOLBDavyVEvaJorGDCe3u3Jt8ma2Ih-VbrF1cw", "created_at": "2025-03-28T15:01:13.178Z", "expires_at": "2025-04-04T15:01:13Z"}}, {"model": "token_blacklist.outstandingtoken", "pk": 76, "fields": {"user": 13, "jti": "8770d5f1477a4d199a45c9f565def8ff", "token": "eyJhbGciOiJIUzI1NiIsInR5cCI6IkpXVCJ9.eyJ0b2tlbl90eXBlIjoicmVmcmVzaCIsImV4cCI6MTc0Mzc3ODk3OCwiaWF0IjoxNzQzMTc0MTc4LCJqdGkiOiI4NzcwZDVmMTQ3N2E0ZDE5OWE0NWM5ZjU2NWRlZjhmZiIsInVzZXJfaWQiOjEzfQ.s0R9ZGak42xyYyVVLcRgd7NHBHA2GHuDKHQJLD2Icuc", "created_at": "2025-03-28T15:02:58.855Z", "expires_at": "2025-04-04T15:02:58Z"}}, {"model": "token_blacklist.outstandingtoken", "pk": 77, "fields": {"user": 1, "jti": "bf3d174f403a4f8e9b1eec24d6844382", "token": "eyJhbGciOiJIUzI1NiIsInR5cCI6IkpXVCJ9.eyJ0b2tlbl90eXBlIjoicmVmcmVzaCIsImV4cCI6MTc0Mzc3OTQwOCwiaWF0IjoxNzQzMTc0NjA4LCJqdGkiOiJiZjNkMTc0ZjQwM2E0ZjhlOWIxZWVjMjRkNjg0NDM4MiIsInVzZXJfaWQiOjF9.JEYs8KDZ-QGJjprKhLQr5fpOo66IeQrc5DlNKEn7uMU", "created_at": "2025-03-28T15:10:08.607Z", "expires_at": "2025-04-04T15:10:08Z"}}, {"model": "token_blacklist.outstandingtoken", "pk": 78, "fields": {"user": 11, "jti": "9c2ce36918474f2682fad370358b43ad", "token": "eyJhbGciOiJIUzI1NiIsInR5cCI6IkpXVCJ9.eyJ0b2tlbl90eXBlIjoicmVmcmVzaCIsImV4cCI6MTc0Mzc3OTgxNSwiaWF0IjoxNzQzMTc1MDE1LCJqdGkiOiI5YzJjZTM2OTE4NDc0ZjI2ODJmYWQzNzAzNThiNDNhZCIsInVzZXJfaWQiOjExfQ.rdIUo3tPyH0TnUu7vA555SDjJLbK6Yb2YiIN9M9sInY", "created_at": "2025-03-28T15:16:55.312Z", "expires_at": "2025-04-04T15:16:55Z"}}, {"model": "token_blacklist.outstandingtoken", "pk": 79, "fields": {"user": 13, "jti": "6e64888d24a041a39945613a658cb688", "token": "eyJhbGciOiJIUzI1NiIsInR5cCI6IkpXVCJ9.eyJ0b2tlbl90eXBlIjoicmVmcmVzaCIsImV4cCI6MTc0Mzc4MTUwNSwiaWF0IjoxNzQzMTc2NzA1LCJqdGkiOiI2ZTY0ODg4ZDI0YTA0MWEzOTk0NTYxM2E2NThjYjY4OCIsInVzZXJfaWQiOjEzfQ.1xj5JUHUMx8hVlDZnoarBAWORLk2MmJ8veJVAnUMc88", "created_at": "2025-03-28T15:45:05.995Z", "expires_at": "2025-04-04T15:45:05Z"}}, {"model": "token_blacklist.outstandingtoken", "pk": 80, "fields": {"user": 13, "jti": "c7b5db62d21747d9aeb78fc288c5729f", "token": "eyJhbGciOiJIUzI1NiIsInR5cCI6IkpXVCJ9.eyJ0b2tlbl90eXBlIjoicmVmcmVzaCIsImV4cCI6MTc0Mzc4NjM5MCwiaWF0IjoxNzQzMTgxNTkwLCJqdGkiOiJjN2I1ZGI2MmQyMTc0N2Q5YWViNzhmYzI4OGM1NzI5ZiIsInVzZXJfaWQiOjEzfQ.eqsWRuXpdyh4cLSjHiYrz2QWSH-j9R7vcklobnao-ME", "created_at": "2025-03-28T17:06:30.143Z", "expires_at": "2025-04-04T17:06:30Z"}}, {"model": "token_blacklist.outstandingtoken", "pk": 81, "fields": {"user": 13, "jti": "25c03a4baaf74e918442b3e5162b146c", "token": "eyJhbGciOiJIUzI1NiIsInR5cCI6IkpXVCJ9.eyJ0b2tlbl90eXBlIjoicmVmcmVzaCIsImV4cCI6MTc0Mzc5MTM3MywiaWF0IjoxNzQzMTg2NTczLCJqdGkiOiIyNWMwM2E0YmFhZjc0ZTkxODQ0MmIzZTUxNjJiMTQ2YyIsInVzZXJfaWQiOjEzfQ.DZ5yNP09cCrVV9MWI0lKq4i4nDlLQkCp1szIOwSS_WU", "created_at": "2025-03-28T18:29:33.274Z", "expires_at": "2025-04-04T18:29:33Z"}}, {"model": "token_blacklist.outstandingtoken", "pk": 82, "fields": {"user": 13, "jti": "bb2672ea89bc48d8ada2f2fd14761407", "token": "eyJhbGciOiJIUzI1NiIsInR5cCI6IkpXVCJ9.eyJ0b2tlbl90eXBlIjoicmVmcmVzaCIsImV4cCI6MTc0MzgyODU0NSwiaWF0IjoxNzQzMjIzNzQ1LCJqdGkiOiJiYjI2NzJlYTg5YmM0OGQ4YWRhMmYyZmQxNDc2MTQwNyIsInVzZXJfaWQiOjEzfQ.7finrLKAzz5uLPNZAP5Qwf4r9jlyq6JE0HwTL4bqkFA", "created_at": "2025-03-29T04:49:05.752Z", "expires_at": "2025-04-05T04:49:05Z"}}, {"model": "token_blacklist.outstandingtoken", "pk": 83, "fields": {"user": 13, "jti": "9238201de2f44602b7dab4ff634a4843", "token": "eyJhbGciOiJIUzI1NiIsInR5cCI6IkpXVCJ9.eyJ0b2tlbl90eXBlIjoicmVmcmVzaCIsImV4cCI6MTc0MzgzNzEzNywiaWF0IjoxNzQzMjMyMzM3LCJqdGkiOiI5MjM4MjAxZGUyZjQ0NjAyYjdkYWI0ZmY2MzRhNDg0MyIsInVzZXJfaWQiOjEzfQ.q_kxKqccvuQt872GPvIsK9TXb3dPzQANSdCzEI4Ek-g", "created_at": "2025-03-29T07:12:17.808Z", "expires_at": "2025-04-05T07:12:17Z"}}, {"model": "token_blacklist.outstandingtoken", "pk": 84, "fields": {"user": 13, "jti": "7b10de3f39374f7ebc361069dac82b1a", "token": "eyJhbGciOiJIUzI1NiIsInR5cCI6IkpXVCJ9.eyJ0b2tlbl90eXBlIjoicmVmcmVzaCIsImV4cCI6MTc0MzgzNzM2NywiaWF0IjoxNzQzMjMyNTY3LCJqdGkiOiI3YjEwZGUzZjM5Mzc0ZjdlYmMzNjEwNjlkYWM4MmIxYSIsInVzZXJfaWQiOjEzfQ.sPIT6TjpddALSMw1lg1okYVZBX66EOpM9_Pck9VQT_E", "created_at": "2025-03-29T07:16:07.719Z", "expires_at": "2025-04-05T07:16:07Z"}}, {"model": "token_blacklist.outstandingtoken", "pk": 85, "fields": {"user": 13, "jti": "812edf59e7294853b20d4217588a107a", "token": "eyJhbGciOiJIUzI1NiIsInR5cCI6IkpXVCJ9.eyJ0b2tlbl90eXBlIjoicmVmcmVzaCIsImV4cCI6MTc0MzgzNzc4NywiaWF0IjoxNzQzMjMyOTg3LCJqdGkiOiI4MTJlZGY1OWU3Mjk0ODUzYjIwZDQyMTc1ODhhMTA3YSIsInVzZXJfaWQiOjEzfQ.V139FpTX-gWOMSNgRY_eLSfFOS-CaYGI8hqF_jZnudY", "created_at": "2025-03-29T07:23:07.458Z", "expires_at": "2025-04-05T07:23:07Z"}}, {"model": "token_blacklist.outstandingtoken", "pk": 86, "fields": {"user": 1, "jti": "ae4e8e60e17844fb980ea8c6699fa1bb", "token": "eyJhbGciOiJIUzI1NiIsInR5cCI6IkpXVCJ9.eyJ0b2tlbl90eXBlIjoicmVmcmVzaCIsImV4cCI6MTc0Mzg0MzA3NCwiaWF0IjoxNzQzMjM4Mjc0LCJqdGkiOiJhZTRlOGU2MGUxNzg0NGZiOTgwZWE4YzY2OTlmYTFiYiIsInVzZXJfaWQiOjF9.JuGAC1k_MoFY8cUNABGQmO2KLmfy2wHW0l4MvwsuLCE", "created_at": "2025-03-29T08:51:14.738Z", "expires_at": "2025-04-05T08:51:14Z"}}, {"model": "token_blacklist.outstandingtoken", "pk": 87, "fields": {"user": 11, "jti": "ca6b975e6e984ccfa08ba073973af8ba", "token": "eyJhbGciOiJIUzI1NiIsInR5cCI6IkpXVCJ9.eyJ0b2tlbl90eXBlIjoicmVmcmVzaCIsImV4cCI6MTc0Mzg0MzYwNiwiaWF0IjoxNzQzMjM4ODA2LCJqdGkiOiJjYTZiOTc1ZTZlOTg0Y2NmYTA4YmEwNzM5NzNhZjhiYSIsInVzZXJfaWQiOjExfQ.oj86TywetFMnOU9A5s8UBrrOVzsrKSICe6uKgZsAK3c", "created_at": "2025-03-29T09:00:06.419Z", "expires_at": "2025-04-05T09:00:06Z"}}, {"model": "token_blacklist.outstandingtoken", "pk": 88, "fields": {"user": 11, "jti": "637c91e8e4e0438a96d0acc062efdbed", "token": "eyJhbGciOiJIUzI1NiIsInR5cCI6IkpXVCJ9.eyJ0b2tlbl90eXBlIjoicmVmcmVzaCIsImV4cCI6MTc0Mzg0NDU0MSwiaWF0IjoxNzQzMjM5NzQxLCJqdGkiOiI2MzdjOTFlOGU0ZTA0MzhhOTZkMGFjYzA2MmVmZGJlZCIsInVzZXJfaWQiOjExfQ.cQD0C0Poe7aZLi2QYc-60vNu-5NBIb3MW652OWiCUvw", "created_at": "2025-03-29T09:15:41.956Z", "expires_at": "2025-04-05T09:15:41Z"}}, {"model": "token_blacklist.outstandingtoken", "pk": 89, "fields": {"user": 1, "jti": "01c4a9bdcbd04a9db3a0015aca2df036", "token": "eyJhbGciOiJIUzI1NiIsInR5cCI6IkpXVCJ9.eyJ0b2tlbl90eXBlIjoicmVmcmVzaCIsImV4cCI6MTc0Mzg0NTM4MCwiaWF0IjoxNzQzMjQwNTgwLCJqdGkiOiIwMWM0YTliZGNiZDA0YTlkYjNhMDAxNWFjYTJkZjAzNiIsInVzZXJfaWQiOjF9.-AzOh4pGAdoQ4QaGber8Kw-apt6BeeD2--tvY7KKhRk", "created_at": "2025-03-29T09:29:40.517Z", "expires_at": "2025-04-05T09:29:40Z"}}, {"model": "token_blacklist.outstandingtoken", "pk": 90, "fields": {"user": 1, "jti": "f705181cac62438e9230da478b8edcff", "token": "eyJhbGciOiJIUzI1NiIsInR5cCI6IkpXVCJ9.eyJ0b2tlbl90eXBlIjoicmVmcmVzaCIsImV4cCI6MTc0Mzg0Njk5MCwiaWF0IjoxNzQzMjQyMTkwLCJqdGkiOiJmNzA1MTgxY2FjNjI0MzhlOTIzMGRhNDc4YjhlZGNmZiIsInVzZXJfaWQiOjF9.5H5V1CV6-b1z27Fd7_hQtEFHKpStRoidSHWwL5cpfE8", "created_at": "2025-03-29T09:56:30.155Z", "expires_at": "2025-04-05T09:56:30Z"}}, {"model": "token_blacklist.outstandingtoken", "pk": 91, "fields": {"user": 13, "jti": "0d42992f083d4c6c8d748d6e3d2f96fb", "token": "eyJhbGciOiJIUzI1NiIsInR5cCI6IkpXVCJ9.eyJ0b2tlbl90eXBlIjoicmVmcmVzaCIsImV4cCI6MTc0Mzg0NzAxOSwiaWF0IjoxNzQzMjQyMjE5LCJqdGkiOiIwZDQyOTkyZjA4M2Q0YzZjOGQ3NDhkNmUzZDJmOTZmYiIsInVzZXJfaWQiOjEzfQ.o6gipJ5o6OFACbkYhQCEomYQPGZ_-QWlLnersPEtzcM", "created_at": "2025-03-29T09:56:59.367Z", "expires_at": "2025-04-05T09:56:59Z"}}, {"model": "token_blacklist.outstandingtoken", "pk": 92, "fields": {"user": 1, "jti": "04aecc77736e4a93830a4a5248fc070a", "token": "eyJhbGciOiJIUzI1NiIsInR5cCI6IkpXVCJ9.eyJ0b2tlbl90eXBlIjoicmVmcmVzaCIsImV4cCI6MTc0Mzg0NzEwNiwiaWF0IjoxNzQzMjQyMzA2LCJqdGkiOiIwNGFlY2M3NzczNmU0YTkzODMwYTRhNTI0OGZjMDcwYSIsInVzZXJfaWQiOjF9.-WFzoWUOFGsZgO_-db4J_6AUejAiGk6PVCPFjWxKCkM", "created_at": "2025-03-29T09:58:26.492Z", "expires_at": "2025-04-05T09:58:26Z"}}, {"model": "token_blacklist.outstandingtoken", "pk": 93, "fields": {"user": 13, "jti": "a0d8cacfca604c67a3b572786890e1ed", "token": "eyJhbGciOiJIUzI1NiIsInR5cCI6IkpXVCJ9.eyJ0b2tlbl90eXBlIjoicmVmcmVzaCIsImV4cCI6MTc0Mzg0NzE1NywiaWF0IjoxNzQzMjQyMzU3LCJqdGkiOiJhMGQ4Y2FjZmNhNjA0YzY3YTNiNTcyNzg2ODkwZTFlZCIsInVzZXJfaWQiOjEzfQ.1LOkIZWfL1HA0E1diUm-5C7Z-jyp6Bkzx-ZHVwEyYKo", "created_at": "2025-03-29T09:59:17.290Z", "expires_at": "2025-04-05T09:59:17Z"}}, {"model": "token_blacklist.outstandingtoken", "pk": 94, "fields": {"user": 11, "jti": "1e843847369d4ef78ead69ac79e4e84e", "token": "eyJhbGciOiJIUzI1NiIsInR5cCI6IkpXVCJ9.eyJ0b2tlbl90eXBlIjoicmVmcmVzaCIsImV4cCI6MTc0Mzg1MDE0OSwiaWF0IjoxNzQzMjQ1MzQ5LCJqdGkiOiIxZTg0Mzg0NzM2OWQ0ZWY3OGVhZDY5YWM3OWU0ZTg0ZSIsInVzZXJfaWQiOjExfQ.lXwYZnoFr1d-mIc_GGwFby2xAZjkSzXt7HIaaDCGz00", "created_at": "2025-03-29T10:49:09.384Z", "expires_at": "2025-04-05T10:49:09Z"}}, {"model": "token_blacklist.outstandingtoken", "pk": 95, "fields": {"user": 10, "jti": "8de6e647664d44cba7246da1f73c2b10", "token": "eyJhbGciOiJIUzI1NiIsInR5cCI6IkpXVCJ9.eyJ0b2tlbl90eXBlIjoicmVmcmVzaCIsImV4cCI6MTc0Mzg1MDkzMiwiaWF0IjoxNzQzMjQ2MTMyLCJqdGkiOiI4ZGU2ZTY0NzY2NGQ0NGNiYTcyNDZkYTFmNzNjMmIxMCIsInVzZXJfaWQiOjEwfQ.DJZprHYIQfQy0zZsqjLJjJBDn05wWDYOSDDxm4_1t90", "created_at": "2025-03-29T11:02:12.428Z", "expires_at": "2025-04-05T11:02:12Z"}}, {"model": "token_blacklist.outstandingtoken", "pk": 96, "fields": {"user": 1, "jti": "8d3c3f24779d45e6a18d289db3a9917a", "token": "eyJhbGciOiJIUzI1NiIsInR5cCI6IkpXVCJ9.eyJ0b2tlbl90eXBlIjoicmVmcmVzaCIsImV4cCI6MTc0Mzg1MTk4NSwiaWF0IjoxNzQzMjQ3MTg1LCJqdGkiOiI4ZDNjM2YyNDc3OWQ0NWU2YTE4ZDI4OWRiM2E5OTE3YSIsInVzZXJfaWQiOjF9.OQrIiyFGOFqXXmAMqXZP15Jb5lvp5LLE_e20XWN-7Ug", "created_at": "2025-03-29T11:19:45.183Z", "expires_at": "2025-04-05T11:19:45Z"}}, {"model": "token_blacklist.outstandingtoken", "pk": 97, "fields": {"user": 11, "jti": "f622d688ce0a4809ae9ffc3c0532f85d", "token": "eyJhbGciOiJIUzI1NiIsInR5cCI6IkpXVCJ9.eyJ0b2tlbl90eXBlIjoicmVmcmVzaCIsImV4cCI6MTc0Mzg1MjAxOSwiaWF0IjoxNzQzMjQ3MjE5LCJqdGkiOiJmNjIyZDY4OGNlMGE0ODA5YWU5ZmZjM2MwNTMyZjg1ZCIsInVzZXJfaWQiOjExfQ.m51cigK2LIxzQk0ySClFKYcLnJy60CsiILdA2-1cxKo", "created_at": "2025-03-29T11:20:19.138Z", "expires_at": "2025-04-05T11:20:19Z"}}, {"model": "token_blacklist.outstandingtoken", "pk": 98, "fields": {"user": 11, "jti": "16ded695523e4b58bd273ab374ca9bd4", "token": "eyJhbGciOiJIUzI1NiIsInR5cCI6IkpXVCJ9.eyJ0b2tlbl90eXBlIjoicmVmcmVzaCIsImV4cCI6MTc0Mzg2MDE0OSwiaWF0IjoxNzQzMjU1MzQ5LCJqdGkiOiIxNmRlZDY5NTUyM2U0YjU4YmQyNzNhYjM3NGNhOWJkNCIsInVzZXJfaWQiOjExfQ.oFkmNDQqw1u2xiAk4Ixy6MpicBLt76GHorGwdEYtoTA", "created_at": "2025-03-29T13:35:49.431Z", "expires_at": "2025-04-05T13:35:49Z"}}, {"model": "token_blacklist.outstandingtoken", "pk": 99, "fields": {"user": 11, "jti": "ca6b296fff124886923766480fcb2737", "token": "eyJhbGciOiJIUzI1NiIsInR5cCI6IkpXVCJ9.eyJ0b2tlbl90eXBlIjoicmVmcmVzaCIsImV4cCI6MTc0Mzg2MDI0MSwiaWF0IjoxNzQzMjU1NDQxLCJqdGkiOiJjYTZiMjk2ZmZmMTI0ODg2OTIzNzY2NDgwZmNiMjczNyIsInVzZXJfaWQiOjExfQ.JjVR55TZ19myomdPdfzPUdlulsZz1RvVElq4ZfTejgg", "created_at": "2025-03-29T13:37:21.169Z", "expires_at": "2025-04-05T13:37:21Z"}}, {"model": "token_blacklist.outstandingtoken", "pk": 100, "fields": {"user": 10, "jti": "f26ff7dafb2444dfafd944a93f37c2fc", "token": "eyJhbGciOiJIUzI1NiIsInR5cCI6IkpXVCJ9.eyJ0b2tlbl90eXBlIjoicmVmcmVzaCIsImV4cCI6MTc0Mzg2MTU2MSwiaWF0IjoxNzQzMjU2NzYxLCJqdGkiOiJmMjZmZjdkYWZiMjQ0NGRmYWZkOTQ0YTkzZjM3YzJmYyIsInVzZXJfaWQiOjEwfQ.iVVZ4s25y2gacXl0m3iC9ost2ZuLp7CLTZif5QuiIL4", "created_at": "2025-03-29T13:59:21.684Z", "expires_at": "2025-04-05T13:59:21Z"}}, {"model": "token_blacklist.outstandingtoken", "pk": 101, "fields": {"user": 1, "jti": "213f5511dc79452da4759dcc30827533", "token": "eyJhbGciOiJIUzI1NiIsInR5cCI6IkpXVCJ9.eyJ0b2tlbl90eXBlIjoicmVmcmVzaCIsImV4cCI6MTc0Mzg3NjUwNCwiaWF0IjoxNzQzMjcxNzA0LCJqdGkiOiIyMTNmNTUxMWRjNzk0NTJkYTQ3NTlkY2MzMDgyNzUzMyIsInVzZXJfaWQiOjF9.8XjQy5ZmV4lyeU9VJTj2v-F61Ma7-dq4q2KWk6OSz50", "created_at": "2025-03-29T18:08:24.602Z", "expires_at": "2025-04-05T18:08:24Z"}}, {"model": "token_blacklist.outstandingtoken", "pk": 102, "fields": {"user": 11, "jti": "c772ec87c12a4e569c6ca0ea51a584d4", "token": "eyJhbGciOiJIUzI1NiIsInR5cCI6IkpXVCJ9.eyJ0b2tlbl90eXBlIjoicmVmcmVzaCIsImV4cCI6MTc0Mzg3NzQwNSwiaWF0IjoxNzQzMjcyNjA1LCJqdGkiOiJjNzcyZWM4N2MxMmE0ZTU2OWM2Y2EwZWE1MWE1ODRkNCIsInVzZXJfaWQiOjExfQ.km5RwXhPZ4zjWLM5yt439RJo9r3okbuNo0pEuzjY4uQ", "created_at": "2025-03-29T18:23:25.528Z", "expires_at": "2025-04-05T18:23:25Z"}}, {"model": "token_blacklist.outstandingtoken", "pk": 103, "fields": {"user": 10, "jti": "65febd77212e41279467cc107e83e9b9", "token": "eyJhbGciOiJIUzI1NiIsInR5cCI6IkpXVCJ9.eyJ0b2tlbl90eXBlIjoicmVmcmVzaCIsImV4cCI6MTc0Mzg3NzQ2NSwiaWF0IjoxNzQzMjcyNjY1LCJqdGkiOiI2NWZlYmQ3NzIxMmU0MTI3OTQ2N2NjMTA3ZTgzZTliOSIsInVzZXJfaWQiOjEwfQ.LWxb-UiwPW4ybDUT_ToVEu6V8KdzGsEPZi1xyZAryYU", "created_at": "2025-03-29T18:24:25.065Z", "expires_at": "2025-04-05T18:24:25Z"}}, {"model": "token_blacklist.outstandingtoken", "pk": 104, "fields": {"user": 13, "jti": "1d751e2c41ac4ca7a477dddec0f7f923", "token": "eyJhbGciOiJIUzI1NiIsInR5cCI6IkpXVCJ9.eyJ0b2tlbl90eXBlIjoicmVmcmVzaCIsImV4cCI6MTc0Mzg3ODExNSwiaWF0IjoxNzQzMjczMzE1LCJqdGkiOiIxZDc1MWUyYzQxYWM0Y2E3YTQ3N2RkZGVjMGY3ZjkyMyIsInVzZXJfaWQiOjEzfQ.h2tP27ZXoXQVKRIoqs-mHf9x5djIKB5HRhUKZfPV17c", "created_at": "2025-03-29T18:35:15.883Z", "expires_at": "2025-04-05T18:35:15Z"}}, {"model": "token_blacklist.outstandingtoken", "pk": 105, "fields": {"user": 10, "jti": "41929a92726849d3a631994179d5e4b8", "token": "eyJhbGciOiJIUzI1NiIsInR5cCI6IkpXVCJ9.eyJ0b2tlbl90eXBlIjoicmVmcmVzaCIsImV4cCI6MTc0Mzg3ODQwOCwiaWF0IjoxNzQzMjczNjA4LCJqdGkiOiI0MTkyOWE5MjcyNjg0OWQzYTYzMTk5NDE3OWQ1ZTRiOCIsInVzZXJfaWQiOjEwfQ.RWoP-mRRDUHndC8kLcv7So-CJSGTBMPUmta6pnwfNP8", "created_at": "2025-03-29T18:40:08.050Z", "expires_at": "2025-04-05T18:40:08Z"}}, {"model": "token_blacklist.outstandingtoken", "pk": 106, "fields": {"user": 14, "jti": "56d83bbd4386420fa7ccdb3593e076ef", "token": "eyJhbGciOiJIUzI1NiIsInR5cCI6IkpXVCJ9.eyJ0b2tlbl90eXBlIjoicmVmcmVzaCIsImV4cCI6MTc0Mzg3ODQ2NCwiaWF0IjoxNzQzMjczNjY0LCJqdGkiOiI1NmQ4M2JiZDQzODY0MjBmYTdjY2RiMzU5M2UwNzZlZiIsInVzZXJfaWQiOjE0fQ.VWfkgkAI56YU8dnQtPRMWQuxuygK58HzXQxLC_ofOUc", "created_at": "2025-03-29T18:41:04.144Z", "expires_at": "2025-04-05T18:41:04Z"}}, {"model": "token_blacklist.outstandingtoken", "pk": 107, "fields": {"user": 1, "jti": "cdfca5745183480b8b991755b3f26b46", "token": "eyJhbGciOiJIUzI1NiIsInR5cCI6IkpXVCJ9.eyJ0b2tlbl90eXBlIjoicmVmcmVzaCIsImV4cCI6MTc0Mzg3ODY0MywiaWF0IjoxNzQzMjczODQzLCJqdGkiOiJjZGZjYTU3NDUxODM0ODBiOGI5OTE3NTViM2YyNmI0NiIsInVzZXJfaWQiOjF9.y9_0dZiMswFpT8oywdAnn6qIJ_DxFECLVLoV2s6soh4", "created_at": "2025-03-29T18:44:03.818Z", "expires_at": "2025-04-05T18:44:03Z"}}, {"model": "token_blacklist.outstandingtoken", "pk": 108, "fields": {"user": 13, "jti": "b285d28c481a4a469b277a20a696875b", "token": "eyJhbGciOiJIUzI1NiIsInR5cCI6IkpXVCJ9.eyJ0b2tlbl90eXBlIjoicmVmcmVzaCIsImV4cCI6MTc0Mzg3OTIwOSwiaWF0IjoxNzQzMjc0NDA5LCJqdGkiOiJiMjg1ZDI4YzQ4MWE0YTQ2OWIyNzdhMjBhNjk2ODc1YiIsInVzZXJfaWQiOjEzfQ.dw5nUX8nRoyv4PU_vs8ZiA0v8xa0lamu0hjPCPD08FQ", "created_at": "2025-03-29T18:53:29.020Z", "expires_at": "2025-04-05T18:53:29Z"}}, {"model": "token_blacklist.outstandingtoken", "pk": 109, "fields": {"user": 13, "jti": "01ae422a5b6a413ea19f481fef8f9e2b", "token": "eyJhbGciOiJIUzI1NiIsInR5cCI6IkpXVCJ9.eyJ0b2tlbl90eXBlIjoicmVmcmVzaCIsImV4cCI6MTc0Mzg3OTQzMSwiaWF0IjoxNzQzMjc0NjMxLCJqdGkiOiIwMWFlNDIyYTViNmE0MTNlYTE5ZjQ4MWZlZjhmOWUyYiIsInVzZXJfaWQiOjEzfQ.mZWR3w7DtX_rrANEGAOceuADPQ7skEdgjRlv56RQkMo", "created_at": "2025-03-29T18:57:11.562Z", "expires_at": "2025-04-05T18:57:11Z"}}, {"model": "token_blacklist.outstandingtoken", "pk": 110, "fields": {"user": 13, "jti": "1afe90c72eba4ac28b1721e0574915b2", "token": "eyJhbGciOiJIUzI1NiIsInR5cCI6IkpXVCJ9.eyJ0b2tlbl90eXBlIjoicmVmcmVzaCIsImV4cCI6MTc0Mzg3OTc3NywiaWF0IjoxNzQzMjc0OTc3LCJqdGkiOiIxYWZlOTBjNzJlYmE0YWMyOGIxNzIxZTA1NzQ5MTViMiIsInVzZXJfaWQiOjEzfQ.WSbOApvQmEvpyUvO56OQKiob2UaPBqETCqn0kYRTigQ", "created_at": "2025-03-29T19:02:57.521Z", "expires_at": "2025-04-05T19:02:57Z"}}, {"model": "token_blacklist.outstandingtoken", "pk": 111, "fields": {"user": 11, "jti": "731d8365c4bf4c37b78ac47cd065168b", "token": "eyJhbGciOiJIUzI1NiIsInR5cCI6IkpXVCJ9.eyJ0b2tlbl90eXBlIjoicmVmcmVzaCIsImV4cCI6MTc0Mzg4MTc2OSwiaWF0IjoxNzQzMjc2OTY5LCJqdGkiOiI3MzFkODM2NWM0YmY0YzM3Yjc4YWM0N2NkMDY1MTY4YiIsInVzZXJfaWQiOjExfQ.I1p6Kz3QmZqUmFCFTa8RGsFE7JugC3DJ2zUm7W2wVKw", "created_at": "2025-03-29T19:36:09.499Z", "expires_at": "2025-04-05T19:36:09Z"}}, {"model": "token_blacklist.outstandingtoken", "pk": 112, "fields": {"user": 1, "jti": "d6a10677b1d244fe967420750f6a0a0d", "token": "eyJhbGciOiJIUzI1NiIsInR5cCI6IkpXVCJ9.eyJ0b2tlbl90eXBlIjoicmVmcmVzaCIsImV4cCI6MTc0Mzg4MzI4NywiaWF0IjoxNzQzMjc4NDg3LCJqdGkiOiJkNmExMDY3N2IxZDI0NGZlOTY3NDIwNzUwZjZhMGEwZCIsInVzZXJfaWQiOjF9.NjQtUQ-ah4tp0g-Xrh2K-HHR_1ovn6Q0MbLw-Xj0HtA", "created_at": "2025-03-29T20:01:27.189Z", "expires_at": "2025-04-05T20:01:27Z"}}, {"model": "token_blacklist.outstandingtoken", "pk": 113, "fields": {"user": 11, "jti": "eebe13a2354d4fbe89e7c035b1638f3d", "token": "eyJhbGciOiJIUzI1NiIsInR5cCI6IkpXVCJ9.eyJ0b2tlbl90eXBlIjoicmVmcmVzaCIsImV4cCI6MTc0Mzg4MzQ3NiwiaWF0IjoxNzQzMjc4Njc2LCJqdGkiOiJlZWJlMTNhMjM1NGQ0ZmJlODllN2MwMzViMTYzOGYzZCIsInVzZXJfaWQiOjExfQ.ZxZFwNvASzduUt2-BgxW_7iHxblBx1d66Gq0sTC4En4", "created_at": "2025-03-29T20:04:36.236Z", "expires_at": "2025-04-05T20:04:36Z"}}, {"model": "token_blacklist.outstandingtoken", "pk": 114, "fields": {"user": 10, "jti": "7b873faa338e4b05a4c5b2529fb64cd4", "token": "eyJhbGciOiJIUzI1NiIsInR5cCI6IkpXVCJ9.eyJ0b2tlbl90eXBlIjoicmVmcmVzaCIsImV4cCI6MTc0Mzg4NDk4NiwiaWF0IjoxNzQzMjgwMTg2LCJqdGkiOiI3Yjg3M2ZhYTMzOGU0YjA1YTRjNWIyNTI5ZmI2NGNkNCIsInVzZXJfaWQiOjEwfQ.Uz3UpClPr8lkPNoZeGA-ZCHp6rYrvf5S6eZrwowerXI", "created_at": "2025-03-29T20:29:46.765Z", "expires_at": "2025-04-05T20:29:46Z"}}, {"model": "token_blacklist.outstandingtoken", "pk": 115, "fields": {"user": 1, "jti": "b33034b2f27d4099b71fc13f8018e2df", "token": "eyJhbGciOiJIUzI1NiIsInR5cCI6IkpXVCJ9.eyJ0b2tlbl90eXBlIjoicmVmcmVzaCIsImV4cCI6MTc0MzkxOTEyNSwiaWF0IjoxNzQzMzE0MzI1LCJqdGkiOiJiMzMwMzRiMmYyN2Q0MDk5YjcxZmMxM2Y4MDE4ZTJkZiIsInVzZXJfaWQiOjF9.VtKG-ymQgYVQGL-pH2SUj3ssotkHbbZPAgCWZBOX3FQ", "created_at": "2025-03-30T05:58:45.667Z", "expires_at": "2025-04-06T05:58:45Z"}}, {"model": "token_blacklist.outstandingtoken", "pk": 116, "fields": {"user": 11, "jti": "3c9e2de3040445d58c99daff5c8d50a4", "token": "eyJhbGciOiJIUzI1NiIsInR5cCI6IkpXVCJ9.eyJ0b2tlbl90eXBlIjoicmVmcmVzaCIsImV4cCI6MTc0MzkxOTI5MiwiaWF0IjoxNzQzMzE0NDkyLCJqdGkiOiIzYzllMmRlMzA0MDQ0NWQ1OGM5OWRhZmY1YzhkNTBhNCIsInVzZXJfaWQiOjExfQ.srrnBMvSUrgxolBNQwiKunwPmQUWRjXA-LAM-1ek2Ak", "created_at": "2025-03-30T06:01:32.686Z", "expires_at": "2025-04-06T06:01:32Z"}}, {"model": "token_blacklist.outstandingtoken", "pk": 117, "fields": {"user": 13, "jti": "1a253c3af9154d73aeb0ba0f4e6ac360", "token": "eyJhbGciOiJIUzI1NiIsInR5cCI6IkpXVCJ9.eyJ0b2tlbl90eXBlIjoicmVmcmVzaCIsImV4cCI6MTc0MzkxOTM4NiwiaWF0IjoxNzQzMzE0NTg2LCJqdGkiOiIxYTI1M2MzYWY5MTU0ZDczYWViMGJhMGY0ZTZhYzM2MCIsInVzZXJfaWQiOjEzfQ.rhRJIW500rWOkSwD1EIUTY5w9W55hTyfbgOIeK3viXM", "created_at": "2025-03-30T06:03:06.912Z", "expires_at": "2025-04-06T06:03:06Z"}}, {"model": "token_blacklist.outstandingtoken", "pk": 118, "fields": {"user": 10, "jti": "90c03f94975846c18414a3f5214ad152", "token": "eyJhbGciOiJIUzI1NiIsInR5cCI6IkpXVCJ9.eyJ0b2tlbl90eXBlIjoicmVmcmVzaCIsImV4cCI6MTc0MzkxOTU0OSwiaWF0IjoxNzQzMzE0NzQ5LCJqdGkiOiI5MGMwM2Y5NDk3NTg0NmMxODQxNGEzZjUyMTRhZDE1MiIsInVzZXJfaWQiOjEwfQ.j00UX4x3Wc_DCLT1-pGXvdSbJ6cdXgT9KEPTUH2OgIw", "created_at": "2025-03-30T06:05:49.252Z", "expires_at": "2025-04-06T06:05:49Z"}}, {"model": "token_blacklist.outstandingtoken", "pk": 119, "fields": {"user": 11, "jti": "3580c103c252449991e1a8707b70c4a6", "token": "eyJhbGciOiJIUzI1NiIsInR5cCI6IkpXVCJ9.eyJ0b2tlbl90eXBlIjoicmVmcmVzaCIsImV4cCI6MTc0MzkxOTY0NiwiaWF0IjoxNzQzMzE0ODQ2LCJqdGkiOiIzNTgwYzEwM2MyNTI0NDk5OTFlMWE4NzA3YjcwYzRhNiIsInVzZXJfaWQiOjExfQ.EtKwYaz8HFzGiBF5DcOkKVOmr0bpoxmZEJ-bOjHudCY", "created_at": "2025-03-30T06:07:26.692Z", "expires_at": "2025-04-06T06:07:26Z"}}, {"model": "token_blacklist.outstandingtoken", "pk": 120, "fields": {"user": 1, "jti": "067283ab631f4a6c8399bcc8b0b4c43e", "token": "eyJhbGciOiJIUzI1NiIsInR5cCI6IkpXVCJ9.eyJ0b2tlbl90eXBlIjoicmVmcmVzaCIsImV4cCI6MTc0MzkyNDUyMywiaWF0IjoxNzQzMzE5NzIzLCJqdGkiOiIwNjcyODNhYjYzMWY0YTZjODM5OWJjYzhiMGI0YzQzZSIsInVzZXJfaWQiOjF9.hU2xVBe47mP475DwlYWQrYO9oliq385K1ub4Hn1imYc", "created_at": "2025-03-30T07:28:43.379Z", "expires_at": "2025-04-06T07:28:43Z"}}, {"model": "token_blacklist.outstandingtoken", "pk": 121, "fields": {"user": 1, "jti": "9109038341c74804a88a893c85ec77dc", "token": "eyJhbGciOiJIUzI1NiIsInR5cCI6IkpXVCJ9.eyJ0b2tlbl90eXBlIjoicmVmcmVzaCIsImV4cCI6MTc0MzkyNDczNywiaWF0IjoxNzQzMzE5OTM3LCJqdGkiOiI5MTA5MDM4MzQxYzc0ODA0YTg4YTg5M2M4NWVjNzdkYyIsInVzZXJfaWQiOjF9.iSW02_Xn8_o_UZdYObtbDtnSULA68JK65oTsk4Mcgf4", "created_at": "2025-03-30T07:32:17.716Z", "expires_at": "2025-04-06T07:32:17Z"}}, {"model": "token_blacklist.outstandingtoken", "pk": 122, "fields": {"user": 13, "jti": "f7d2d0a7ffbf47088a194fdf61d82f0d", "token": "eyJhbGciOiJIUzI1NiIsInR5cCI6IkpXVCJ9.eyJ0b2tlbl90eXBlIjoicmVmcmVzaCIsImV4cCI6MTc0MzkyNjI4NSwiaWF0IjoxNzQzMzIxNDg1LCJqdGkiOiJmN2QyZDBhN2ZmYmY0NzA4OGExOTRmZGY2MWQ4MmYwZCIsInVzZXJfaWQiOjEzfQ.-tldQc2xwidc_1xGgHra-fxJHDYLas_ucg4MI4uUzTI", "created_at": "2025-03-30T07:58:05.884Z", "expires_at": "2025-04-06T07:58:05Z"}}, {"model": "token_blacklist.outstandingtoken", "pk": 123, "fields": {"user": 1, "jti": "9a9b423d25d54e01ac0f6cdb88c2431c", "token": "eyJhbGciOiJIUzI1NiIsInR5cCI6IkpXVCJ9.eyJ0b2tlbl90eXBlIjoicmVmcmVzaCIsImV4cCI6MTc0MzkyOTc2OSwiaWF0IjoxNzQzMzI0OTY5LCJqdGkiOiI5YTliNDIzZDI1ZDU0ZTAxYWMwZjZjZGI4OGMyNDMxYyIsInVzZXJfaWQiOjF9.G8Ywwexf30y2TB4bva5xzpnw8wZEIcKWBXPyj7OfZyQ", "created_at": "2025-03-30T08:56:09.921Z", "expires_at": "2025-04-06T08:56:09Z"}}, {"model": "token_blacklist.outstandingtoken", "pk": 124, "fields": {"user": 13, "jti": "f7a64b74fb104e96a0c9468a07a13842", "token": "eyJhbGciOiJIUzI1NiIsInR5cCI6IkpXVCJ9.eyJ0b2tlbl90eXBlIjoicmVmcmVzaCIsImV4cCI6MTc0MzkyOTgxMiwiaWF0IjoxNzQzMzI1MDEyLCJqdGkiOiJmN2E2NGI3NGZiMTA0ZTk2YTBjOTQ2OGEwN2ExMzg0MiIsInVzZXJfaWQiOjEzfQ.xa8SSMH-XcDJGRvGnSac5VCvHg9VSJM66Dd7bJ3oT2s", "created_at": "2025-03-30T08:56:52.741Z", "expires_at": "2025-04-06T08:56:52Z"}}, {"model": "token_blacklist.outstandingtoken", "pk": 125, "fields": {"user": 7, "jti": "1795fe21f17849bb96234fa8b64c35b7", "token": "eyJhbGciOiJIUzI1NiIsInR5cCI6IkpXVCJ9.eyJ0b2tlbl90eXBlIjoicmVmcmVzaCIsImV4cCI6MTc0MzkyOTg5MiwiaWF0IjoxNzQzMzI1MDkyLCJqdGkiOiIxNzk1ZmUyMWYxNzg0OWJiOTYyMzRmYThiNjRjMzViNyIsInVzZXJfaWQiOjd9.zJ0Ec0t36kzYowbfyvIBCDM695gjEFQ8Al5uT2_Za98", "created_at": "2025-03-30T08:58:12.614Z", "expires_at": "2025-04-06T08:58:12Z"}}, {"model": "token_blacklist.outstandingtoken", "pk": 126, "fields": {"user": 1, "jti": "78bbda27da8d431da1e223739aaaf01b", "token": "eyJhbGciOiJIUzI1NiIsInR5cCI6IkpXVCJ9.eyJ0b2tlbl90eXBlIjoicmVmcmVzaCIsImV4cCI6MTc0MzkzMTUwNiwiaWF0IjoxNzQzMzI2NzA2LCJqdGkiOiI3OGJiZGEyN2RhOGQ0MzFkYTFlMjIzNzM5YWFhZjAxYiIsInVzZXJfaWQiOjF9.wKINWou7JY7UgSVACVlrvET45PXa9a7DzsDN_SeYEN8", "created_at": "2025-03-30T09:25:06.231Z", "expires_at": "2025-04-06T09:25:06Z"}}, {"model": "token_blacklist.outstandingtoken", "pk": 127, "fields": {"user": 11, "jti": "f0e10357dbbf43878e7ef668fb7c1523", "token": "eyJhbGciOiJIUzI1NiIsInR5cCI6IkpXVCJ9.eyJ0b2tlbl90eXBlIjoicmVmcmVzaCIsImV4cCI6MTc0MzkzMTgyNCwiaWF0IjoxNzQzMzI3MDI0LCJqdGkiOiJmMGUxMDM1N2RiYmY0Mzg3OGU3ZWY2NjhmYjdjMTUyMyIsInVzZXJfaWQiOjExfQ.lxbR7vu0ITURuDaizsrg9_escu26iy5TVniK6UBuvBg", "created_at": "2025-03-30T09:30:24.097Z", "expires_at": "2025-04-06T09:30:24Z"}}, {"model": "token_blacklist.outstandingtoken", "pk": 128, "fields": {"user": 13, "jti": "ffa5a96d867a4076a3de437d631fdc68", "token": "eyJhbGciOiJIUzI1NiIsInR5cCI6IkpXVCJ9.eyJ0b2tlbl90eXBlIjoicmVmcmVzaCIsImV4cCI6MTc0MzkzMTg2OCwiaWF0IjoxNzQzMzI3MDY4LCJqdGkiOiJmZmE1YTk2ZDg2N2E0MDc2YTNkZTQzN2Q2MzFmZGM2OCIsInVzZXJfaWQiOjEzfQ.J8i-2xM3_qCRR6npo_CygsbVGLZgF1qwODNpVYympug", "created_at": "2025-03-30T09:31:08.798Z", "expires_at": "2025-04-06T09:31:08Z"}}, {"model": "token_blacklist.outstandingtoken", "pk": 129, "fields": {"user": 10, "jti": "29b77f25ad9d434bb757c7ad90571293", "token": "eyJhbGciOiJIUzI1NiIsInR5cCI6IkpXVCJ9.eyJ0b2tlbl90eXBlIjoicmVmcmVzaCIsImV4cCI6MTc0MzkzMTk2MCwiaWF0IjoxNzQzMzI3MTYwLCJqdGkiOiIyOWI3N2YyNWFkOWQ0MzRiYjc1N2M3YWQ5MDU3MTI5MyIsInVzZXJfaWQiOjEwfQ.RFJ7m-3EwGPYJ-qj6E4Oj4tR1uXP7UUBIjj88DPF8Cs", "created_at": "2025-03-30T09:32:40.723Z", "expires_at": "2025-04-06T09:32:40Z"}}, {"model": "token_blacklist.outstandingtoken", "pk": 130, "fields": {"user": 1, "jti": "6a59aaf4a0bf4617b162cbd2b9a483ac", "token": "eyJhbGciOiJIUzI1NiIsInR5cCI6IkpXVCJ9.eyJ0b2tlbl90eXBlIjoicmVmcmVzaCIsImV4cCI6MTc0NDAwNzQ1OCwiaWF0IjoxNzQzNDAyNjU4LCJqdGkiOiI2YTU5YWFmNGEwYmY0NjE3YjE2MmNiZDJiOWE0ODNhYyIsInVzZXJfaWQiOjF9.7pU4ZVGSwknbpa729hg2TTsD7o14mC6qarlpGZd-x9M", "created_at": "2025-03-31T06:30:58.843Z", "expires_at": "2025-04-07T06:30:58Z"}}, {"model": "token_blacklist.outstandingtoken", "pk": 131, "fields": {"user": 11, "jti": "be331858c2434f598921fbf793739641", "token": "eyJhbGciOiJIUzI1NiIsInR5cCI6IkpXVCJ9.eyJ0b2tlbl90eXBlIjoicmVmcmVzaCIsImV4cCI6MTc0NDAwNzUzNywiaWF0IjoxNzQzNDAyNzM3LCJqdGkiOiJiZTMzMTg1OGMyNDM0ZjU5ODkyMWZiZjc5MzczOTY0MSIsInVzZXJfaWQiOjExfQ.-F-Kvosg_eBVgO6sGVaOlEVCg-3RLwWTaPkULZuful0", "created_at": "2025-03-31T06:32:17.225Z", "expires_at": "2025-04-07T06:32:17Z"}}, {"model": "token_blacklist.outstandingtoken", "pk": 132, "fields": {"user": 13, "jti": "06cd886470f74f76bdf98370739a3c3f", "token": "eyJhbGciOiJIUzI1NiIsInR5cCI6IkpXVCJ9.eyJ0b2tlbl90eXBlIjoicmVmcmVzaCIsImV4cCI6MTc0NDAwNzYzNywiaWF0IjoxNzQzNDAyODM3LCJqdGkiOiIwNmNkODg2NDcwZjc0Zjc2YmRmOTgzNzA3MzlhM2MzZiIsInVzZXJfaWQiOjEzfQ.zNfrgV3v4KK46zv2M4EZFP-rluy8004vw1zztqgOtto", "created_at": "2025-03-31T06:33:57.909Z", "expires_at": "2025-04-07T06:33:57Z"}}, {"model": "token_blacklist.outstandingtoken", "pk": 133, "fields": {"user": 10, "jti": "9e519bfee06c4a8f9aa91e5a6e19d6bd", "token": "eyJhbGciOiJIUzI1NiIsInR5cCI6IkpXVCJ9.eyJ0b2tlbl90eXBlIjoicmVmcmVzaCIsImV4cCI6MTc0NDAwNzcwMCwiaWF0IjoxNzQzNDAyOTAwLCJqdGkiOiI5ZTUxOWJmZWUwNmM0YThmOWFhOTFlNWE2ZTE5ZDZiZCIsInVzZXJfaWQiOjEwfQ.tuv-lKpfYLYI2CFL02a1SAsxE28SQzgirt8k3ZUps88", "created_at": "2025-03-31T06:35:00.768Z", "expires_at": "2025-04-07T06:35:00Z"}}, {"model": "token_blacklist.outstandingtoken", "pk": 134, "fields": {"user": 13, "jti": "41e7eca520304aa5be5531e56a71ad81", "token": "eyJhbGciOiJIUzI1NiIsInR5cCI6IkpXVCJ9.eyJ0b2tlbl90eXBlIjoicmVmcmVzaCIsImV4cCI6MTc0NDAzOTUzNywiaWF0IjoxNzQzNDM0NzM3LCJqdGkiOiI0MWU3ZWNhNTIwMzA0YWE1YmU1NTMxZTU2YTcxYWQ4MSIsInVzZXJfaWQiOjEzfQ.f7iO0v9qDug2g39Dq-pngSmjkRZeQH5DHlB-Ofgef4Y", "created_at": "2025-03-31T15:25:37.569Z", "expires_at": "2025-04-07T15:25:37Z"}}, {"model": "token_blacklist.outstandingtoken", "pk": 135, "fields": {"user": 1, "jti": "94cb4339885944d79a769f03825eaf49", "token": "eyJhbGciOiJIUzI1NiIsInR5cCI6IkpXVCJ9.eyJ0b2tlbl90eXBlIjoicmVmcmVzaCIsImV4cCI6MTc0NDAzOTYzOSwiaWF0IjoxNzQzNDM0ODM5LCJqdGkiOiI5NGNiNDMzOTg4NTk0NGQ3OWE3NjlmMDM4MjVlYWY0OSIsInVzZXJfaWQiOjF9.T_G1tOzRGytw7KXhHt_XBb3Tt183X6fF_ILoE48rk4E", "created_at": "2025-03-31T15:27:19.735Z", "expires_at": "2025-04-07T15:27:19Z"}}, {"model": "token_blacklist.outstandingtoken", "pk": 136, "fields": {"user": 11, "jti": "cad78d8aedf94062aa9ad89f942fddad", "token": "eyJhbGciOiJIUzI1NiIsInR5cCI6IkpXVCJ9.eyJ0b2tlbl90eXBlIjoicmVmcmVzaCIsImV4cCI6MTc0NDAzOTcxNCwiaWF0IjoxNzQzNDM0OTE0LCJqdGkiOiJjYWQ3OGQ4YWVkZjk0MDYyYWE5YWQ4OWY5NDJmZGRhZCIsInVzZXJfaWQiOjExfQ.ZZHVcym5JqlXy11qEVcrRykazUBwthc6meERewdR3tE", "created_at": "2025-03-31T15:28:34.578Z", "expires_at": "2025-04-07T15:28:34Z"}}, {"model": "token_blacklist.outstandingtoken", "pk": 137, "fields": {"user": 10, "jti": "c424085a0b5d4dafbbdf430d4e8809fe", "token": "eyJhbGciOiJIUzI1NiIsInR5cCI6IkpXVCJ9.eyJ0b2tlbl90eXBlIjoicmVmcmVzaCIsImV4cCI6MTc0NDAzOTc3MywiaWF0IjoxNzQzNDM0OTczLCJqdGkiOiJjNDI0MDg1YTBiNWQ0ZGFmYmJkZjQzMGQ0ZTg4MDlmZSIsInVzZXJfaWQiOjEwfQ.XqKHz9XYjNqFYqV5T29qDZkLGUW1_vazrs8IPGj8ZLM", "created_at": "2025-03-31T15:29:33.802Z", "expires_at": "2025-04-07T15:29:33Z"}}, {"model": "token_blacklist.outstandingtoken", "pk": 138, "fields": {"user": 13, "jti": "479d6d65f047456e84447b3bb1be03d5", "token": "eyJhbGciOiJIUzI1NiIsInR5cCI6IkpXVCJ9.eyJ0b2tlbl90eXBlIjoicmVmcmVzaCIsImV4cCI6MTc0NDExOTkyMCwiaWF0IjoxNzQzNTE1MTIwLCJqdGkiOiI0NzlkNmQ2NWYwNDc0NTZlODQ0NDdiM2JiMWJlMDNkNSIsInVzZXJfaWQiOjEzfQ.GVddTvGS88xsBq1Fp4i8opqdidaCCuNbtCN5Vs-AYjo", "created_at": "2025-04-01T13:45:20.993Z", "expires_at": "2025-04-08T13:45:20Z"}}, {"model": "token_blacklist.outstandingtoken", "pk": 139, "fields": {"user": 13, "jti": "ee926f5271fd40c5924001c6f1c7aac9", "token": "eyJhbGciOiJIUzI1NiIsInR5cCI6IkpXVCJ9.eyJ0b2tlbl90eXBlIjoicmVmcmVzaCIsImV4cCI6MTc0NDE5MDMxMCwiaWF0IjoxNzQzNTg1NTEwLCJqdGkiOiJlZTkyNmY1MjcxZmQ0MGM1OTI0MDAxYzZmMWM3YWFjOSIsInVzZXJfaWQiOjEzfQ.4sEUZk2ZFzJ1XAidwxa9GahC_d3fsCXN92_kR5usCOs", "created_at": "2025-04-02T09:18:30.979Z", "expires_at": "2025-04-09T09:18:30Z"}}, {"model": "token_blacklist.outstandingtoken", "pk": 140, "fields": {"user": 11, "jti": "30a84ee7623b4521987c04c506524ad5", "token": "eyJhbGciOiJIUzI1NiIsInR5cCI6IkpXVCJ9.eyJ0b2tlbl90eXBlIjoicmVmcmVzaCIsImV4cCI6MTc0NDE5MDQ0NywiaWF0IjoxNzQzNTg1NjQ3LCJqdGkiOiIzMGE4NGVlNzYyM2I0NTIxOTg3YzA0YzUwNjUyNGFkNSIsInVzZXJfaWQiOjExfQ.v2dIzfksdpdLdBZKNzSZ7JRGCcORxOMomz7krHN_OUg", "created_at": "2025-04-02T09:20:47.827Z", "expires_at": "2025-04-09T09:20:47Z"}}, {"model": "token_blacklist.outstandingtoken", "pk": 141, "fields": {"user": 11, "jti": "9b2bd617e9424e4191154de87f396278", "token": "eyJhbGciOiJIUzI1NiIsInR5cCI6IkpXVCJ9.eyJ0b2tlbl90eXBlIjoicmVmcmVzaCIsImV4cCI6MTc0NDE5MDQ3MiwiaWF0IjoxNzQzNTg1NjcyLCJqdGkiOiI5YjJiZDYxN2U5NDI0ZTQxOTExNTRkZTg3ZjM5NjI3OCIsInVzZXJfaWQiOjExfQ.H5Bn6k3T5ECDCLfPlTZ3o3WL9MR3cmTwaKV0U8m3pj0", "created_at": "2025-04-02T09:21:12.296Z", "expires_at": "2025-04-09T09:21:12Z"}}, {"model": "token_blacklist.outstandingtoken", "pk": 142, "fields": {"user": 13, "jti": "63d687636e094ea5a91dc0afa89c4891", "token": "eyJhbGciOiJIUzI1NiIsInR5cCI6IkpXVCJ9.eyJ0b2tlbl90eXBlIjoicmVmcmVzaCIsImV4cCI6MTc0NDE5MDQ4NSwiaWF0IjoxNzQzNTg1Njg1LCJqdGkiOiI2M2Q2ODc2MzZlMDk0ZWE1YTkxZGMwYWZhODljNDg5MSIsInVzZXJfaWQiOjEzfQ.pKmjnY-MNkt9ZQcIhnSgSS9NbEA20eGUogQofkmMVs0", "created_at": "2025-04-02T09:21:25.013Z", "expires_at": "2025-04-09T09:21:25Z"}}, {"model": "token_blacklist.outstandingtoken", "pk": 143, "fields": {"user": 6, "jti": "e727c65c13a145029484fd6f1d12e038", "token": "eyJhbGciOiJIUzI1NiIsInR5cCI6IkpXVCJ9.eyJ0b2tlbl90eXBlIjoicmVmcmVzaCIsImV4cCI6MTc0NDE5MDg4OCwiaWF0IjoxNzQzNTg2MDg4LCJqdGkiOiJlNzI3YzY1YzEzYTE0NTAyOTQ4NGZkNmYxZDEyZTAzOCIsInVzZXJfaWQiOjZ9.GIuSDueU3YBlaXH9zouijCS-8dicr5lCV_S956RMjg0", "created_at": "2025-04-02T09:28:08.640Z", "expires_at": "2025-04-09T09:28:08Z"}}, {"model": "token_blacklist.outstandingtoken", "pk": 144, "fields": {"user": 6, "jti": "c09294348c0043f69ff332eb81d3bcb9", "token": "eyJhbGciOiJIUzI1NiIsInR5cCI6IkpXVCJ9.eyJ0b2tlbl90eXBlIjoicmVmcmVzaCIsImV4cCI6MTc0NDE5MDk0NSwiaWF0IjoxNzQzNTg2MTQ1LCJqdGkiOiJjMDkyOTQzNDhjMDA0M2Y2OWZmMzMyZWI4MWQzYmNiOSIsInVzZXJfaWQiOjZ9.2Te_rk873Qij2LmkSm9M764o3fYNsBQ44mevTp_uNd0", "created_at": "2025-04-02T09:29:05.976Z", "expires_at": "2025-04-09T09:29:05Z"}}, {"model": "token_blacklist.outstandingtoken", "pk": 145, "fields": {"user": 13, "jti": "f7d23006601742a2bea281ee77a74382", "token": "eyJhbGciOiJIUzI1NiIsInR5cCI6IkpXVCJ9.eyJ0b2tlbl90eXBlIjoicmVmcmVzaCIsImV4cCI6MTc0NDE5OTgwNSwiaWF0IjoxNzQzNTk1MDA1LCJqdGkiOiJmN2QyMzAwNjYwMTc0MmEyYmVhMjgxZWU3N2E3NDM4MiIsInVzZXJfaWQiOjEzfQ.R-MH-QvRJpBCneQLUpHUa-gJ8KGe_vLaPJwS_8yNNI8", "created_at": "2025-04-02T11:56:45.927Z", "expires_at": "2025-04-09T11:56:45Z"}}, {"model": "token_blacklist.outstandingtoken", "pk": 146, "fields": {"user": 13, "jti": "14ac72dbe50f4d0f9492307a7314a8ba", "token": "eyJhbGciOiJIUzI1NiIsInR5cCI6IkpXVCJ9.eyJ0b2tlbl90eXBlIjoicmVmcmVzaCIsImV4cCI6MTc0NDIwMzY1OSwiaWF0IjoxNzQzNTk4ODU5LCJqdGkiOiIxNGFjNzJkYmU1MGY0ZDBmOTQ5MjMwN2E3MzE0YThiYSIsInVzZXJfaWQiOjEzfQ.hO4ykAf64DG9GQG47Sv6ELMLFix2tcSOvWOp-99PqyQ", "created_at": "2025-04-02T13:00:59.294Z", "expires_at": "2025-04-09T13:00:59Z"}}, {"model": "token_blacklist.outstandingtoken", "pk": 147, "fields": {"user": 14, "jti": "ddb6d239ca634d709dbc43431c2adeee", "token": "eyJhbGciOiJIUzI1NiIsInR5cCI6IkpXVCJ9.eyJ0b2tlbl90eXBlIjoicmVmcmVzaCIsImV4cCI6MTc0NDIwMzcwNCwiaWF0IjoxNzQzNTk4OTA0LCJqdGkiOiJkZGI2ZDIzOWNhNjM0ZDcwOWRiYzQzNDMxYzJhZGVlZSIsInVzZXJfaWQiOjE0fQ.UgD1tkCzTDfhqanJ_ItAs6StjtExD4VyexxgYvAou84", "created_at": "2025-04-02T13:01:44.730Z", "expires_at": "2025-04-09T13:01:44Z"}}, {"model": "token_blacklist.outstandingtoken", "pk": 148, "fields": {"user": 11, "jti": "8074ca59e1ac4fd380e979da53ad45f3", "token": "eyJhbGciOiJIUzI1NiIsInR5cCI6IkpXVCJ9.eyJ0b2tlbl90eXBlIjoicmVmcmVzaCIsImV4cCI6MTc0NDIwMzczMSwiaWF0IjoxNzQzNTk4OTMxLCJqdGkiOiI4MDc0Y2E1OWUxYWM0ZmQzODBlOTc5ZGE1M2FkNDVmMyIsInVzZXJfaWQiOjExfQ.wGojfGl4hNCwBXwXGuSliGIS-irfdFyxb2J9FMEuDJg", "created_at": "2025-04-02T13:02:11.588Z", "expires_at": "2025-04-09T13:02:11Z"}}, {"model": "token_blacklist.outstandingtoken", "pk": 149, "fields": {"user": 11, "jti": "f0c466693ae74cc18cfeb14bc8926310", "token": "eyJhbGciOiJIUzI1NiIsInR5cCI6IkpXVCJ9.eyJ0b2tlbl90eXBlIjoicmVmcmVzaCIsImV4cCI6MTc0NDIwODE5OSwiaWF0IjoxNzQzNjAzMzk5LCJqdGkiOiJmMGM0NjY2OTNhZTc0Y2MxOGNmZWIxNGJjODkyNjMxMCIsInVzZXJfaWQiOjExfQ.tc6oy-EkmQsQqW5_GGFKRKcz6Jm-g7Y-vYrGwlsRSe0", "created_at": "2025-04-02T14:16:39.397Z", "expires_at": "2025-04-09T14:16:39Z"}}, {"model": "token_blacklist.outstandingtoken", "pk": 150, "fields": {"user": 13, "jti": "5760ba3c7d544282a5588eab513e8c5b", "token": "eyJhbGciOiJIUzI1NiIsInR5cCI6IkpXVCJ9.eyJ0b2tlbl90eXBlIjoicmVmcmVzaCIsImV4cCI6MTc0NDIwODIzOCwiaWF0IjoxNzQzNjAzNDM4LCJqdGkiOiI1NzYwYmEzYzdkNTQ0MjgyYTU1ODhlYWI1MTNlOGM1YiIsInVzZXJfaWQiOjEzfQ.afw1Kxkh5_SdxMvPMrNx-xY6Ck0j7Fl_W77APn2XDgU", "created_at": "2025-04-02T14:17:18.370Z", "expires_at": "2025-04-09T14:17:18Z"}}, {"model": "token_blacklist.outstandingtoken", "pk": 151, "fields": {"user": 1, "jti": "64bcf5699a0048e2bdeadb5e5fa66287", "token": "eyJhbGciOiJIUzI1NiIsInR5cCI6IkpXVCJ9.eyJ0b2tlbl90eXBlIjoicmVmcmVzaCIsImV4cCI6MTc0NDIwODI2NywiaWF0IjoxNzQzNjAzNDY3LCJqdGkiOiI2NGJjZjU2OTlhMDA0OGUyYmRlYWRiNWU1ZmE2NjI4NyIsInVzZXJfaWQiOjF9.Lm5BhLSO374GdeOeh_1DVw5zWal5cZmkd4J_JmFevHQ", "created_at": "2025-04-02T14:17:47.013Z", "expires_at": "2025-04-09T14:17:47Z"}}, {"model": "token_blacklist.outstandingtoken", "pk": 152, "fields": {"user": 13, "jti": "900924e8df314f8a85a8cb63ff8496cf", "token": "eyJhbGciOiJIUzI1NiIsInR5cCI6IkpXVCJ9.eyJ0b2tlbl90eXBlIjoicmVmcmVzaCIsImV4cCI6MTc0NDM3MzM0NywiaWF0IjoxNzQzNzY4NTQ3LCJqdGkiOiI5MDA5MjRlOGRmMzE0ZjhhODVhOGNiNjNmZjg0OTZjZiIsInVzZXJfaWQiOjEzfQ.ShrM5aif9-QBcS0A-dU2Tc4G_LNqVcqjBM4-r1lb4Zk", "created_at": "2025-04-04T12:09:07.662Z", "expires_at": "2025-04-11T12:09:07Z"}}, {"model": "token_blacklist.outstandingtoken", "pk": 153, "fields": {"user": 11, "jti": "1fc0e03baf384c6786b6ef1d8e46d1e1", "token": "eyJhbGciOiJIUzI1NiIsInR5cCI6IkpXVCJ9.eyJ0b2tlbl90eXBlIjoicmVmcmVzaCIsImV4cCI6MTc0NDM3NDQ0NCwiaWF0IjoxNzQzNzY5NjQ0LCJqdGkiOiIxZmMwZTAzYmFmMzg0YzY3ODZiNmVmMWQ4ZTQ2ZDFlMSIsInVzZXJfaWQiOjExfQ.1DuZA_YMOgMchAMMw0bFnIe7Q3SWzVVW9x-yTroMRj4", "created_at": "2025-04-04T12:27:24.793Z", "expires_at": "2025-04-11T12:27:24Z"}}, {"model": "token_blacklist.outstandingtoken", "pk": 154, "fields": {"user": 11, "jti": "cdd658e34145490b8b7da0e3f8f8513d", "token": "eyJhbGciOiJIUzI1NiIsInR5cCI6IkpXVCJ9.eyJ0b2tlbl90eXBlIjoicmVmcmVzaCIsImV4cCI6MTc0NDM5NjI1NCwiaWF0IjoxNzQzNzkxNDU0LCJqdGkiOiJjZGQ2NThlMzQxNDU0OTBiOGI3ZGEwZTNmOGY4NTEzZCIsInVzZXJfaWQiOjExfQ.SyYHvMbcdn_wUqHt1Ik2r1QksTA6IGQlk4Q8H20SNGs", "created_at": "2025-04-04T18:30:54.408Z", "expires_at": "2025-04-11T18:30:54Z"}}, {"model": "token_blacklist.outstandingtoken", "pk": 155, "fields": {"user": 1, "jti": "ee1cd82f752f49e3925755b3734bbecd", "token": "eyJhbGciOiJIUzI1NiIsInR5cCI6IkpXVCJ9.eyJ0b2tlbl90eXBlIjoicmVmcmVzaCIsImV4cCI6MTc0NDM5NjU0NCwiaWF0IjoxNzQzNzkxNzQ0LCJqdGkiOiJlZTFjZDgyZjc1MmY0OWUzOTI1NzU1YjM3MzRiYmVjZCIsInVzZXJfaWQiOjF9.HRX6Buc5wYbXB_1ZGFcTYI9wt5nBibHwTUw7DrBRtWs", "created_at": "2025-04-04T18:35:44.008Z", "expires_at": "2025-04-11T18:35:44Z"}}, {"model": "token_blacklist.outstandingtoken", "pk": 156, "fields": {"user": 11, "jti": "878bb7b51803421aa2bf06a18989d1f3", "token": "eyJhbGciOiJIUzI1NiIsInR5cCI6IkpXVCJ9.eyJ0b2tlbl90eXBlIjoicmVmcmVzaCIsImV4cCI6MTc0NDM5ODQ4MiwiaWF0IjoxNzQzNzkzNjgyLCJqdGkiOiI4NzhiYjdiNTE4MDM0MjFhYTJiZjA2YTE4OTg5ZDFmMyIsInVzZXJfaWQiOjExfQ.ZPbrmABBjkOq1vZprQEjnqFkByIOth7W3YKsLOd5E-U", "created_at": "2025-04-04T19:08:02.914Z", "expires_at": "2025-04-11T19:08:02Z"}}, {"model": "token_blacklist.outstandingtoken", "pk": 157, "fields": {"user": 7, "jti": "d45b0ffdc6e444efb80e318e7853f481", "token": "eyJhbGciOiJIUzI1NiIsInR5cCI6IkpXVCJ9.eyJ0b2tlbl90eXBlIjoicmVmcmVzaCIsImV4cCI6MTc0NDQ4MDM3NiwiaWF0IjoxNzQzODc1NTc2LCJqdGkiOiJkNDViMGZmZGM2ZTQ0NGVmYjgwZTMxOGU3ODUzZjQ4MSIsInVzZXJfaWQiOjd9.II8ATbTOczGMbe0Zu0EZg2SeRJxORhusBTQNVol67T8", "created_at": "2025-04-05T17:52:56.115Z", "expires_at": "2025-04-12T17:52:56Z"}}, {"model": "token_blacklist.outstandingtoken", "pk": 158, "fields": {"user": 7, "jti": "993bd512a5ed48c09a31f509ee23f647", "token": "eyJhbGciOiJIUzI1NiIsInR5cCI6IkpXVCJ9.eyJ0b2tlbl90eXBlIjoicmVmcmVzaCIsImV4cCI6MTc0NDQ4MDM5MywiaWF0IjoxNzQzODc1NTkzLCJqdGkiOiI5OTNiZDUxMmE1ZWQ0OGMwOWEzMWY1MDllZTIzZjY0NyIsInVzZXJfaWQiOjd9.3bcLoqS9dqtoJ2bsItG3j99DS53Ieo5S9L1qnZtZ6Ws", "created_at": "2025-04-05T17:53:13.233Z", "expires_at": "2025-04-12T17:53:13Z"}}, {"model": "token_blacklist.outstandingtoken", "pk": 159, "fields": {"user": 12, "jti": "acaec922d6b54fe294af342582707d33", "token": "eyJhbGciOiJIUzI1NiIsInR5cCI6IkpXVCJ9.eyJ0b2tlbl90eXBlIjoicmVmcmVzaCIsImV4cCI6MTc0NDQ4MDQxNywiaWF0IjoxNzQzODc1NjE3LCJqdGkiOiJhY2FlYzkyMmQ2YjU0ZmUyOTRhZjM0MjU4MjcwN2QzMyIsInVzZXJfaWQiOjEyfQ.E_JaQDeULguJJI46E93HV2k0253J_xkJZvZfIMaddgA", "created_at": "2025-04-05T17:53:37.698Z", "expires_at": "2025-04-12T17:53:37Z"}}, {"model": "token_blacklist.outstandingtoken", "pk": 160, "fields": {"user": 11, "jti": "9fff99bf10aa4fae848d6e77c78c90f5", "token": "eyJhbGciOiJIUzI1NiIsInR5cCI6IkpXVCJ9.eyJ0b2tlbl90eXBlIjoicmVmcmVzaCIsImV4cCI6MTc0NDQ4MjI5NSwiaWF0IjoxNzQzODc3NDk1LCJqdGkiOiI5ZmZmOTliZjEwYWE0ZmFlODQ4ZDZlNzdjNzhjOTBmNSIsInVzZXJfaWQiOjExfQ.6v4anJpuYMp3SushieMsbP3RC_WsF086wiWDmaFAqFU", "created_at": "2025-04-05T18:24:55.346Z", "expires_at": "2025-04-12T18:24:55Z"}}, {"model": "token_blacklist.outstandingtoken", "pk": 161, "fields": {"user": 13, "jti": "c29d9b8d25014326afc001c709dcde43", "token": "eyJhbGciOiJIUzI1NiIsInR5cCI6IkpXVCJ9.eyJ0b2tlbl90eXBlIjoicmVmcmVzaCIsImV4cCI6MTc0NDQ4MjM2MCwiaWF0IjoxNzQzODc3NTYwLCJqdGkiOiJjMjlkOWI4ZDI1MDE0MzI2YWZjMDAxYzcwOWRjZGU0MyIsInVzZXJfaWQiOjEzfQ.vBYYEOdQSlYreZ5M1Ts5vT_m0nP-afBMRgfdnVxeWTk", "created_at": "2025-04-05T18:26:00.991Z", "expires_at": "2025-04-12T18:26:00Z"}}, {"model": "token_blacklist.outstandingtoken", "pk": 162, "fields": {"user": 11, "jti": "5289225a5f794ff8aabd2dc7de032bd3", "token": "eyJhbGciOiJIUzI1NiIsInR5cCI6IkpXVCJ9.eyJ0b2tlbl90eXBlIjoicmVmcmVzaCIsImV4cCI6MTc0NDQ4MzM5NCwiaWF0IjoxNzQzODc4NTk0LCJqdGkiOiI1Mjg5MjI1YTVmNzk0ZmY4YWFiZDJkYzdkZTAzMmJkMyIsInVzZXJfaWQiOjExfQ.PWfgCYX3ms4yjnnrIVasxcKPMSZmFOwGe9pglFAxaBE", "created_at": "2025-04-05T18:43:14.050Z", "expires_at": "2025-04-12T18:43:14Z"}}, {"model": "token_blacklist.outstandingtoken", "pk": 163, "fields": {"user": 13, "jti": "72ecaf9a24374316886c310a66262bc3", "token": "eyJhbGciOiJIUzI1NiIsInR5cCI6IkpXVCJ9.eyJ0b2tlbl90eXBlIjoicmVmcmVzaCIsImV4cCI6MTc0NDQ4MzQ2MCwiaWF0IjoxNzQzODc4NjYwLCJqdGkiOiI3MmVjYWY5YTI0Mzc0MzE2ODg2YzMxMGE2NjI2MmJjMyIsInVzZXJfaWQiOjEzfQ.OIjkK1d-AI3wvM4qEDqTUbNhamgPj044U8xYnW_YNsQ", "created_at": "2025-04-05T18:44:20.957Z", "expires_at": "2025-04-12T18:44:20Z"}}, {"model": "token_blacklist.outstandingtoken", "pk": 164, "fields": {"user": 15, "jti": "dccfca20f59e4ac68872f817b9231b5d", "token": "eyJhbGciOiJIUzI1NiIsInR5cCI6IkpXVCJ9.eyJ0b2tlbl90eXBlIjoicmVmcmVzaCIsImV4cCI6MTc0NDQ4MzYxMiwiaWF0IjoxNzQzODc4ODEyLCJqdGkiOiJkY2NmY2EyMGY1OWU0YWM2ODg3MmY4MTdiOTIzMWI1ZCIsInVzZXJfaWQiOjE1fQ.spRtwqFqcKje95cPFSIuIgqCfZzj8YpRoQIRHzWwnMQ", "created_at": "2025-04-05T18:46:52.209Z", "expires_at": "2025-04-12T18:46:52Z"}}, {"model": "token_blacklist.outstandingtoken", "pk": 165, "fields": {"user": 13, "jti": "4d937743a26b44468d0807d37977220d", "token": "eyJhbGciOiJIUzI1NiIsInR5cCI6IkpXVCJ9.eyJ0b2tlbl90eXBlIjoicmVmcmVzaCIsImV4cCI6MTc0NDQ4MzY0MCwiaWF0IjoxNzQzODc4ODQwLCJqdGkiOiI0ZDkzNzc0M2EyNmI0NDQ2OGQwODA3ZDM3OTc3MjIwZCIsInVzZXJfaWQiOjEzfQ.XCKS_FunhqdLCxfKtmY93bZAVg9RwYQo_Zr_QDHT_P8", "created_at": "2025-04-05T18:47:20.485Z", "expires_at": "2025-04-12T18:47:20Z"}}, {"model": "token_blacklist.outstandingtoken", "pk": 166, "fields": {"user": 1, "jti": "2f2095747b524a3384a5abe384b086a3", "token": "eyJhbGciOiJIUzI1NiIsInR5cCI6IkpXVCJ9.eyJ0b2tlbl90eXBlIjoicmVmcmVzaCIsImV4cCI6MTc0NDQ4Mzk2OSwiaWF0IjoxNzQzODc5MTY5LCJqdGkiOiIyZjIwOTU3NDdiNTI0YTMzODRhNWFiZTM4NGIwODZhMyIsInVzZXJfaWQiOjF9.1vwtT2r1yidXIQgidFN73SbRFMOSDk5o918orD6coT0", "created_at": "2025-04-05T18:52:49.990Z", "expires_at": "2025-04-12T18:52:49Z"}}, {"model": "token_blacklist.outstandingtoken", "pk": 167, "fields": {"user": 15, "jti": "5c2a2270e6e3482ea21c00392d21e0af", "token": "eyJhbGciOiJIUzI1NiIsInR5cCI6IkpXVCJ9.eyJ0b2tlbl90eXBlIjoicmVmcmVzaCIsImV4cCI6MTc0NDQ4NDIzNywiaWF0IjoxNzQzODc5NDM3LCJqdGkiOiI1YzJhMjI3MGU2ZTM0ODJlYTIxYzAwMzkyZDIxZTBhZiIsInVzZXJfaWQiOjE1fQ.S006e8KknkBImq2nOsfizbuow4ToJbFkkQ12Ek0mPrU", "created_at": "2025-04-05T18:57:17.950Z", "expires_at": "2025-04-12T18:57:17Z"}}, {"model": "token_blacklist.outstandingtoken", "pk": 168, "fields": {"user": 11, "jti": "36068dbd3a9d40a4a18c6c873148efda", "token": "eyJhbGciOiJIUzI1NiIsInR5cCI6IkpXVCJ9.eyJ0b2tlbl90eXBlIjoicmVmcmVzaCIsImV4cCI6MTc0NDQ4NDY2MiwiaWF0IjoxNzQzODc5ODYyLCJqdGkiOiIzNjA2OGRiZDNhOWQ0MGE0YTE4YzZjODczMTQ4ZWZkYSIsInVzZXJfaWQiOjExfQ.fDuqi8g_pnhYUfJ819GPyAR7UVDBbWmk93FU9M8W7AQ", "created_at": "2025-04-05T19:04:22.475Z", "expires_at": "2025-04-12T19:04:22Z"}}, {"model": "token_blacklist.outstandingtoken", "pk": 169, "fields": {"user": 13, "jti": "8f6fdea5dcea4edc9eb4e57fc4b64df2", "token": "eyJhbGciOiJIUzI1NiIsInR5cCI6IkpXVCJ9.eyJ0b2tlbl90eXBlIjoicmVmcmVzaCIsImV4cCI6MTc0NDQ4NTA0NiwiaWF0IjoxNzQzODgwMjQ2LCJqdGkiOiI4ZjZmZGVhNWRjZWE0ZWRjOWViNGU1N2ZjNGI2NGRmMiIsInVzZXJfaWQiOjEzfQ.uqt8l5puqCmf8cnmwC-ZqOSdnfo9SCpoNv7ZWZVZDVU", "created_at": "2025-04-05T19:10:46.329Z", "expires_at": "2025-04-12T19:10:46Z"}}, {"model": "token_blacklist.outstandingtoken", "pk": 170, "fields": {"user": 11, "jti": "17ab441f2e274ca9a2694bec093df032", "token": "eyJhbGciOiJIUzI1NiIsInR5cCI6IkpXVCJ9.eyJ0b2tlbl90eXBlIjoicmVmcmVzaCIsImV4cCI6MTc0NDQ4NTI0NSwiaWF0IjoxNzQzODgwNDQ1LCJqdGkiOiIxN2FiNDQxZjJlMjc0Y2E5YTI2OTRiZWMwOTNkZjAzMiIsInVzZXJfaWQiOjExfQ.esqRSlc7rOxh_-14Gz4dcq_2IRY1mD_NtTgm3mdu-dc", "created_at": "2025-04-05T19:14:05.425Z", "expires_at": "2025-04-12T19:14:05Z"}}, {"model": "token_blacklist.outstandingtoken", "pk": 171, "fields": {"user": 13, "jti": "9eea2ee133ff4b6182c7424526a2d31d", "token": "eyJhbGciOiJIUzI1NiIsInR5cCI6IkpXVCJ9.eyJ0b2tlbl90eXBlIjoicmVmcmVzaCIsImV4cCI6MTc0NDQ4NTI4NCwiaWF0IjoxNzQzODgwNDg0LCJqdGkiOiI5ZWVhMmVlMTMzZmY0YjYxODJjNzQyNDUyNmEyZDMxZCIsInVzZXJfaWQiOjEzfQ.TqCq0cIdvCUkXCcsXY5T1yCo0gxc0nuxhmdXV0338p4", "created_at": "2025-04-05T19:14:44.510Z", "expires_at": "2025-04-12T19:14:44Z"}}, {"model": "token_blacklist.outstandingtoken", "pk": 172, "fields": {"user": 13, "jti": "28ea1520182f42dba427aabceed4aec5", "token": "eyJhbGciOiJIUzI1NiIsInR5cCI6IkpXVCJ9.eyJ0b2tlbl90eXBlIjoicmVmcmVzaCIsImV4cCI6MTc0NDQ4NTUzMiwiaWF0IjoxNzQzODgwNzMyLCJqdGkiOiIyOGVhMTUyMDE4MmY0MmRiYTQyN2FhYmNlZWQ0YWVjNSIsInVzZXJfaWQiOjEzfQ.93Kqx92bpSVrndaGM16683B-HC_VWBvGTZgHGirjNZY", "created_at": "2025-04-05T19:18:52.611Z", "expires_at": "2025-04-12T19:18:52Z"}}, {"model": "token_blacklist.outstandingtoken", "pk": 173, "fields": {"user": 13, "jti": "194bc83b96804dd99b63ea2e59f94c08", "token": "eyJhbGciOiJIUzI1NiIsInR5cCI6IkpXVCJ9.eyJ0b2tlbl90eXBlIjoicmVmcmVzaCIsImV4cCI6MTc0NDUyNjM3NSwiaWF0IjoxNzQzOTIxNTc1LCJqdGkiOiIxOTRiYzgzYjk2ODA0ZGQ5OWI2M2VhMmU1OWY5NGMwOCIsInVzZXJfaWQiOjEzfQ.Rm9bArLT8f6Y3x1GL6yd3MTBH8AgZH_Nw1iFF1F7xRQ", "created_at": "2025-04-06T06:39:35.775Z", "expires_at": "2025-04-13T06:39:35Z"}}, {"model": "token_blacklist.outstandingtoken", "pk": 174, "fields": {"user": 11, "jti": "83f96cce5eeb488780f07229ba087afc", "token": "eyJhbGciOiJIUzI1NiIsInR5cCI6IkpXVCJ9.eyJ0b2tlbl90eXBlIjoicmVmcmVzaCIsImV4cCI6MTc0NDUyODA0OSwiaWF0IjoxNzQzOTIzMjQ5LCJqdGkiOiI4M2Y5NmNjZTVlZWI0ODg3ODBmMDcyMjliYTA4N2FmYyIsInVzZXJfaWQiOjExfQ.bcf_wcrmONBqglz7Xg1n7I5nmXR3RvAGoH-AmClZcZM", "created_at": "2025-04-06T07:07:29.458Z", "expires_at": "2025-04-13T07:07:29Z"}}, {"model": "token_blacklist.outstandingtoken", "pk": 175, "fields": {"user": 13, "jti": "b7295f486a0840f2aa27b5b9d50863f7", "token": "eyJhbGciOiJIUzI1NiIsInR5cCI6IkpXVCJ9.eyJ0b2tlbl90eXBlIjoicmVmcmVzaCIsImV4cCI6MTc0NDUyODI3OCwiaWF0IjoxNzQzOTIzNDc4LCJqdGkiOiJiNzI5NWY0ODZhMDg0MGYyYWEyN2I1YjlkNTA4NjNmNyIsInVzZXJfaWQiOjEzfQ.nUE6fqqcqMQzP7ajEEexGDUtzEgC7zQ91wd1kBl4osM", "created_at": "2025-04-06T07:11:18.198Z", "expires_at": "2025-04-13T07:11:18Z"}}, {"model": "token_blacklist.outstandingtoken", "pk": 176, "fields": {"user": 1, "jti": "bd4aa323fd0443ccb14c5cedcca15b4a", "token": "eyJhbGciOiJIUzI1NiIsInR5cCI6IkpXVCJ9.eyJ0b2tlbl90eXBlIjoicmVmcmVzaCIsImV4cCI6MTc0NDUyODM2MSwiaWF0IjoxNzQzOTIzNTYxLCJqdGkiOiJiZDRhYTMyM2ZkMDQ0M2NjYjE0YzVjZWRjY2ExNWI0YSIsInVzZXJfaWQiOjF9.lMJK_5o_kzemhMvua9g1DFhfXgHScu8ApdsAfWlCWPs", "created_at": "2025-04-06T07:12:41.631Z", "expires_at": "2025-04-13T07:12:41Z"}}, {"model": "token_blacklist.outstandingtoken", "pk": 177, "fields": {"user": 10, "jti": "e2aed29b2a9f4d78814fdd6697b12ec6", "token": "eyJhbGciOiJIUzI1NiIsInR5cCI6IkpXVCJ9.eyJ0b2tlbl90eXBlIjoicmVmcmVzaCIsImV4cCI6MTc0NDUyODUxMiwiaWF0IjoxNzQzOTIzNzEyLCJqdGkiOiJlMmFlZDI5YjJhOWY0ZDc4ODE0ZmRkNjY5N2IxMmVjNiIsInVzZXJfaWQiOjEwfQ.dUzZcC--754WjyhPnbUM1vJX2CWoUkTCq3OYMuTeYUM", "created_at": "2025-04-06T07:15:12.681Z", "expires_at": "2025-04-13T07:15:12Z"}}, {"model": "token_blacklist.outstandingtoken", "pk": 178, "fields": {"user": 13, "jti": "e19e035bb4604dda8e2f98f2ffc32dd6", "token": "eyJhbGciOiJIUzI1NiIsInR5cCI6IkpXVCJ9.eyJ0b2tlbl90eXBlIjoicmVmcmVzaCIsImV4cCI6MTc0NDUyOTIwNSwiaWF0IjoxNzQzOTI0NDA1LCJqdGkiOiJlMTllMDM1YmI0NjA0ZGRhOGUyZjk4ZjJmZmMzMmRkNiIsInVzZXJfaWQiOjEzfQ.wARY1ZySxprFfmyPZCqpenxXAs1tsRH4x1UKtfC0AFw", "created_at": "2025-04-06T07:26:45.754Z", "expires_at": "2025-04-13T07:26:45Z"}}, {"model": "token_blacklist.outstandingtoken", "pk": 179, "fields": {"user": 13, "jti": "f00857e03bc64564a025f9c32afd14a4", "token": "eyJhbGciOiJIUzI1NiIsInR5cCI6IkpXVCJ9.eyJ0b2tlbl90eXBlIjoicmVmcmVzaCIsImV4cCI6MTc0NDUzMjE4MSwiaWF0IjoxNzQzOTI3MzgxLCJqdGkiOiJmMDA4NTdlMDNiYzY0NTY0YTAyNWY5YzMyYWZkMTRhNCIsInVzZXJfaWQiOjEzfQ.u8BA20c1fQR9PilHGnxepOcqGbxbwA8KI8IBunBPIn8", "created_at": "2025-04-06T08:16:21.090Z", "expires_at": "2025-04-13T08:16:21Z"}}, {"model": "token_blacklist.outstandingtoken", "pk": 180, "fields": {"user": 13, "jti": "d8e87ee4de6b400db1345ba7913b9b86", "token": "eyJhbGciOiJIUzI1NiIsInR5cCI6IkpXVCJ9.eyJ0b2tlbl90eXBlIjoicmVmcmVzaCIsImV4cCI6MTc0NDUzMjI2NiwiaWF0IjoxNzQzOTI3NDY2LCJqdGkiOiJkOGU4N2VlNGRlNmI0MDBkYjEzNDViYTc5MTNiOWI4NiIsInVzZXJfaWQiOjEzfQ.oysrGLJFOORjidG7w2-acREP39uCa-DR344MAE4xKnc", "created_at": "2025-04-06T08:17:46.291Z", "expires_at": "2025-04-13T08:17:46Z"}}, {"model": "token_blacklist.outstandingtoken", "pk": 181, "fields": {"user": 15, "jti": "19797eddbba543b9a745e0708ec6bf64", "token": "eyJhbGciOiJIUzI1NiIsInR5cCI6IkpXVCJ9.eyJ0b2tlbl90eXBlIjoicmVmcmVzaCIsImV4cCI6MTc0NDUzMjI3OCwiaWF0IjoxNzQzOTI3NDc4LCJqdGkiOiIxOTc5N2VkZGJiYTU0M2I5YTc0NWUwNzA4ZWM2YmY2NCIsInVzZXJfaWQiOjE1fQ.Z1jDmW8ooQUAcDwhaVz_rjFLhcUFGwZnHxRPuUBmMVE", "created_at": "2025-04-06T08:17:58.286Z", "expires_at": "2025-04-13T08:17:58Z"}}, {"model": "token_blacklist.outstandingtoken", "pk": 182, "fields": {"user": 13, "jti": "2624d592244145eba1023e4d56622074", "token": "eyJhbGciOiJIUzI1NiIsInR5cCI6IkpXVCJ9.eyJ0b2tlbl90eXBlIjoicmVmcmVzaCIsImV4cCI6MTc0NDUzMjMyMCwiaWF0IjoxNzQzOTI3NTIwLCJqdGkiOiIyNjI0ZDU5MjI0NDE0NWViYTEwMjNlNGQ1NjYyMjA3NCIsInVzZXJfaWQiOjEzfQ.CLBi2j0SugpejiqTXaiWOIIBNK_FWPyZtFm3gN3iO2o", "created_at": "2025-04-06T08:18:40.825Z", "expires_at": "2025-04-13T08:18:40Z"}}, {"model": "token_blacklist.outstandingtoken", "pk": 183, "fields": {"user": 15, "jti": "f8c18a4da45b4bce89df89b571cdcbd7", "token": "eyJhbGciOiJIUzI1NiIsInR5cCI6IkpXVCJ9.eyJ0b2tlbl90eXBlIjoicmVmcmVzaCIsImV4cCI6MTc0NDUzMjQ5OSwiaWF0IjoxNzQzOTI3Njk5LCJqdGkiOiJmOGMxOGE0ZGE0NWI0YmNlODlkZjg5YjU3MWNkY2JkNyIsInVzZXJfaWQiOjE1fQ.ujBAXiwI8F8zFa4gHoIeLazlnOFXxgreBL6FjZGMHDI", "created_at": "2025-04-06T08:21:39.082Z", "expires_at": "2025-04-13T08:21:39Z"}}, {"model": "token_blacklist.outstandingtoken", "pk": 184, "fields": {"user": 13, "jti": "e0811291ea0d4cb6bbd5c88cb6ead4ad", "token": "eyJhbGciOiJIUzI1NiIsInR5cCI6IkpXVCJ9.eyJ0b2tlbl90eXBlIjoicmVmcmVzaCIsImV4cCI6MTc0NDUzMjUxMiwiaWF0IjoxNzQzOTI3NzEyLCJqdGkiOiJlMDgxMTI5MWVhMGQ0Y2I2YmJkNWM4OGNiNmVhZDRhZCIsInVzZXJfaWQiOjEzfQ.6UxLNeq9mYQlcyIO-dkAx-9f6YMDXsWmUyjD3uuTRZs", "created_at": "2025-04-06T08:21:52.606Z", "expires_at": "2025-04-13T08:21:52Z"}}, {"model": "token_blacklist.outstandingtoken", "pk": 185, "fields": {"user": 13, "jti": "350fb7e870b04359826b750c9b563814", "token": "eyJhbGciOiJIUzI1NiIsInR5cCI6IkpXVCJ9.eyJ0b2tlbl90eXBlIjoicmVmcmVzaCIsImV4cCI6MTc0NDUzODQyMCwiaWF0IjoxNzQzOTMzNjIwLCJqdGkiOiIzNTBmYjdlODcwYjA0MzU5ODI2Yjc1MGM5YjU2MzgxNCIsInVzZXJfaWQiOjEzfQ.0x4H6rC3W5o1F41IOH-qKJiIZKHcNu-dlRmimvxb4vo", "created_at": "2025-04-06T10:00:20.948Z", "expires_at": "2025-04-13T10:00:20Z"}}, {"model": "token_blacklist.outstandingtoken", "pk": 186, "fields": {"user": 13, "jti": "47310b3401304b5b8faccf63d5a2f25a", "token": "eyJhbGciOiJIUzI1NiIsInR5cCI6IkpXVCJ9.eyJ0b2tlbl90eXBlIjoicmVmcmVzaCIsImV4cCI6MTc0NDU0MjAyOCwiaWF0IjoxNzQzOTM3MjI4LCJqdGkiOiI0NzMxMGIzNDAxMzA0YjViOGZhY2NmNjNkNWEyZjI1YSIsInVzZXJfaWQiOjEzfQ.r4ioP8hYmVsQVYJpYmGVIQhIpcxEky2fxLrQfOsGFEI", "created_at": "2025-04-06T11:00:28.064Z", "expires_at": "2025-04-13T11:00:28Z"}}, {"model": "token_blacklist.outstandingtoken", "pk": 187, "fields": {"user": 1, "jti": "eadad39bbd134c4e9d53c96f85421480", "token": "eyJhbGciOiJIUzI1NiIsInR5cCI6IkpXVCJ9.eyJ0b2tlbl90eXBlIjoicmVmcmVzaCIsImV4cCI6MTc0NDU0MjYwMCwiaWF0IjoxNzQzOTM3ODAwLCJqdGkiOiJlYWRhZDM5YmJkMTM0YzRlOWQ1M2M5NmY4NTQyMTQ4MCIsInVzZXJfaWQiOjF9.0xLtr02OOvymJRe_XuiNSO5hrCiTQmJxgvvwFpyTeQw", "created_at": "2025-04-06T11:10:00.382Z", "expires_at": "2025-04-13T11:10:00Z"}}, {"model": "token_blacklist.outstandingtoken", "pk": 188, "fields": {"user": 13, "jti": "91a3ead5970b414da1bd08fd3e4ad4bd", "token": "eyJhbGciOiJIUzI1NiIsInR5cCI6IkpXVCJ9.eyJ0b2tlbl90eXBlIjoicmVmcmVzaCIsImV4cCI6MTc0NDU1Nzk5NSwiaWF0IjoxNzQzOTUzMTk1LCJqdGkiOiI5MWEzZWFkNTk3MGI0MTRkYTFiZDA4ZmQzZTRhZDRiZCIsInVzZXJfaWQiOjEzfQ.kZaNiDmHdzMGN7jVCt_a7QDPYTOK-mwFS9NxEfbKMqE", "created_at": "2025-04-06T15:26:35.325Z", "expires_at": "2025-04-13T15:26:35Z"}}, {"model": "token_blacklist.outstandingtoken", "pk": 189, "fields": {"user": 15, "jti": "61eacbeb64254bb0ad89e5d3a43fa604", "token": "eyJhbGciOiJIUzI1NiIsInR5cCI6IkpXVCJ9.eyJ0b2tlbl90eXBlIjoicmVmcmVzaCIsImV4cCI6MTc0NDU1ODM0MCwiaWF0IjoxNzQzOTUzNTQwLCJqdGkiOiI2MWVhY2JlYjY0MjU0YmIwYWQ4OWU1ZDNhNDNmYTYwNCIsInVzZXJfaWQiOjE1fQ.G9J8OgT0pLBxurx1YWQRa78HY2jriv-g9uLKR6B6JtU", "created_at": "2025-04-06T15:32:20.064Z", "expires_at": "2025-04-13T15:32:20Z"}}, {"model": "token_blacklist.outstandingtoken", "pk": 190, "fields": {"user": 13, "jti": "59978855ae634885b0f2b52578e0bcaf", "token": "eyJhbGciOiJIUzI1NiIsInR5cCI6IkpXVCJ9.eyJ0b2tlbl90eXBlIjoicmVmcmVzaCIsImV4cCI6MTc0NDYxMTIwNSwiaWF0IjoxNzQ0MDA2NDA1LCJqdGkiOiI1OTk3ODg1NWFlNjM0ODg1YjBmMmI1MjU3OGUwYmNhZiIsInVzZXJfaWQiOjEzfQ.-U7e8mAAqgMPrQ5A6UMo4N5gKCPl57v_04J_8vHqngg", "created_at": "2025-04-07T06:13:25.546Z", "expires_at": "2025-04-14T06:13:25Z"}}, {"model": "token_blacklist.outstandingtoken", "pk": 191, "fields": {"user": 13, "jti": "ecb3292ad60c4e59ab20a53d0d43fe5e", "token": "eyJhbGciOiJIUzI1NiIsInR5cCI6IkpXVCJ9.eyJ0b2tlbl90eXBlIjoicmVmcmVzaCIsImV4cCI6MTc0NDYyMzM0MCwiaWF0IjoxNzQ0MDE4NTQwLCJqdGkiOiJlY2IzMjkyYWQ2MGM0ZTU5YWIyMGE1M2QwZDQzZmU1ZSIsInVzZXJfaWQiOjEzfQ.6JHoBUy9i_Zs-jJMyRYFqrPahnGD4jHnVn7e-LzqCDc", "created_at": "2025-04-07T09:35:40.942Z", "expires_at": "2025-04-14T09:35:40Z"}}, {"model": "token_blacklist.outstandingtoken", "pk": 192, "fields": {"user": 13, "jti": "045938d9f1fd427995a97d1d54e60d47", "token": "eyJhbGciOiJIUzI1NiIsInR5cCI6IkpXVCJ9.eyJ0b2tlbl90eXBlIjoicmVmcmVzaCIsImV4cCI6MTc0NDYyMzM2OCwiaWF0IjoxNzQ0MDE4NTY4LCJqdGkiOiIwNDU5MzhkOWYxZmQ0Mjc5OTVhOTdkMWQ1NGU2MGQ0NyIsInVzZXJfaWQiOjEzfQ.bfnhbZMBegnq2uXCScogSU64fLZnDk2LKt2yGga6_u8", "created_at": "2025-04-07T09:36:08.958Z", "expires_at": "2025-04-14T09:36:08Z"}}, {"model": "token_blacklist.outstandingtoken", "pk": 193, "fields": {"user": 11, "jti": "11d3573ef71b42aeac53fdcef77e8bf8", "token": "eyJhbGciOiJIUzI1NiIsInR5cCI6IkpXVCJ9.eyJ0b2tlbl90eXBlIjoicmVmcmVzaCIsImV4cCI6MTc0NDYyMzcxOCwiaWF0IjoxNzQ0MDE4OTE4LCJqdGkiOiIxMWQzNTczZWY3MWI0MmFlYWM1M2ZkY2VmNzdlOGJmOCIsInVzZXJfaWQiOjExfQ.lgzB1hK6aQSvJc8sazE429Jtnw98_S-4wG5XD61cMTw", "created_at": "2025-04-07T09:41:58.431Z", "expires_at": "2025-04-14T09:41:58Z"}}, {"model": "token_blacklist.outstandingtoken", "pk": 194, "fields": {"user": 13, "jti": "23e9727b6bbc45df97bfa10d60853f4b", "token": "eyJhbGciOiJIUzI1NiIsInR5cCI6IkpXVCJ9.eyJ0b2tlbl90eXBlIjoicmVmcmVzaCIsImV4cCI6MTc0NDYyMzc0MCwiaWF0IjoxNzQ0MDE4OTQwLCJqdGkiOiIyM2U5NzI3YjZiYmM0NWRmOTdiZmExMGQ2MDg1M2Y0YiIsInVzZXJfaWQiOjEzfQ.Px_lHMJyylTPta_4OBAoB8jcZOygO8tvBqWA7FGnb4c", "created_at": "2025-04-07T09:42:20.087Z", "expires_at": "2025-04-14T09:42:20Z"}}, {"model": "token_blacklist.outstandingtoken", "pk": 195, "fields": {"user": 13, "jti": "1c5a3f8afa2b4e2a9cb50cec02fd5f3f", "token": "eyJhbGciOiJIUzI1NiIsInR5cCI6IkpXVCJ9.eyJ0b2tlbl90eXBlIjoicmVmcmVzaCIsImV4cCI6MTc0NDYyNDE0NiwiaWF0IjoxNzQ0MDE5MzQ2LCJqdGkiOiIxYzVhM2Y4YWZhMmI0ZTJhOWNiNTBjZWMwMmZkNWYzZiIsInVzZXJfaWQiOjEzfQ.Krio06Ti5KUWfF0Pslpi04x3U7GDSvHu9UeCOnR7mbY", "created_at": "2025-04-07T09:49:06.696Z", "expires_at": "2025-04-14T09:49:06Z"}}, {"model": "token_blacklist.outstandingtoken", "pk": 196, "fields": {"user": 11, "jti": "bde7d212532c4d1bbc9f45028eeaeb8e", "token": "eyJhbGciOiJIUzI1NiIsInR5cCI6IkpXVCJ9.eyJ0b2tlbl90eXBlIjoicmVmcmVzaCIsImV4cCI6MTc0NDYyNDE1MywiaWF0IjoxNzQ0MDE5MzUzLCJqdGkiOiJiZGU3ZDIxMjUzMmM0ZDFiYmM5ZjQ1MDI4ZWVhZWI4ZSIsInVzZXJfaWQiOjExfQ.t2707ocQUG34m-ph7RuEz625RN8o9f52fdVOvJ09si0", "created_at": "2025-04-07T09:49:13.867Z", "expires_at": "2025-04-14T09:49:13Z"}}, {"model": "token_blacklist.outstandingtoken", "pk": 197, "fields": {"user": 13, "jti": "64b7ca1055694ab1b9db87a22ba4861f", "token": "eyJhbGciOiJIUzI1NiIsInR5cCI6IkpXVCJ9.eyJ0b2tlbl90eXBlIjoicmVmcmVzaCIsImV4cCI6MTc0NDYyNDE4MiwiaWF0IjoxNzQ0MDE5MzgyLCJqdGkiOiI2NGI3Y2ExMDU1Njk0YWIxYjlkYjg3YTIyYmE0ODYxZiIsInVzZXJfaWQiOjEzfQ.DHA-tQbKD7R8vVunL1hHhgWNr_0tb_P1XvugrATAxzc", "created_at": "2025-04-07T09:49:42.675Z", "expires_at": "2025-04-14T09:49:42Z"}}, {"model": "token_blacklist.outstandingtoken", "pk": 198, "fields": {"user": 13, "jti": "18fae6749a034211a6813af4b57d2a7c", "token": "eyJhbGciOiJIUzI1NiIsInR5cCI6IkpXVCJ9.eyJ0b2tlbl90eXBlIjoicmVmcmVzaCIsImV4cCI6MTc0NDYyOTg2MCwiaWF0IjoxNzQ0MDI1MDYwLCJqdGkiOiIxOGZhZTY3NDlhMDM0MjExYTY4MTNhZjRiNTdkMmE3YyIsInVzZXJfaWQiOjEzfQ.Xt7n-sWXzcDD5W24hzJFqRn-QDnL1J765jStAtlCpSM", "created_at": "2025-04-07T11:24:20.384Z", "expires_at": "2025-04-14T11:24:20Z"}}, {"model": "token_blacklist.outstandingtoken", "pk": 199, "fields": {"user": 13, "jti": "969d0e4a1f754047901d4d09635b393a", "token": "eyJhbGciOiJIUzI1NiIsInR5cCI6IkpXVCJ9.eyJ0b2tlbl90eXBlIjoicmVmcmVzaCIsImV4cCI6MTc0NDY2MzY1OCwiaWF0IjoxNzQ0MDU4ODU4LCJqdGkiOiI5NjlkMGU0YTFmNzU0MDQ3OTAxZDRkMDk2MzViMzkzYSIsInVzZXJfaWQiOjEzfQ.Dn8wWfhdEbdO4C9XCuNpk-MNwBX1OTxdNAM0c9zfbKc", "created_at": "2025-04-07T20:47:38.316Z", "expires_at": "2025-04-14T20:47:38Z"}}, {"model": "token_blacklist.outstandingtoken", "pk": 200, "fields": {"user": 11, "jti": "0b36aaced53a4d79987634320076f723", "token": "eyJhbGciOiJIUzI1NiIsInR5cCI6IkpXVCJ9.eyJ0b2tlbl90eXBlIjoicmVmcmVzaCIsImV4cCI6MTc0NDY2NDk1NSwiaWF0IjoxNzQ0MDYwMTU1LCJqdGkiOiIwYjM2YWFjZWQ1M2E0ZDc5OTg3NjM0MzIwMDc2ZjcyMyIsInVzZXJfaWQiOjExfQ.eyYElej2hm4ORKVqG21UL5pT2iQILM939KG81Ly-S-o", "created_at": "2025-04-07T21:09:15.926Z", "expires_at": "2025-04-14T21:09:15Z"}}, {"model": "token_blacklist.outstandingtoken", "pk": 201, "fields": {"user": 13, "jti": "bae6bdf68e1c42f0adb1f327717a9de7", "token": "eyJhbGciOiJIUzI1NiIsInR5cCI6IkpXVCJ9.eyJ0b2tlbl90eXBlIjoicmVmcmVzaCIsImV4cCI6MTc0NDY2NTAxNywiaWF0IjoxNzQ0MDYwMjE3LCJqdGkiOiJiYWU2YmRmNjhlMWM0MmYwYWRiMWYzMjc3MTdhOWRlNyIsInVzZXJfaWQiOjEzfQ.GuMjZ7lsb5Y3qmq1djjdjjR7IYq1x0B4uI20UNDeSNw", "created_at": "2025-04-07T21:10:17.048Z", "expires_at": "2025-04-14T21:10:17Z"}}, {"model": "token_blacklist.outstandingtoken", "pk": 202, "fields": {"user": 13, "jti": "e62b8c47ff6b4dd2beff8f2a8e692945", "token": "eyJhbGciOiJIUzI1NiIsInR5cCI6IkpXVCJ9.eyJ0b2tlbl90eXBlIjoicmVmcmVzaCIsImV4cCI6MTc0NDY4MDk4NCwiaWF0IjoxNzQ0MDc2MTg0LCJqdGkiOiJlNjJiOGM0N2ZmNmI0ZGQyYmVmZjhmMmE4ZTY5Mjk0NSIsInVzZXJfaWQiOjEzfQ.ZncNsT8c2DeC5nbJSHpGpJmQZDkadjcDwLIMZW1_PKQ", "created_at": "2025-04-08T01:36:24.036Z", "expires_at": "2025-04-15T01:36:24Z"}}, {"model": "token_blacklist.outstandingtoken", "pk": 203, "fields": {"user": 11, "jti": "648a7465d50e40a0bb318504af66756c", "token": "eyJhbGciOiJIUzI1NiIsInR5cCI6IkpXVCJ9.eyJ0b2tlbl90eXBlIjoicmVmcmVzaCIsImV4cCI6MTc0NDY4MTg4MiwiaWF0IjoxNzQ0MDc3MDgyLCJqdGkiOiI2NDhhNzQ2NWQ1MGU0MGEwYmIzMTg1MDRhZjY2NzU2YyIsInVzZXJfaWQiOjExfQ.9MQJazgYSopMfEL_ANkQDqfqgA2NPb8WxnBp-x2VsWQ", "created_at": "2025-04-08T01:51:22.434Z", "expires_at": "2025-04-15T01:51:22Z"}}, {"model": "token_blacklist.outstandingtoken", "pk": 204, "fields": {"user": 13, "jti": "51bc219db63641b699b5e6cb7cdde999", "token": "eyJhbGciOiJIUzI1NiIsInR5cCI6IkpXVCJ9.eyJ0b2tlbl90eXBlIjoicmVmcmVzaCIsImV4cCI6MTc0NDY4MTkzMiwiaWF0IjoxNzQ0MDc3MTMyLCJqdGkiOiI1MWJjMjE5ZGI2MzY0MWI2OTliNWU2Y2I3Y2RkZTk5OSIsInVzZXJfaWQiOjEzfQ.U-3FymnJSBIV6dkPFeVS2k_8EXDX2L1v48_7NyitW8Y", "created_at": "2025-04-08T01:52:12.421Z", "expires_at": "2025-04-15T01:52:12Z"}}, {"model": "token_blacklist.outstandingtoken", "pk": 205, "fields": {"user": 13, "jti": "050be3d303284a8daceee60e22f1eaa1", "token": "eyJhbGciOiJIUzI1NiIsInR5cCI6IkpXVCJ9.eyJ0b2tlbl90eXBlIjoicmVmcmVzaCIsImV4cCI6MTc0NDcyMjEwNCwiaWF0IjoxNzQ0MTE3MzA0LCJqdGkiOiIwNTBiZTNkMzAzMjg0YThkYWNlZWU2MGUyMmYxZWFhMSIsInVzZXJfaWQiOjEzfQ.9YobJ6OJgOrF1wCk7Fh-i7QPViA5cvXUc3Zs23Zjy3U", "created_at": "2025-04-08T13:01:44.775Z", "expires_at": "2025-04-15T13:01:44Z"}}, {"model": "token_blacklist.outstandingtoken", "pk": 206, "fields": {"user": 12, "jti": "87934289c2f34874bffe19043c8aa54b", "token": "eyJhbGciOiJIUzI1NiIsInR5cCI6IkpXVCJ9.eyJ0b2tlbl90eXBlIjoicmVmcmVzaCIsImV4cCI6MTc0NDg2OTMzNywiaWF0IjoxNzQ0MjY0NTM3LCJqdGkiOiI4NzkzNDI4OWMyZjM0ODc0YmZmZTE5MDQzYzhhYTU0YiIsInVzZXJfaWQiOjEyfQ.7vz026tA9HbhT2ApzbEmYD_Wet9gNds06cUqE0P-xds", "created_at": "2025-04-10T05:55:37.064Z", "expires_at": "2025-04-17T05:55:37Z"}}, {"model": "token_blacklist.outstandingtoken", "pk": 207, "fields": {"user": 12, "jti": "c9316916eaf7468e91cb83d19ee1dfda", "token": "eyJhbGciOiJIUzI1NiIsInR5cCI6IkpXVCJ9.eyJ0b2tlbl90eXBlIjoicmVmcmVzaCIsImV4cCI6MTc0NDg3MDk0MSwiaWF0IjoxNzQ0MjY2MTQxLCJqdGkiOiJjOTMxNjkxNmVhZjc0NjhlOTFjYjgzZDE5ZWUxZGZkYSIsInVzZXJfaWQiOjEyfQ.asOT4ZyCXT7frhQJIACU8M6bZNRuroMoc963KOgVouQ", "created_at": "2025-04-10T06:22:21.930Z", "expires_at": "2025-04-17T06:22:21Z"}}, {"model": "token_blacklist.outstandingtoken", "pk": 208, "fields": {"user": 13, "jti": "af6437d112e441c8851a7646cd412a53", "token": "eyJhbGciOiJIUzI1NiIsInR5cCI6IkpXVCJ9.eyJ0b2tlbl90eXBlIjoicmVmcmVzaCIsImV4cCI6MTc0NDg3MDk2NSwiaWF0IjoxNzQ0MjY2MTY1LCJqdGkiOiJhZjY0MzdkMTEyZTQ0MWM4ODUxYTc2NDZjZDQxMmE1MyIsInVzZXJfaWQiOjEzfQ.62BV2nZRwlTu-2X1fQiI4iyM45_SE3mhuaI0qnVat1A", "created_at": "2025-04-10T06:22:45.483Z", "expires_at": "2025-04-17T06:22:45Z"}}, {"model": "token_blacklist.outstandingtoken", "pk": 209, "fields": {"user": 11, "jti": "e22003e1eb3d457199d7bca81a38f6f1", "token": "eyJhbGciOiJIUzI1NiIsInR5cCI6IkpXVCJ9.eyJ0b2tlbl90eXBlIjoicmVmcmVzaCIsImV4cCI6MTc0NDg3MTA3MSwiaWF0IjoxNzQ0MjY2MjcxLCJqdGkiOiJlMjIwMDNlMWViM2Q0NTcxOTlkN2JjYTgxYTM4ZjZmMSIsInVzZXJfaWQiOjExfQ.cNka4Yu-JZsKvd1NtSj0KJNaLGoYcvaxFS6nfxlzRRg", "created_at": "2025-04-10T06:24:31.282Z", "expires_at": "2025-04-17T06:24:31Z"}}, {"model": "token_blacklist.outstandingtoken", "pk": 210, "fields": {"user": 13, "jti": "c6410310c9f5478886c89c9f359c0720", "token": "eyJhbGciOiJIUzI1NiIsInR5cCI6IkpXVCJ9.eyJ0b2tlbl90eXBlIjoicmVmcmVzaCIsImV4cCI6MTc0NDg3MTA5OSwiaWF0IjoxNzQ0MjY2Mjk5LCJqdGkiOiJjNjQxMDMxMGM5ZjU0Nzg4ODZjODljOWYzNTljMDcyMCIsInVzZXJfaWQiOjEzfQ.2fBLPx4zNCpjo3Ha3088aHAsXMjIhtifRBDW6JG-qWs", "created_at": "2025-04-10T06:24:59.758Z", "expires_at": "2025-04-17T06:24:59Z"}}, {"model": "token_blacklist.outstandingtoken", "pk": 211, "fields": {"user": 11, "jti": "fcdd6cc54cec4878ba404692e667148e", "token": "eyJhbGciOiJIUzI1NiIsInR5cCI6IkpXVCJ9.eyJ0b2tlbl90eXBlIjoicmVmcmVzaCIsImV4cCI6MTc0NDkwODg1MywiaWF0IjoxNzQ0MzA0MDUzLCJqdGkiOiJmY2RkNmNjNTRjZWM0ODc4YmE0MDQ2OTJlNjY3MTQ4ZSIsInVzZXJfaWQiOjExfQ.6fO_Ucqgemy1gH-QSgq88JcHvIlIdG9bu1CZTzGgPyQ", "created_at": "2025-04-10T16:54:13.527Z", "expires_at": "2025-04-17T16:54:13Z"}}, {"model": "token_blacklist.outstandingtoken", "pk": 212, "fields": {"user": 13, "jti": "f32b9492d9ea46e995d37633e1ffde6b", "token": "eyJhbGciOiJIUzI1NiIsInR5cCI6IkpXVCJ9.eyJ0b2tlbl90eXBlIjoicmVmcmVzaCIsImV4cCI6MTc0NDkwODkxOCwiaWF0IjoxNzQ0MzA0MTE4LCJqdGkiOiJmMzJiOTQ5MmQ5ZWE0NmU5OTVkMzc2MzNlMWZmZGU2YiIsInVzZXJfaWQiOjEzfQ.HaJAfzoB7UCd7MVMXlDjoLM2bMLdODdAMVwtVSeeq34", "created_at": "2025-04-10T16:55:18.871Z", "expires_at": "2025-04-17T16:55:18Z"}}, {"model": "token_blacklist.outstandingtoken", "pk": 213, "fields": {"user": 11, "jti": "d3c0184d2627495988c5ad3534916c89", "token": "eyJhbGciOiJIUzI1NiIsInR5cCI6IkpXVCJ9.eyJ0b2tlbl90eXBlIjoicmVmcmVzaCIsImV4cCI6MTc0NDkxMTMxNCwiaWF0IjoxNzQ0MzA2NTE0LCJqdGkiOiJkM2MwMTg0ZDI2Mjc0OTU5ODhjNWFkMzUzNDkxNmM4OSIsInVzZXJfaWQiOjExfQ.9cxBNniAo_mnc3UiDonXYnEVvB2x1PCJC60YILwqUt0", "created_at": "2025-04-10T17:35:14.870Z", "expires_at": "2025-04-17T17:35:14Z"}}, {"model": "token_blacklist.outstandingtoken", "pk": 214, "fields": {"user": 1, "jti": "d50fde1dc7034fa588c261221e43c6b5", "token": "eyJhbGciOiJIUzI1NiIsInR5cCI6IkpXVCJ9.eyJ0b2tlbl90eXBlIjoicmVmcmVzaCIsImV4cCI6MTc0NDkxMTM1NCwiaWF0IjoxNzQ0MzA2NTU0LCJqdGkiOiJkNTBmZGUxZGM3MDM0ZmE1ODhjMjYxMjIxZTQzYzZiNSIsInVzZXJfaWQiOjF9.Pd1KaTHrqgJzPRFo5OD6DuRTAJ5ofqeO0Pf2F7RhUbU", "created_at": "2025-04-10T17:35:54.158Z", "expires_at": "2025-04-17T17:35:54Z"}}, {"model": "token_blacklist.outstandingtoken", "pk": 215, "fields": {"user": 11, "jti": "bdd94a08e2bc4686bc93151b996f28e8", "token": "eyJhbGciOiJIUzI1NiIsInR5cCI6IkpXVCJ9.eyJ0b2tlbl90eXBlIjoicmVmcmVzaCIsImV4cCI6MTc0NDkxMTM4NCwiaWF0IjoxNzQ0MzA2NTg0LCJqdGkiOiJiZGQ5NGEwOGUyYmM0Njg2YmM5MzE1MWI5OTZmMjhlOCIsInVzZXJfaWQiOjExfQ.3C0vm08Woo6geF9mVZM2nwCmH9sRGD7uZP8OpQwC1IM", "created_at": "2025-04-10T17:36:24.119Z", "expires_at": "2025-04-17T17:36:24Z"}}, {"model": "token_blacklist.outstandingtoken", "pk": 216, "fields": {"user": 13, "jti": "b0131bbb979245a4ac539326e6421ee4", "token": "eyJhbGciOiJIUzI1NiIsInR5cCI6IkpXVCJ9.eyJ0b2tlbl90eXBlIjoicmVmcmVzaCIsImV4cCI6MTc0NDkxMTk5NiwiaWF0IjoxNzQ0MzA3MTk2LCJqdGkiOiJiMDEzMWJiYjk3OTI0NWE0YWM1MzkzMjZlNjQyMWVlNCIsInVzZXJfaWQiOjEzfQ.BKGPB5IdRx8xB5a4MVc7KKhoqMkPyGUi-0HJlCxZTmc", "created_at": "2025-04-10T17:46:36.989Z", "expires_at": "2025-04-17T17:46:36Z"}}, {"model": "token_blacklist.outstandingtoken", "pk": 217, "fields": {"user": 13, "jti": "8cd3ae44ff614182a16fbbe6d971a594", "token": "eyJhbGciOiJIUzI1NiIsInR5cCI6IkpXVCJ9.eyJ0b2tlbl90eXBlIjoicmVmcmVzaCIsImV4cCI6MTc0NDkxMjY2NiwiaWF0IjoxNzQ0MzA3ODY2LCJqdGkiOiI4Y2QzYWU0NGZmNjE0MTgyYTE2ZmJiZTZkOTcxYTU5NCIsInVzZXJfaWQiOjEzfQ.AxTmvebPAnYDBZXgnNtGJmGDpulkjllEDqsoe26k87g", "created_at": "2025-04-10T17:57:46.156Z", "expires_at": "2025-04-17T17:57:46Z"}}, {"model": "token_blacklist.outstandingtoken", "pk": 218, "fields": {"user": 13, "jti": "994ec87f40894759ae7cda25f3f7c705", "token": "eyJhbGciOiJIUzI1NiIsInR5cCI6IkpXVCJ9.eyJ0b2tlbl90eXBlIjoicmVmcmVzaCIsImV4cCI6MTc0NDkyMjMzOSwiaWF0IjoxNzQ0MzE3NTM5LCJqdGkiOiI5OTRlYzg3ZjQwODk0NzU5YWU3Y2RhMjVmM2Y3YzcwNSIsInVzZXJfaWQiOjEzfQ.6KI0YuUd8uRV-U5nDcGzDIT9xNHV4Vqt3vU9WeTjFNw", "created_at": "2025-04-10T20:38:59.946Z", "expires_at": "2025-04-17T20:38:59Z"}}, {"model": "token_blacklist.outstandingtoken", "pk": 219, "fields": {"user": 13, "jti": "08247483962e4c8fa6d9004fc157ee32", "token": "eyJhbGciOiJIUzI1NiIsInR5cCI6IkpXVCJ9.eyJ0b2tlbl90eXBlIjoicmVmcmVzaCIsImV4cCI6MTc0NDkyMzE4NSwiaWF0IjoxNzQ0MzE4Mzg1LCJqdGkiOiIwODI0NzQ4Mzk2MmU0YzhmYTZkOTAwNGZjMTU3ZWUzMiIsInVzZXJfaWQiOjEzfQ.tF65uVXFoPknqzFwAtaUR3CjFe62Un-SXv_nCTzrVf4", "created_at": "2025-04-10T20:53:05.761Z", "expires_at": "2025-04-17T20:53:05Z"}}, {"model": "token_blacklist.outstandingtoken", "pk": 220, "fields": {"user": 13, "jti": "36c2b0969ce44329a2485653975cd154", "token": "eyJhbGciOiJIUzI1NiIsInR5cCI6IkpXVCJ9.eyJ0b2tlbl90eXBlIjoicmVmcmVzaCIsImV4cCI6MTc0NDkyMzI3OCwiaWF0IjoxNzQ0MzE4NDc4LCJqdGkiOiIzNmMyYjA5NjljZTQ0MzI5YTI0ODU2NTM5NzVjZDE1NCIsInVzZXJfaWQiOjEzfQ.vxb0Low8EBttPbpdPmsENBR8icmYftwrQSmNgHorWBE", "created_at": "2025-04-10T20:54:38.943Z", "expires_at": "2025-04-17T20:54:38Z"}}, {"model": "token_blacklist.outstandingtoken", "pk": 221, "fields": {"user": 11, "jti": "d9547ad31d374f2eb478f52f0fdf0361", "token": "eyJhbGciOiJIUzI1NiIsInR5cCI6IkpXVCJ9.eyJ0b2tlbl90eXBlIjoicmVmcmVzaCIsImV4cCI6MTc0NDkyNzAwNywiaWF0IjoxNzQ0MzIyMjA3LCJqdGkiOiJkOTU0N2FkMzFkMzc0ZjJlYjQ3OGY1MmYwZmRmMDM2MSIsInVzZXJfaWQiOjExfQ.X4ieeuvpE42MlAEPkIxcuoZbQcwrygV8SeVbCMpMPlw", "created_at": "2025-04-10T21:56:47.078Z", "expires_at": "2025-04-17T21:56:47Z"}}, {"model": "token_blacklist.outstandingtoken", "pk": 222, "fields": {"user": 13, "jti": "61965d3cf0744fdb8bd64152b21e4249", "token": "eyJhbGciOiJIUzI1NiIsInR5cCI6IkpXVCJ9.eyJ0b2tlbl90eXBlIjoicmVmcmVzaCIsImV4cCI6MTc0NDk1NDMxNywiaWF0IjoxNzQ0MzQ5NTE3LCJqdGkiOiI2MTk2NWQzY2YwNzQ0ZmRiOGJkNjQxNTJiMjFlNDI0OSIsInVzZXJfaWQiOjEzfQ.KOnCctKxtCsTgP8HtzSRzan5DG9cvpOsOfM7v7lSW-c", "created_at": "2025-04-11T05:31:57.886Z", "expires_at": "2025-04-18T05:31:57Z"}}, {"model": "token_blacklist.outstandingtoken", "pk": 223, "fields": {"user": 13, "jti": "6064484859564adcad429eae573f9fcc", "token": "eyJhbGciOiJIUzI1NiIsInR5cCI6IkpXVCJ9.eyJ0b2tlbl90eXBlIjoicmVmcmVzaCIsImV4cCI6MTc0NDk1NDM4MCwiaWF0IjoxNzQ0MzQ5NTgwLCJqdGkiOiI2MDY0NDg0ODU5NTY0YWRjYWQ0MjllYWU1NzNmOWZjYyIsInVzZXJfaWQiOjEzfQ.lqAwDtw_MKNoJNSJkguVq8U9164pWS_jUO9ai2k5r14", "created_at": "2025-04-11T05:33:00.111Z", "expires_at": "2025-04-18T05:33:00Z"}}, {"model": "token_blacklist.outstandingtoken", "pk": 224, "fields": {"user": 11, "jti": "556da2bcf9e2481fa1a8dd65343ec75a", "token": "eyJhbGciOiJIUzI1NiIsInR5cCI6IkpXVCJ9.eyJ0b2tlbl90eXBlIjoicmVmcmVzaCIsImV4cCI6MTc0NDk1NDg1NSwiaWF0IjoxNzQ0MzUwMDU1LCJqdGkiOiI1NTZkYTJiY2Y5ZTI0ODFmYTFhOGRkNjUzNDNlYzc1YSIsInVzZXJfaWQiOjExfQ.ym83lVA9M9X-da99hcK27oGeLlmFIeAfJiMOqsnpgFU", "created_at": "2025-04-11T05:40:55.561Z", "expires_at": "2025-04-18T05:40:55Z"}}, {"model": "token_blacklist.outstandingtoken", "pk": 225, "fields": {"user": 13, "jti": "34f10c71ed3141b9800e71c802088917", "token": "eyJhbGciOiJIUzI1NiIsInR5cCI6IkpXVCJ9.eyJ0b2tlbl90eXBlIjoicmVmcmVzaCIsImV4cCI6MTc0NDk1NjIxNywiaWF0IjoxNzQ0MzUxNDE3LCJqdGkiOiIzNGYxMGM3MWVkMzE0MWI5ODAwZTcxYzgwMjA4ODkxNyIsInVzZXJfaWQiOjEzfQ.8BcSngDAYpvczvKPgpo_UqQ9YJMrmEb9YuMHGszjE68", "created_at": "2025-04-11T06:03:37.676Z", "expires_at": "2025-04-18T06:03:37Z"}}, {"model": "token_blacklist.outstandingtoken", "pk": 226, "fields": {"user": 11, "jti": "c76cf67723f845dd8c5fcc617966f31e", "token": "eyJhbGciOiJIUzI1NiIsInR5cCI6IkpXVCJ9.eyJ0b2tlbl90eXBlIjoicmVmcmVzaCIsImV4cCI6MTc0NDk1NjI1MiwiaWF0IjoxNzQ0MzUxNDUyLCJqdGkiOiJjNzZjZjY3NzIzZjg0NWRkOGM1ZmNjNjE3OTY2ZjMxZSIsInVzZXJfaWQiOjExfQ.-SZxZPB9ZTTs32SbCTbIKJZsrhLTFB8nsVGG4Azd3vg", "created_at": "2025-04-11T06:04:12.377Z", "expires_at": "2025-04-18T06:04:12Z"}}, {"model": "token_blacklist.outstandingtoken", "pk": 227, "fields": {"user": 11, "jti": "4e36106ed4be4742b401dadc7541995c", "token": "eyJhbGciOiJIUzI1NiIsInR5cCI6IkpXVCJ9.eyJ0b2tlbl90eXBlIjoicmVmcmVzaCIsImV4cCI6MTc0NDk1NzEzMCwiaWF0IjoxNzQ0MzUyMzMwLCJqdGkiOiI0ZTM2MTA2ZWQ0YmU0NzQyYjQwMWRhZGM3NTQxOTk1YyIsInVzZXJfaWQiOjExfQ.JobaDm7r3Dt1EXroWrMjW6cskF0IHQsg6Tg-D4162II", "created_at": "2025-04-11T06:18:50.752Z", "expires_at": "2025-04-18T06:18:50Z"}}, {"model": "token_blacklist.outstandingtoken", "pk": 228, "fields": {"user": 11, "jti": "cc7e5032277046ac983a28216d79a0b3", "token": "eyJhbGciOiJIUzI1NiIsInR5cCI6IkpXVCJ9.eyJ0b2tlbl90eXBlIjoicmVmcmVzaCIsImV4cCI6MTc0NDk1Nzg3NCwiaWF0IjoxNzQ0MzUzMDc0LCJqdGkiOiJjYzdlNTAzMjI3NzA0NmFjOTgzYTI4MjE2ZDc5YTBiMyIsInVzZXJfaWQiOjExfQ.kjX2yrLcM62EzjhvNXaygbnbDd8TRT_VH34dtKHLHbM", "created_at": "2025-04-11T06:31:14.500Z", "expires_at": "2025-04-18T06:31:14Z"}}, {"model": "token_blacklist.outstandingtoken", "pk": 229, "fields": {"user": 13, "jti": "0750e9d28e7d4428ae0b2c5ac0679eca", "token": "eyJhbGciOiJIUzI1NiIsInR5cCI6IkpXVCJ9.eyJ0b2tlbl90eXBlIjoicmVmcmVzaCIsImV4cCI6MTc0NDk1NzkxNiwiaWF0IjoxNzQ0MzUzMTE2LCJqdGkiOiIwNzUwZTlkMjhlN2Q0NDI4YWUwYjJjNWFjMDY3OWVjYSIsInVzZXJfaWQiOjEzfQ.DtuQelNy8XO7uyqJxOvEISsy-63uRBpsoizhm-qz-eQ", "created_at": "2025-04-11T06:31:56.133Z", "expires_at": "2025-04-18T06:31:56Z"}}, {"model": "token_blacklist.outstandingtoken", "pk": 230, "fields": {"user": 13, "jti": "a61e9144070e47128c99e49535e67cac", "token": "eyJhbGciOiJIUzI1NiIsInR5cCI6IkpXVCJ9.eyJ0b2tlbl90eXBlIjoicmVmcmVzaCIsImV4cCI6MTc0NDk1ODAwMSwiaWF0IjoxNzQ0MzUzMjAxLCJqdGkiOiJhNjFlOTE0NDA3MGU0NzEyOGM5OWU0OTUzNWU2N2NhYyIsInVzZXJfaWQiOjEzfQ.1VlHx16uIgwFxBaM3PSB6gt7DiR5rhZfdC_52ha8SH8", "created_at": "2025-04-11T06:33:21.259Z", "expires_at": "2025-04-18T06:33:21Z"}}, {"model": "token_blacklist.outstandingtoken", "pk": 231, "fields": {"user": 13, "jti": "cd75c6ed07b14783af20c80efd7ebe99", "token": "eyJhbGciOiJIUzI1NiIsInR5cCI6IkpXVCJ9.eyJ0b2tlbl90eXBlIjoicmVmcmVzaCIsImV4cCI6MTc0NDk1ODAyNiwiaWF0IjoxNzQ0MzUzMjI2LCJqdGkiOiJjZDc1YzZlZDA3YjE0NzgzYWYyMGM4MGVmZDdlYmU5OSIsInVzZXJfaWQiOjEzfQ.76ddBLU7tiu3wr4oKp9myPTovvkdX_7OtLsb7f9bv2k", "created_at": "2025-04-11T06:33:46.427Z", "expires_at": "2025-04-18T06:33:46Z"}}, {"model": "token_blacklist.outstandingtoken", "pk": 232, "fields": {"user": 13, "jti": "67c843661a08490887ee35d4c197c47f", "token": "eyJhbGciOiJIUzI1NiIsInR5cCI6IkpXVCJ9.eyJ0b2tlbl90eXBlIjoicmVmcmVzaCIsImV4cCI6MTc0NDk1OTMyMywiaWF0IjoxNzQ0MzU0NTIzLCJqdGkiOiI2N2M4NDM2NjFhMDg0OTA4ODdlZTM1ZDRjMTk3YzQ3ZiIsInVzZXJfaWQiOjEzfQ.Ss5taSxQgFfxfkBKqiV-hAlxRnN4ZLMy217WzDH1cDU", "created_at": "2025-04-11T06:55:23.828Z", "expires_at": "2025-04-18T06:55:23Z"}}, {"model": "token_blacklist.outstandingtoken", "pk": 233, "fields": {"user": 11, "jti": "79a0638509594ee08e1139c7dd77de00", "token": "eyJhbGciOiJIUzI1NiIsInR5cCI6IkpXVCJ9.eyJ0b2tlbl90eXBlIjoicmVmcmVzaCIsImV4cCI6MTc0NDk1OTY1OCwiaWF0IjoxNzQ0MzU0ODU4LCJqdGkiOiI3OWEwNjM4NTA5NTk0ZWUwOGUxMTM5YzdkZDc3ZGUwMCIsInVzZXJfaWQiOjExfQ.RjQLouvk80ucoWTbpv7fi2_Q04l_zbl7HJHjEJKEjx4", "created_at": "2025-04-11T07:00:58.669Z", "expires_at": "2025-04-18T07:00:58Z"}}, {"model": "token_blacklist.outstandingtoken", "pk": 234, "fields": {"user": 13, "jti": "2f02cdaa2bbf493cbc996f8b8eae9e2f", "token": "eyJhbGciOiJIUzI1NiIsInR5cCI6IkpXVCJ9.eyJ0b2tlbl90eXBlIjoicmVmcmVzaCIsImV4cCI6MTc0NDk2NTIxMywiaWF0IjoxNzQ0MzYwNDEzLCJqdGkiOiIyZjAyY2RhYTJiYmY0OTNjYmM5OTZmOGI4ZWFlOWUyZiIsInVzZXJfaWQiOjEzfQ.sUuwfZL17P1rhWcBlUqdzJo-q8UTbYrr9hC8QFgN2BU", "created_at": "2025-04-11T08:33:33.116Z", "expires_at": "2025-04-18T08:33:33Z"}}, {"model": "token_blacklist.outstandingtoken", "pk": 235, "fields": {"user": 11, "jti": "6df7da2f647f42a3bca65fa6d289bfd4", "token": "eyJhbGciOiJIUzI1NiIsInR5cCI6IkpXVCJ9.eyJ0b2tlbl90eXBlIjoicmVmcmVzaCIsImV4cCI6MTc0NDk2NTQ3NSwiaWF0IjoxNzQ0MzYwNjc1LCJqdGkiOiI2ZGY3ZGEyZjY0N2Y0MmEzYmNhNjVmYTZkMjg5YmZkNCIsInVzZXJfaWQiOjExfQ.U1aeBMYf9dOJBnQmjpYbxKViutbyzrQtV-2AiI6VdSs", "created_at": "2025-04-11T08:37:55.062Z", "expires_at": "2025-04-18T08:37:55Z"}}, {"model": "token_blacklist.outstandingtoken", "pk": 236, "fields": {"user": 13, "jti": "94ca81f024f14c5b89fd2236d5348d45", "token": "eyJhbGciOiJIUzI1NiIsInR5cCI6IkpXVCJ9.eyJ0b2tlbl90eXBlIjoicmVmcmVzaCIsImV4cCI6MTc0NDk2NTUxNSwiaWF0IjoxNzQ0MzYwNzE1LCJqdGkiOiI5NGNhODFmMDI0ZjE0YzViODlmZDIyMzZkNTM0OGQ0NSIsInVzZXJfaWQiOjEzfQ.UWYKr_WHBM6XLIlKOby6vBtnZORTEfNcfv_5NwN6hZI", "created_at": "2025-04-11T08:38:35.981Z", "expires_at": "2025-04-18T08:38:35Z"}}, {"model": "token_blacklist.outstandingtoken", "pk": 237, "fields": {"user": 11, "jti": "50973b6cb063493e97ac89abba91f6a2", "token": "eyJhbGciOiJIUzI1NiIsInR5cCI6IkpXVCJ9.eyJ0b2tlbl90eXBlIjoicmVmcmVzaCIsImV4cCI6MTc0NDk2OTEzNCwiaWF0IjoxNzQ0MzY0MzM0LCJqdGkiOiI1MDk3M2I2Y2IwNjM0OTNlOTdhYzg5YWJiYTkxZjZhMiIsInVzZXJfaWQiOjExfQ.wMessEYuYeICZEJbROczdRXnrrrhl0x4sg80JFO7mDo", "created_at": "2025-04-11T09:38:54.305Z", "expires_at": "2025-04-18T09:38:54Z"}}, {"model": "token_blacklist.outstandingtoken", "pk": 238, "fields": {"user": 13, "jti": "ffb9ea2e892d424a91fd08c253e40212", "token": "eyJhbGciOiJIUzI1NiIsInR5cCI6IkpXVCJ9.eyJ0b2tlbl90eXBlIjoicmVmcmVzaCIsImV4cCI6MTc0NDk2OTI0MiwiaWF0IjoxNzQ0MzY0NDQyLCJqdGkiOiJmZmI5ZWEyZTg5MmQ0MjRhOTFmZDA4YzI1M2U0MDIxMiIsInVzZXJfaWQiOjEzfQ.e2NjyEuK7cSNQrX6YzY12s991jgP6_bTHvWxzILClqs", "created_at": "2025-04-11T09:40:42.188Z", "expires_at": "2025-04-18T09:40:42Z"}}, {"model": "token_blacklist.outstandingtoken", "pk": 239, "fields": {"user": 13, "jti": "a348cf14c3764cf7aaefb81f14cf6b4f", "token": "eyJhbGciOiJIUzI1NiIsInR5cCI6IkpXVCJ9.eyJ0b2tlbl90eXBlIjoicmVmcmVzaCIsImV4cCI6MTc0NDk3NjQ0MCwiaWF0IjoxNzQ0MzcxNjQwLCJqdGkiOiJhMzQ4Y2YxNGMzNzY0Y2Y3YWFlZmI4MWYxNGNmNmI0ZiIsInVzZXJfaWQiOjEzfQ.ve7LYa8aBb2nfspmCQuTki8n7CCR81RhSSOjdjBhW5w", "created_at": "2025-04-11T11:40:40.353Z", "expires_at": "2025-04-18T11:40:40Z"}}, {"model": "token_blacklist.outstandingtoken", "pk": 240, "fields": {"user": 13, "jti": "0e67257b38d7413d815197692706341c", "token": "eyJhbGciOiJIUzI1NiIsInR5cCI6IkpXVCJ9.eyJ0b2tlbl90eXBlIjoicmVmcmVzaCIsImV4cCI6MTc0NDk4MjM3NiwiaWF0IjoxNzQ0Mzc3NTc2LCJqdGkiOiIwZTY3MjU3YjM4ZDc0MTNkODE1MTk3NjkyNzA2MzQxYyIsInVzZXJfaWQiOjEzfQ.QftHEbibrR22Jqzm4s-SvggbOrnMq3-uny544AGw990", "created_at": "2025-04-11T13:19:36.996Z", "expires_at": "2025-04-18T13:19:36Z"}}, {"model": "token_blacklist.outstandingtoken", "pk": 241, "fields": {"user": 13, "jti": "df4230bd97c74dc99a4f6fb307abc14b", "token": "eyJhbGciOiJIUzI1NiIsInR5cCI6IkpXVCJ9.eyJ0b2tlbl90eXBlIjoicmVmcmVzaCIsImV4cCI6MTc0NDk4MjYyMiwiaWF0IjoxNzQ0Mzc3ODIyLCJqdGkiOiJkZjQyMzBiZDk3Yzc0ZGM5OWE0ZjZmYjMwN2FiYzE0YiIsInVzZXJfaWQiOjEzfQ.9yer8hKhQKPKzBnc-P6YyM6jKZvzSGswNwzzXXsGM6s", "created_at": "2025-04-11T13:23:42.348Z", "expires_at": "2025-04-18T13:23:42Z"}}, {"model": "token_blacklist.outstandingtoken", "pk": 242, "fields": {"user": 11, "jti": "1b0f4578c2894101a26d03950eb436f0", "token": "eyJhbGciOiJIUzI1NiIsInR5cCI6IkpXVCJ9.eyJ0b2tlbl90eXBlIjoicmVmcmVzaCIsImV4cCI6MTc0NDk4NDM0NCwiaWF0IjoxNzQ0Mzc5NTQ0LCJqdGkiOiIxYjBmNDU3OGMyODk0MTAxYTI2ZDAzOTUwZWI0MzZmMCIsInVzZXJfaWQiOjExfQ.0JRo5mtZBcT4fEUdLX4YpjLq52lKbyS8Ws6PkU_Xmxw", "created_at": "2025-04-11T13:52:24.780Z", "expires_at": "2025-04-18T13:52:24Z"}}, {"model": "token_blacklist.outstandingtoken", "pk": 243, "fields": {"user": 13, "jti": "bab9cd99d2f54232b440a87a2686eca2", "token": "eyJhbGciOiJIUzI1NiIsInR5cCI6IkpXVCJ9.eyJ0b2tlbl90eXBlIjoicmVmcmVzaCIsImV4cCI6MTc0NDk5ODE5OSwiaWF0IjoxNzQ0MzkzMzk5LCJqdGkiOiJiYWI5Y2Q5OWQyZjU0MjMyYjQ0MGE4N2EyNjg2ZWNhMiIsInVzZXJfaWQiOjEzfQ.AI_AM8UF0Vio-sxauiWrWCKTfnB2QDkHqiuiu7fg2ug", "created_at": "2025-04-11T17:43:19.390Z", "expires_at": "2025-04-18T17:43:19Z"}}, {"model": "token_blacklist.outstandingtoken", "pk": 244, "fields": {"user": 11, "jti": "195eeeafa0744d919a1c3004691dbfd6", "token": "eyJhbGciOiJIUzI1NiIsInR5cCI6IkpXVCJ9.eyJ0b2tlbl90eXBlIjoicmVmcmVzaCIsImV4cCI6MTc0NTAwNTMzMywiaWF0IjoxNzQ0NDAwNTMzLCJqdGkiOiIxOTVlZWVhZmEwNzQ0ZDkxOWExYzMwMDQ2OTFkYmZkNiIsInVzZXJfaWQiOjExfQ.TE3c18WRr27olG2E_rt3Z_jYmNomBUweXLZOIzpjmrg", "created_at": "2025-04-11T19:42:13.683Z", "expires_at": "2025-04-18T19:42:13Z"}}, {"model": "token_blacklist.outstandingtoken", "pk": 245, "fields": {"user": 13, "jti": "dd1e56b69456487690f52f220e6e87ef", "token": "eyJhbGciOiJIUzI1NiIsInR5cCI6IkpXVCJ9.eyJ0b2tlbl90eXBlIjoicmVmcmVzaCIsImV4cCI6MTc0NTAwNTQxMSwiaWF0IjoxNzQ0NDAwNjExLCJqdGkiOiJkZDFlNTZiNjk0NTY0ODc2OTBmNTJmMjIwZTZlODdlZiIsInVzZXJfaWQiOjEzfQ.G-rk4tklY8m3g4b8Hfy3iGQhpB0l_hXrFwQypJXme10", "created_at": "2025-04-11T19:43:31.503Z", "expires_at": "2025-04-18T19:43:31Z"}}, {"model": "token_blacklist.outstandingtoken", "pk": 246, "fields": {"user": 11, "jti": "6f826c81dd6f46bd9504df513ecab5ae", "token": "eyJhbGciOiJIUzI1NiIsInR5cCI6IkpXVCJ9.eyJ0b2tlbl90eXBlIjoicmVmcmVzaCIsImV4cCI6MTc0NTAwODMxNiwiaWF0IjoxNzQ0NDAzNTE2LCJqdGkiOiI2ZjgyNmM4MWRkNmY0NmJkOTUwNGRmNTEzZWNhYjVhZSIsInVzZXJfaWQiOjExfQ.LuvUvd2Qu9cxPQ0K96brP5fz8AgFhcW_ZqlMismWYgM", "created_at": "2025-04-11T20:31:56.500Z", "expires_at": "2025-04-18T20:31:56Z"}}, {"model": "token_blacklist.outstandingtoken", "pk": 247, "fields": {"user": 11, "jti": "ab98e50565104865a0e9e228c8112160", "token": "eyJhbGciOiJIUzI1NiIsInR5cCI6IkpXVCJ9.eyJ0b2tlbl90eXBlIjoicmVmcmVzaCIsImV4cCI6MTc0NTAxMTk2MCwiaWF0IjoxNzQ0NDA3MTYwLCJqdGkiOiJhYjk4ZTUwNTY1MTA0ODY1YTBlOWUyMjhjODExMjE2MCIsInVzZXJfaWQiOjExfQ.eWdClirC4ln5C3ZoEJQyXRWcGgWxi3bJKDwBhrj2__c", "created_at": "2025-04-11T21:32:40.167Z", "expires_at": "2025-04-18T21:32:40Z"}}, {"model": "token_blacklist.outstandingtoken", "pk": 248, "fields": {"user": 11, "jti": "52382a09ce164ffa97bf609679b92eae", "token": "eyJhbGciOiJIUzI1NiIsInR5cCI6IkpXVCJ9.eyJ0b2tlbl90eXBlIjoicmVmcmVzaCIsImV4cCI6MTc0NTAxNTg5MiwiaWF0IjoxNzQ0NDExMDkyLCJqdGkiOiI1MjM4MmEwOWNlMTY0ZmZhOTdiZjYwOTY3OWI5MmVhZSIsInVzZXJfaWQiOjExfQ.jVSzhY-Yb2QFF3isfGseVBiIEOM69xQta6UeT1G_fu0", "created_at": "2025-04-11T22:38:12.958Z", "expires_at": "2025-04-18T22:38:12Z"}}, {"model": "token_blacklist.outstandingtoken", "pk": 249, "fields": {"user": 11, "jti": "6c1b35a1ec6f41749de58395b2d6b77b", "token": "eyJhbGciOiJIUzI1NiIsInR5cCI6IkpXVCJ9.eyJ0b2tlbl90eXBlIjoicmVmcmVzaCIsImV4cCI6MTc0NTA0ODc4NiwiaWF0IjoxNzQ0NDQzOTg2LCJqdGkiOiI2YzFiMzVhMWVjNmY0MTc0OWRlNTgzOTViMmQ2Yjc3YiIsInVzZXJfaWQiOjExfQ.W-nbQkvRXdZKf2Y2LRhj4j7IKufc9NrDRE18U5F7mqY", "created_at": "2025-04-12T07:46:26.784Z", "expires_at": "2025-04-19T07:46:26Z"}}, {"model": "token_blacklist.outstandingtoken", "pk": 250, "fields": {"user": 13, "jti": "d0b46f21d38b4a2ab48b682ce62719fa", "token": "eyJhbGciOiJIUzI1NiIsInR5cCI6IkpXVCJ9.eyJ0b2tlbl90eXBlIjoicmVmcmVzaCIsImV4cCI6MTc0NTA0ODk4NiwiaWF0IjoxNzQ0NDQ0MTg2LCJqdGkiOiJkMGI0NmYyMWQzOGI0YTJhYjQ4YjY4MmNlNjI3MTlmYSIsInVzZXJfaWQiOjEzfQ.3SzPufl1Dd7bbyTlJmiYacfBoCLLTwOg2S3_4g5PljM", "created_at": "2025-04-12T07:49:46.144Z", "expires_at": "2025-04-19T07:49:46Z"}}, {"model": "token_blacklist.outstandingtoken", "pk": 251, "fields": {"user": 13, "jti": "b2c6b49a836b47c288fb0565902a4c75", "token": "eyJhbGciOiJIUzI1NiIsInR5cCI6IkpXVCJ9.eyJ0b2tlbl90eXBlIjoicmVmcmVzaCIsImV4cCI6MTc0NTA0OTA0OSwiaWF0IjoxNzQ0NDQ0MjQ5LCJqdGkiOiJiMmM2YjQ5YTgzNmI0N2MyODhmYjA1NjU5MDJhNGM3NSIsInVzZXJfaWQiOjEzfQ.li2KQeneLlSJprEq-w-K-CJobGIxEtNPIcZ_RJRh46Q", "created_at": "2025-04-12T07:50:49.801Z", "expires_at": "2025-04-19T07:50:49Z"}}, {"model": "token_blacklist.outstandingtoken", "pk": 252, "fields": {"user": 11, "jti": "3fb81cbf95ea40c797055674bc522e09", "token": "eyJhbGciOiJIUzI1NiIsInR5cCI6IkpXVCJ9.eyJ0b2tlbl90eXBlIjoicmVmcmVzaCIsImV4cCI6MTc0NTA1OTMyNSwiaWF0IjoxNzQ0NDU0NTI1LCJqdGkiOiIzZmI4MWNiZjk1ZWE0MGM3OTcwNTU2NzRiYzUyMmUwOSIsInVzZXJfaWQiOjExfQ.WcAliKvhy0x4lLv1N4xZfb4gxjBDsSEjcx4YvHY7D2k", "created_at": "2025-04-12T10:42:05.766Z", "expires_at": "2025-04-19T10:42:05Z"}}, {"model": "token_blacklist.outstandingtoken", "pk": 253, "fields": {"user": 10, "jti": "15aa8833c727447a9110bd0662373c12", "token": "eyJhbGciOiJIUzI1NiIsInR5cCI6IkpXVCJ9.eyJ0b2tlbl90eXBlIjoicmVmcmVzaCIsImV4cCI6MTc0NTA1OTU3OSwiaWF0IjoxNzQ0NDU0Nzc5LCJqdGkiOiIxNWFhODgzM2M3Mjc0NDdhOTExMGJkMDY2MjM3M2MxMiIsInVzZXJfaWQiOjEwfQ.qr7uDA1CEjgRVLBj_uznqPD3YlzpapbFAceeonFNgio", "created_at": "2025-04-12T10:46:19.220Z", "expires_at": "2025-04-19T10:46:19Z"}}, {"model": "token_blacklist.outstandingtoken", "pk": 254, "fields": {"user": 10, "jti": "762b38bbbc6648b6987c1f7e4b2f6845", "token": "eyJhbGciOiJIUzI1NiIsInR5cCI6IkpXVCJ9.eyJ0b2tlbl90eXBlIjoicmVmcmVzaCIsImV4cCI6MTc0NTA4NzgyNiwiaWF0IjoxNzQ0NDgzMDI2LCJqdGkiOiI3NjJiMzhiYmJjNjY0OGI2OTg3YzFmN2U0YjJmNjg0NSIsInVzZXJfaWQiOjEwfQ.WGb248dHFkC057OsMj35ddmGv6wk7mvcmGGrf8XHCqI", "created_at": "2025-04-12T18:37:06.691Z", "expires_at": "2025-04-19T18:37:06Z"}}, {"model": "token_blacklist.outstandingtoken", "pk": 255, "fields": {"user": 10, "jti": "f96990144c1f470081023e693ef66c92", "token": "eyJhbGciOiJIUzI1NiIsInR5cCI6IkpXVCJ9.eyJ0b2tlbl90eXBlIjoicmVmcmVzaCIsImV4cCI6MTc0NTA5MTUzOCwiaWF0IjoxNzQ0NDg2NzM4LCJqdGkiOiJmOTY5OTAxNDRjMWY0NzAwODEwMjNlNjkzZWY2NmM5MiIsInVzZXJfaWQiOjEwfQ.tvLtqVzh-jF0P0JYoU35yku9l1vJQZL4IiQxl4y47UU", "created_at": "2025-04-12T19:38:58.943Z", "expires_at": "2025-04-19T19:38:58Z"}}, {"model": "token_blacklist.outstandingtoken", "pk": 256, "fields": {"user": 10, "jti": "e42169fda60449509ea17cde5eefa463", "token": "eyJhbGciOiJIUzI1NiIsInR5cCI6IkpXVCJ9.eyJ0b2tlbl90eXBlIjoicmVmcmVzaCIsImV4cCI6MTc0NTA5MjE0MCwiaWF0IjoxNzQ0NDg3MzQwLCJqdGkiOiJlNDIxNjlmZGE2MDQ0OTUwOWVhMTdjZGU1ZWVmYTQ2MyIsInVzZXJfaWQiOjEwfQ.Jy5wEUv3eYzy94t5OduCAbgsey2mDazE9u68fJQUVoU", "created_at": "2025-04-12T19:49:00.710Z", "expires_at": "2025-04-19T19:49:00Z"}}, {"model": "token_blacklist.outstandingtoken", "pk": 257, "fields": {"user": 1, "jti": "780db91cb3ce42cda90b5d3dab3b08f7", "token": "eyJhbGciOiJIUzI1NiIsInR5cCI6IkpXVCJ9.eyJ0b2tlbl90eXBlIjoicmVmcmVzaCIsImV4cCI6MTc0NTA5MjI2NCwiaWF0IjoxNzQ0NDg3NDY0LCJqdGkiOiI3ODBkYjkxY2IzY2U0MmNkYTkwYjVkM2RhYjNiMDhmNyIsInVzZXJfaWQiOjF9.THBgjYm5Q6Mb6PO9h_Ds2E38Sh_zsC4PoUjfMgl6XH0", "created_at": "2025-04-12T19:51:04.793Z", "expires_at": "2025-04-19T19:51:04Z"}}, {"model": "token_blacklist.outstandingtoken", "pk": 258, "fields": {"user": 10, "jti": "3e1faf456a954d8aa8cc1e17aa30c398", "token": "eyJhbGciOiJIUzI1NiIsInR5cCI6IkpXVCJ9.eyJ0b2tlbl90eXBlIjoicmVmcmVzaCIsImV4cCI6MTc0NTA5MjMwNSwiaWF0IjoxNzQ0NDg3NTA1LCJqdGkiOiIzZTFmYWY0NTZhOTU0ZDhhYThjYzFlMTdhYTMwYzM5OCIsInVzZXJfaWQiOjEwfQ.5Yp2_Egx8mAcKvYmY-LTwVw4WaheqAVLogsLD93vJSQ", "created_at": "2025-04-12T19:51:45.023Z", "expires_at": "2025-04-19T19:51:45Z"}}, {"model": "token_blacklist.outstandingtoken", "pk": 259, "fields": {"user": 1, "jti": "36b6f0a6c20d4a4cb0040463f627171c", "token": "eyJhbGciOiJIUzI1NiIsInR5cCI6IkpXVCJ9.eyJ0b2tlbl90eXBlIjoicmVmcmVzaCIsImV4cCI6MTc0NTA5MjM1MywiaWF0IjoxNzQ0NDg3NTUzLCJqdGkiOiIzNmI2ZjBhNmMyMGQ0YTRjYjAwNDA0NjNmNjI3MTcxYyIsInVzZXJfaWQiOjF9.TedkRKv-oEdriqo80R-Ixpu4zajmwalS2yTkhjIpyu4", "created_at": "2025-04-12T19:52:33.996Z", "expires_at": "2025-04-19T19:52:33Z"}}, {"model": "token_blacklist.outstandingtoken", "pk": 260, "fields": {"user": 13, "jti": "c3ff9b220c994f04823c40345ba0378b", "token": "eyJhbGciOiJIUzI1NiIsInR5cCI6IkpXVCJ9.eyJ0b2tlbl90eXBlIjoicmVmcmVzaCIsImV4cCI6MTc0NTA5MjM4MywiaWF0IjoxNzQ0NDg3NTgzLCJqdGkiOiJjM2ZmOWIyMjBjOTk0ZjA0ODIzYzQwMzQ1YmEwMzc4YiIsInVzZXJfaWQiOjEzfQ.oohtYZUcinNYSZ2FwN7TRTUPXFYKWJPhtrntI7e5Sls", "created_at": "2025-04-12T19:53:03.022Z", "expires_at": "2025-04-19T19:53:03Z"}}, {"model": "token_blacklist.outstandingtoken", "pk": 261, "fields": {"user": 11, "jti": "63abe558ff1d42b58780f0e5da0bddac", "token": "eyJhbGciOiJIUzI1NiIsInR5cCI6IkpXVCJ9.eyJ0b2tlbl90eXBlIjoicmVmcmVzaCIsImV4cCI6MTc0NTEyNzQ1NywiaWF0IjoxNzQ0NTIyNjU3LCJqdGkiOiI2M2FiZTU1OGZmMWQ0MmI1ODc4MGYwZTVkYTBiZGRhYyIsInVzZXJfaWQiOjExfQ.FKh3wFOGFzNtEj8hltnjBmUSBVO3AX0jLPvinjNBK8M", "created_at": "2025-04-13T05:37:37.034Z", "expires_at": "2025-04-20T05:37:37Z"}}, {"model": "token_blacklist.outstandingtoken", "pk": 262, "fields": {"user": 13, "jti": "2584c7ebda504f92928a59a507490430", "token": "eyJhbGciOiJIUzI1NiIsInR5cCI6IkpXVCJ9.eyJ0b2tlbl90eXBlIjoicmVmcmVzaCIsImV4cCI6MTc0NTEyNzY3OSwiaWF0IjoxNzQ0NTIyODc5LCJqdGkiOiIyNTg0YzdlYmRhNTA0ZjkyOTI4YTU5YTUwNzQ5MDQzMCIsInVzZXJfaWQiOjEzfQ.DrmYO3a_Yun8GOg3JHaGQ5_2ZSoiqH74RfP0TkYcLXc", "created_at": "2025-04-13T05:41:19.504Z", "expires_at": "2025-04-20T05:41:19Z"}}, {"model": "token_blacklist.outstandingtoken", "pk": 263, "fields": {"user": 10, "jti": "8d1d26b469834c00a77571946ac84275", "token": "eyJhbGciOiJIUzI1NiIsInR5cCI6IkpXVCJ9.eyJ0b2tlbl90eXBlIjoicmVmcmVzaCIsImV4cCI6MTc0NTEyNzc2MCwiaWF0IjoxNzQ0NTIyOTYwLCJqdGkiOiI4ZDFkMjZiNDY5ODM0YzAwYTc3NTcxOTQ2YWM4NDI3NSIsInVzZXJfaWQiOjEwfQ.80i0V2iMtiKBWF0vwkfGWwRQUJMHSVSHq9aDy-rh5T8", "created_at": "2025-04-13T05:42:40.609Z", "expires_at": "2025-04-20T05:42:40Z"}}, {"model": "token_blacklist.outstandingtoken", "pk": 264, "fields": {"user": 1, "jti": "55b64b390de344dfb7d3e00c15b9ffc2", "token": "eyJhbGciOiJIUzI1NiIsInR5cCI6IkpXVCJ9.eyJ0b2tlbl90eXBlIjoicmVmcmVzaCIsImV4cCI6MTc0NTEyNzc5MCwiaWF0IjoxNzQ0NTIyOTkwLCJqdGkiOiI1NWI2NGIzOTBkZTM0NGRmYjdkM2UwMGMxNWI5ZmZjMiIsInVzZXJfaWQiOjF9.7T2MSrqyowR3oNlNPKVvrcSpxcGYC629wSGXqY7PZXE", "created_at": "2025-04-13T05:43:10.118Z", "expires_at": "2025-04-20T05:43:10Z"}}, {"model": "token_blacklist.outstandingtoken", "pk": 265, "fields": {"user": 10, "jti": "df10356320e040d98972163b0d78edbf", "token": "eyJhbGciOiJIUzI1NiIsInR5cCI6IkpXVCJ9.eyJ0b2tlbl90eXBlIjoicmVmcmVzaCIsImV4cCI6MTc0NTEyODQ4OSwiaWF0IjoxNzQ0NTIzNjg5LCJqdGkiOiJkZjEwMzU2MzIwZTA0MGQ5ODk3MjE2M2IwZDc4ZWRiZiIsInVzZXJfaWQiOjEwfQ.DstFJqUtmMvHqEF0xnfQfs8bbG6vWxvXQp__3-DFIYo", "created_at": "2025-04-13T05:54:49.355Z", "expires_at": "2025-04-20T05:54:49Z"}}, {"model": "token_blacklist.outstandingtoken", "pk": 266, "fields": {"user": 1, "jti": "46205c46f7c5403ab6290244cfb321ae", "token": "eyJhbGciOiJIUzI1NiIsInR5cCI6IkpXVCJ9.eyJ0b2tlbl90eXBlIjoicmVmcmVzaCIsImV4cCI6MTc0NTEyOTQyOSwiaWF0IjoxNzQ0NTI0NjI5LCJqdGkiOiI0NjIwNWM0NmY3YzU0MDNhYjYyOTAyNDRjZmIzMjFhZSIsInVzZXJfaWQiOjF9.BxuYqHoqRpVXsDlOFKMNolY2Ng2b6lkmDzCfE8w6mzI", "created_at": "2025-04-13T06:10:29.658Z", "expires_at": "2025-04-20T06:10:29Z"}}, {"model": "token_blacklist.outstandingtoken", "pk": 267, "fields": {"user": 11, "jti": "ff8995ed240f4f8ea81eced9aa7e6be4", "token": "eyJhbGciOiJIUzI1NiIsInR5cCI6IkpXVCJ9.eyJ0b2tlbl90eXBlIjoicmVmcmVzaCIsImV4cCI6MTc0NTE0Mjk1MywiaWF0IjoxNzQ0NTM4MTUzLCJqdGkiOiJmZjg5OTVlZDI0MGY0ZjhlYTgxZWNlZDlhYTdlNmJlNCIsInVzZXJfaWQiOjExfQ.pb3AoD0VoXnOpy8IOEAjMTSHrm6YmQDhdEPat8K5q34", "created_at": "2025-04-13T09:55:53.517Z", "expires_at": "2025-04-20T09:55:53Z"}}, {"model": "token_blacklist.outstandingtoken", "pk": 268, "fields": {"user": 13, "jti": "25a293d7a34c483f99da9a729475f7ba", "token": "eyJhbGciOiJIUzI1NiIsInR5cCI6IkpXVCJ9.eyJ0b2tlbl90eXBlIjoicmVmcmVzaCIsImV4cCI6MTc0NTE0MzI3OCwiaWF0IjoxNzQ0NTM4NDc4LCJqdGkiOiIyNWEyOTNkN2EzNGM0ODNmOTlkYTlhNzI5NDc1ZjdiYSIsInVzZXJfaWQiOjEzfQ.iBNsUkCdI9DsaEmf1RH2CdgCppQTsv1boRBru13veK8", "created_at": "2025-04-13T10:01:18.355Z", "expires_at": "2025-04-20T10:01:18Z"}}, {"model": "token_blacklist.outstandingtoken", "pk": 269, "fields": {"user": 13, "jti": "74d186bbe8734332aea759bc21697584", "token": "eyJhbGciOiJIUzI1NiIsInR5cCI6IkpXVCJ9.eyJ0b2tlbl90eXBlIjoicmVmcmVzaCIsImV4cCI6MTc0NTI5NTQwOSwiaWF0IjoxNzQ0NjkwNjA5LCJqdGkiOiI3NGQxODZiYmU4NzM0MzMyYWVhNzU5YmMyMTY5NzU4NCIsInVzZXJfaWQiOjEzfQ.tLC-p8OGdAoMev70i4RuNQDOnV0wCKmAFKw5hm8giIM", "created_at": "2025-04-15T04:16:49.391Z", "expires_at": "2025-04-22T04:16:49Z"}}, {"model": "token_blacklist.outstandingtoken", "pk": 270, "fields": {"user": 11, "jti": "16be4e8dbbd24224a7fa32fb4dc8ae4e", "token": "eyJhbGciOiJIUzI1NiIsInR5cCI6IkpXVCJ9.eyJ0b2tlbl90eXBlIjoicmVmcmVzaCIsImV4cCI6MTc0NTI5NTU3OCwiaWF0IjoxNzQ0NjkwNzc4LCJqdGkiOiIxNmJlNGU4ZGJiZDI0MjI0YTdmYTMyZmI0ZGM4YWU0ZSIsInVzZXJfaWQiOjExfQ.hK5kHmr35M98yhUjdHjHVEs16zsCEDZ6XqJLn5EQKxg", "created_at": "2025-04-15T04:19:38.317Z", "expires_at": "2025-04-22T04:19:38Z"}}, {"model": "token_blacklist.outstandingtoken", "pk": 271, "fields": {"user": 10, "jti": "d561731589594a8daed41fd24177181b", "token": "eyJhbGciOiJIUzI1NiIsInR5cCI6IkpXVCJ9.eyJ0b2tlbl90eXBlIjoicmVmcmVzaCIsImV4cCI6MTc0NTM5MTU1MSwiaWF0IjoxNzQ0Nzg2NzUxLCJqdGkiOiJkNTYxNzMxNTg5NTk0YThkYWVkNDFmZDI0MTc3MTgxYiIsInVzZXJfaWQiOjEwfQ.S88kwOI9-4R0j1CJz6JiTfD1JWnLzzKpcwhb0Z5sMks", "created_at": "2025-04-16T06:59:11.646Z", "expires_at": "2025-04-23T06:59:11Z"}}, {"model": "token_blacklist.outstandingtoken", "pk": 272, "fields": {"user": 12, "jti": "65ea9430aebb42419032126994994a4e", "token": "eyJhbGciOiJIUzI1NiIsInR5cCI6IkpXVCJ9.eyJ0b2tlbl90eXBlIjoicmVmcmVzaCIsImV4cCI6MTc0NTQ4MTAzNiwiaWF0IjoxNzQ0ODc2MjM2LCJqdGkiOiI2NWVhOTQzMGFlYmI0MjQxOTAzMjEyNjk5NDk5NGE0ZSIsInVzZXJfaWQiOjEyfQ.xgirttlg1nmMIgtA_L1cZVTOeoVy1S_HjLh_ip_l2lM", "created_at": "2025-04-17T07:50:36.037Z", "expires_at": "2025-04-24T07:50:36Z"}}, {"model": "token_blacklist.outstandingtoken", "pk": 273, "fields": {"user": 17, "jti": "ba1264c2bc3a41c6b9806325bc741a5b", "token": "eyJhbGciOiJIUzI1NiIsInR5cCI6IkpXVCJ9.eyJ0b2tlbl90eXBlIjoicmVmcmVzaCIsImV4cCI6MTc0NTU5OTU0MiwiaWF0IjoxNzQ0OTk0NzQyLCJqdGkiOiJiYTEyNjRjMmJjM2E0MWM2Yjk4MDYzMjViYzc0MWE1YiIsInVzZXJfaWQiOjE3fQ.SLHpBuoMtxHZna5VHbaEdHbu65zidsFCtgVSgUgSkHs", "created_at": "2025-04-18T16:45:42.970Z", "expires_at": "2025-04-25T16:45:42Z"}}, {"model": "token_blacklist.outstandingtoken", "pk": 274, "fields": {"user": 11, "jti": "1148e47bb34c455184ccc6291f71cb84", "token": "eyJhbGciOiJIUzI1NiIsInR5cCI6IkpXVCJ9.eyJ0b2tlbl90eXBlIjoicmVmcmVzaCIsImV4cCI6MTc0NTU5OTYzNSwiaWF0IjoxNzQ0OTk0ODM1LCJqdGkiOiIxMTQ4ZTQ3YmIzNGM0NTUxODRjY2M2MjkxZjcxY2I4NCIsInVzZXJfaWQiOjExfQ.aT_H6WSWC8JdPRz-oQ_6ngT9N5pNkQFQodg8YkqBDAo", "created_at": "2025-04-18T16:47:15.964Z", "expires_at": "2025-04-25T16:47:15Z"}}, {"model": "token_blacklist.outstandingtoken", "pk": 275, "fields": {"user": 13, "jti": "4bd32a1700da4d8fb03a4caa7e784284", "token": "eyJhbGciOiJIUzI1NiIsInR5cCI6IkpXVCJ9.eyJ0b2tlbl90eXBlIjoicmVmcmVzaCIsImV4cCI6MTc0NTU5OTc1NywiaWF0IjoxNzQ0OTk0OTU3LCJqdGkiOiI0YmQzMmExNzAwZGE0ZDhmYjAzYTRjYWE3ZTc4NDI4NCIsInVzZXJfaWQiOjEzfQ.th3y1M6-5kmcjrXgh2PPeh_-PjUDHEHJLeYuQ7qEv_I", "created_at": "2025-04-18T16:49:17.379Z", "expires_at": "2025-04-25T16:49:17Z"}}, {"model": "token_blacklist.outstandingtoken", "pk": 276, "fields": {"user": 13, "jti": "7af99567814743cd99c5aba3bce9f6cb", "token": "eyJhbGciOiJIUzI1NiIsInR5cCI6IkpXVCJ9.eyJ0b2tlbl90eXBlIjoicmVmcmVzaCIsImV4cCI6MTc0NTczNTYxOSwiaWF0IjoxNzQ1MTMwODE5LCJqdGkiOiI3YWY5OTU2NzgxNDc0M2NkOTljNWFiYTNiY2U5ZjZjYiIsInVzZXJfaWQiOjEzfQ.3la-LGPchTuib_MQPs13bc73eYB913ij7erjNv2JgmY", "created_at": "2025-04-20T06:33:39.972Z", "expires_at": "2025-04-27T06:33:39Z"}}, {"model": "token_blacklist.outstandingtoken", "pk": 277, "fields": {"user": 10, "jti": "1178f6fb5cde49eb9642073a8530a372", "token": "eyJhbGciOiJIUzI1NiIsInR5cCI6IkpXVCJ9.eyJ0b2tlbl90eXBlIjoicmVmcmVzaCIsImV4cCI6MTc0NTczNjkyNSwiaWF0IjoxNzQ1MTMyMTI1LCJqdGkiOiIxMTc4ZjZmYjVjZGU0OWViOTY0MjA3M2E4NTMwYTM3MiIsInVzZXJfaWQiOjEwfQ.JsitWxkZ4UCzal3nmXyhBSqT8-jnIutcJcwP85ahBys", "created_at": "2025-04-20T06:55:25.410Z", "expires_at": "2025-04-27T06:55:25Z"}}, {"model": "token_blacklist.outstandingtoken", "pk": 278, "fields": {"user": 13, "jti": "bb1fcdb91ca843b5941449ec7d7930fc", "token": "eyJhbGciOiJIUzI1NiIsInR5cCI6IkpXVCJ9.eyJ0b2tlbl90eXBlIjoicmVmcmVzaCIsImV4cCI6MTc0NTczNzY4MiwiaWF0IjoxNzQ1MTMyODgyLCJqdGkiOiJiYjFmY2RiOTFjYTg0M2I1OTQxNDQ5ZWM3ZDc5MzBmYyIsInVzZXJfaWQiOjEzfQ.skveuwNwrOjzgOPJwz4hvtstv-xiz7Hck7trOzoMsqQ", "created_at": "2025-04-20T07:08:02.014Z", "expires_at": "2025-04-27T07:08:02Z"}}, {"model": "token_blacklist.outstandingtoken", "pk": 279, "fields": {"user": 11, "jti": "7889ac8bc8f74e459a2c57666a111edf", "token": "eyJhbGciOiJIUzI1NiIsInR5cCI6IkpXVCJ9.eyJ0b2tlbl90eXBlIjoicmVmcmVzaCIsImV4cCI6MTc0NTczNzc1NywiaWF0IjoxNzQ1MTMyOTU3LCJqdGkiOiI3ODg5YWM4YmM4Zjc0ZTQ1OWEyYzU3NjY2YTExMWVkZiIsInVzZXJfaWQiOjExfQ.xDj7nokik7YbWRBQ12DH2anSJM9OgJ7_cdN7DMLotgY", "created_at": "2025-04-20T07:09:17.177Z", "expires_at": "2025-04-27T07:09:17Z"}}, {"model": "token_blacklist.outstandingtoken", "pk": 280, "fields": {"user": 13, "jti": "ec78786813fb4ce2bec446521302f0df", "token": "eyJhbGciOiJIUzI1NiIsInR5cCI6IkpXVCJ9.eyJ0b2tlbl90eXBlIjoicmVmcmVzaCIsImV4cCI6MTc0NTczODc3NSwiaWF0IjoxNzQ1MTMzOTc1LCJqdGkiOiJlYzc4Nzg2ODEzZmI0Y2UyYmVjNDQ2NTIxMzAyZjBkZiIsInVzZXJfaWQiOjEzfQ.r-pcBUtLY4JD5xjK1BTeedAEimoy1aiUfeWhs-hrnyo", "created_at": "2025-04-20T07:26:15.799Z", "expires_at": "2025-04-27T07:26:15Z"}}, {"model": "token_blacklist.outstandingtoken", "pk": 281, "fields": {"user": 11, "jti": "9f26c26f6d934081baae78f200b761cf", "token": "eyJhbGciOiJIUzI1NiIsInR5cCI6IkpXVCJ9.eyJ0b2tlbl90eXBlIjoicmVmcmVzaCIsImV4cCI6MTc0NTc0MTcwMywiaWF0IjoxNzQ1MTM2OTAzLCJqdGkiOiI5ZjI2YzI2ZjZkOTM0MDgxYmFhZTc4ZjIwMGI3NjFjZiIsInVzZXJfaWQiOjExfQ.w7iUjY7biCUMjepY__fdxUSNTjwwvFS0Ix_bMq3cNpc", "created_at": "2025-04-20T08:15:03.658Z", "expires_at": "2025-04-27T08:15:03Z"}}, {"model": "token_blacklist.outstandingtoken", "pk": 282, "fields": {"user": 1, "jti": "25487454a6e84a1c9a41d1bb99ad8479", "token": "eyJhbGciOiJIUzI1NiIsInR5cCI6IkpXVCJ9.eyJ0b2tlbl90eXBlIjoicmVmcmVzaCIsImV4cCI6MTc0NTc0MTg5MywiaWF0IjoxNzQ1MTM3MDkzLCJqdGkiOiIyNTQ4NzQ1NGE2ZTg0YTFjOWE0MWQxYmI5OWFkODQ3OSIsInVzZXJfaWQiOjF9.JqmnZGVmZI5dEgyS5MDK1SKJVkCd0EneUqJl6IfXQEQ", "created_at": "2025-04-20T08:18:13.976Z", "expires_at": "2025-04-27T08:18:13Z"}}, {"model": "token_blacklist.outstandingtoken", "pk": 283, "fields": {"user": 11, "jti": "fa3b157890fb4caaa25193c9aa5a7bcb", "token": "eyJhbGciOiJIUzI1NiIsInR5cCI6IkpXVCJ9.eyJ0b2tlbl90eXBlIjoicmVmcmVzaCIsImV4cCI6MTc0NTc0NzQxNCwiaWF0IjoxNzQ1MTQyNjE0LCJqdGkiOiJmYTNiMTU3ODkwZmI0Y2FhYTI1MTkzYzlhYTVhN2JjYiIsInVzZXJfaWQiOjExfQ._UWvsbI_n2QWXBt8uxh_Yj3VJ2h8NJ3UPdrgVMi0x7c", "created_at": "2025-04-20T09:50:14.681Z", "expires_at": "2025-04-27T09:50:14Z"}}, {"model": "token_blacklist.outstandingtoken", "pk": 284, "fields": {"user": 11, "jti": "1a03d54746c349e2ab827f21c093ba35", "token": "eyJhbGciOiJIUzI1NiIsInR5cCI6IkpXVCJ9.eyJ0b2tlbl90eXBlIjoicmVmcmVzaCIsImV4cCI6MTc0NTc0ODI2MCwiaWF0IjoxNzQ1MTQzNDYwLCJqdGkiOiIxYTAzZDU0NzQ2YzM0OWUyYWI4MjdmMjFjMDkzYmEzNSIsInVzZXJfaWQiOjExfQ.2T0ffZobDqyi64NRBqv2m2c8vNH9UTYp7px9AQowboI", "created_at": "2025-04-20T10:04:20.555Z", "expires_at": "2025-04-27T10:04:20Z"}}, {"model": "token_blacklist.outstandingtoken", "pk": 285, "fields": {"user": 11, "jti": "71fd529e0da340a4a8898b2bcaf543ca", "token": "eyJhbGciOiJIUzI1NiIsInR5cCI6IkpXVCJ9.eyJ0b2tlbl90eXBlIjoicmVmcmVzaCIsImV4cCI6MTc0NTc0ODkyNSwiaWF0IjoxNzQ1MTQ0MTI1LCJqdGkiOiI3MWZkNTI5ZTBkYTM0MGE0YTg4OThiMmJjYWY1NDNjYSIsInVzZXJfaWQiOjExfQ.tNNYBLwHB9uWHKzbFj-X82hek-O-dedKGPtTnJCetsc", "created_at": "2025-04-20T10:15:25.824Z", "expires_at": "2025-04-27T10:15:25Z"}}, {"model": "token_blacklist.outstandingtoken", "pk": 286, "fields": {"user": 13, "jti": "a516a9ac12b448cba8c96f9557e6e9e7", "token": "eyJhbGciOiJIUzI1NiIsInR5cCI6IkpXVCJ9.eyJ0b2tlbl90eXBlIjoicmVmcmVzaCIsImV4cCI6MTc0NTc0ODk1NiwiaWF0IjoxNzQ1MTQ0MTU2LCJqdGkiOiJhNTE2YTlhYzEyYjQ0OGNiYThjOTZmOTU1N2U2ZTllNyIsInVzZXJfaWQiOjEzfQ.LUiDWbJda-DmD2x2BU5pIo6ZycFYXvYHUBljj0tnU3E", "created_at": "2025-04-20T10:15:56.442Z", "expires_at": "2025-04-27T10:15:56Z"}}, {"model": "token_blacklist.outstandingtoken", "pk": 287, "fields": {"user": 11, "jti": "84dda20f8c0f479f88401d522b742507", "token": "eyJhbGciOiJIUzI1NiIsInR5cCI6IkpXVCJ9.eyJ0b2tlbl90eXBlIjoicmVmcmVzaCIsImV4cCI6MTc0NTc1MzY0MywiaWF0IjoxNzQ1MTQ4ODQzLCJqdGkiOiI4NGRkYTIwZjhjMGY0NzlmODg0MDFkNTIyYjc0MjUwNyIsInVzZXJfaWQiOjExfQ.pynTm5DwlvnmYVv7jwtrSVXouJtfb4_Moc22gk2YUDo", "created_at": "2025-04-20T11:34:03.891Z", "expires_at": "2025-04-27T11:34:03Z"}}, {"model": "token_blacklist.outstandingtoken", "pk": 288, "fields": {"user": 10, "jti": "935f82c52d554701847c0f9c090f0602", "token": "eyJhbGciOiJIUzI1NiIsInR5cCI6IkpXVCJ9.eyJ0b2tlbl90eXBlIjoicmVmcmVzaCIsImV4cCI6MTc0NjM0ODYwNywiaWF0IjoxNzQ1NzQzODA3LCJqdGkiOiI5MzVmODJjNTJkNTU0NzAxODQ3YzBmOWMwOTBmMDYwMiIsInVzZXJfaWQiOjEwfQ.A7VlnXbbz1VxEx64o9jV7KGXdnMYE9RL6ISNnw4d3V4", "created_at": "2025-04-27T08:50:07.918Z", "expires_at": "2025-05-04T08:50:07Z"}}, {"model": "token_blacklist.outstandingtoken", "pk": 289, "fields": {"user": 1, "jti": "72310616504649fab014e36a031d26a2", "token": "eyJhbGciOiJIUzI1NiIsInR5cCI6IkpXVCJ9.eyJ0b2tlbl90eXBlIjoicmVmcmVzaCIsImV4cCI6MTc0NjM0ODYzNCwiaWF0IjoxNzQ1NzQzODM0LCJqdGkiOiI3MjMxMDYxNjUwNDY0OWZhYjAxNGUzNmEwMzFkMjZhMiIsInVzZXJfaWQiOjF9.UanSqsvfcHs3av27Fs_XMaWHAKrAhBwD0k40PwlsPsU", "created_at": "2025-04-27T08:50:34.796Z", "expires_at": "2025-05-04T08:50:34Z"}}, {"model": "token_blacklist.outstandingtoken", "pk": 290, "fields": {"user": 9, "jti": "4c50fdfc6dcc494f9c24494b76a5ad82", "token": "eyJhbGciOiJIUzI1NiIsInR5cCI6IkpXVCJ9.eyJ0b2tlbl90eXBlIjoicmVmcmVzaCIsImV4cCI6MTc0NjM0ODY4NCwiaWF0IjoxNzQ1NzQzODg0LCJqdGkiOiI0YzUwZmRmYzZkY2M0OTRmOWMyNDQ5NGI3NmE1YWQ4MiIsInVzZXJfaWQiOjl9.A9O0nYuwe_FAEDqrATAUw1HEKmg1tIGQik98MXfuBmc", "created_at": "2025-04-27T08:51:24.900Z", "expires_at": "2025-05-04T08:51:24Z"}}, {"model": "token_blacklist.outstandingtoken", "pk": 291, "fields": {"user": 11, "jti": "8aef4c5971814655aaea720fe97904fe", "token": "eyJhbGciOiJIUzI1NiIsInR5cCI6IkpXVCJ9.eyJ0b2tlbl90eXBlIjoicmVmcmVzaCIsImV4cCI6MTc0NjM0OTYzMywiaWF0IjoxNzQ1NzQ0ODMzLCJqdGkiOiI4YWVmNGM1OTcxODE0NjU1YWFlYTcyMGZlOTc5MDRmZSIsInVzZXJfaWQiOjExfQ.XqhRkZtP_K42mxAywv5MNoVMZOqvOTXptqBINsjmXKU", "created_at": "2025-04-27T09:07:13.689Z", "expires_at": "2025-05-04T09:07:13Z"}}, {"model": "token_blacklist.outstandingtoken", "pk": 292, "fields": {"user": 9, "jti": "8cbd4c2f25894d9b8f635ae799d7a963", "token": "eyJhbGciOiJIUzI1NiIsInR5cCI6IkpXVCJ9.eyJ0b2tlbl90eXBlIjoicmVmcmVzaCIsImV4cCI6MTc0NjM1MDc2NCwiaWF0IjoxNzQ1NzQ1OTY0LCJqdGkiOiI4Y2JkNGMyZjI1ODk0ZDliOGY2MzVhZTc5OWQ3YTk2MyIsInVzZXJfaWQiOjl9.oEsTxG0GxXML_sddilRFg3Lk6qr6717D0JIbhpKuriI", "created_at": "2025-04-27T09:26:04.566Z", "expires_at": "2025-05-04T09:26:04Z"}}, {"model": "token_blacklist.outstandingtoken", "pk": 293, "fields": {"user": 13, "jti": "650ad611304f4c4eb05eb2ae7544b3d0", "token": "eyJhbGciOiJIUzI1NiIsInR5cCI6IkpXVCJ9.eyJ0b2tlbl90eXBlIjoicmVmcmVzaCIsImV4cCI6MTc0NjM1MTQ1MywiaWF0IjoxNzQ1NzQ2NjUzLCJqdGkiOiI2NTBhZDYxMTMwNGY0YzRlYjA1ZWIyYWU3NTQ0YjNkMCIsInVzZXJfaWQiOjEzfQ.ywQUZxj7uZJ4P-2fvqApbRGCDYTtJcmSApOec1a9Vrk", "created_at": "2025-04-27T09:37:33.612Z", "expires_at": "2025-05-04T09:37:33Z"}}, {"model": "token_blacklist.outstandingtoken", "pk": 294, "fields": {"user": 9, "jti": "80cc278706b54e419077318473f0cc13", "token": "eyJhbGciOiJIUzI1NiIsInR5cCI6IkpXVCJ9.eyJ0b2tlbl90eXBlIjoicmVmcmVzaCIsImV4cCI6MTc0NjQ1MjgxMSwiaWF0IjoxNzQ1ODQ4MDExLCJqdGkiOiI4MGNjMjc4NzA2YjU0ZTQxOTA3NzMxODQ3M2YwY2MxMyIsInVzZXJfaWQiOjl9.OVxSr2gposm1PCWf0Ua-xK9qsUhDpRbPz48qYU08p3M", "created_at": "2025-04-28T13:46:51.133Z", "expires_at": "2025-05-05T13:46:51Z"}}, {"model": "token_blacklist.outstandingtoken", "pk": 295, "fields": {"user": 1, "jti": "c7150f5390834c809a74d533d9058a14", "token": "eyJhbGciOiJIUzI1NiIsInR5cCI6IkpXVCJ9.eyJ0b2tlbl90eXBlIjoicmVmcmVzaCIsImV4cCI6MTc0NjQ1Mjg0NCwiaWF0IjoxNzQ1ODQ4MDQ0LCJqdGkiOiJjNzE1MGY1MzkwODM0YzgwOWE3NGQ1MzNkOTA1OGExNCIsInVzZXJfaWQiOjF9._ZMlw4w8EAq2dA2XABeLYfsgZd8gtTlPXhvkDZbRkvA", "created_at": "2025-04-28T13:47:24.308Z", "expires_at": "2025-05-05T13:47:24Z"}}, {"model": "token_blacklist.outstandingtoken", "pk": 296, "fields": {"user": 9, "jti": "ba0223f51a314e16a65b4d4061934d63", "token": "eyJhbGciOiJIUzI1NiIsInR5cCI6IkpXVCJ9.eyJ0b2tlbl90eXBlIjoicmVmcmVzaCIsImV4cCI6MTc0NjQ1Mjg4MywiaWF0IjoxNzQ1ODQ4MDgzLCJqdGkiOiJiYTAyMjNmNTFhMzE0ZTE2YTY1YjRkNDA2MTkzNGQ2MyIsInVzZXJfaWQiOjl9.t3E6Od-a1Ucx5KTFfUPlwhoOwDzWJbKrrExn3wBDsD0", "created_at": "2025-04-28T13:48:03.708Z", "expires_at": "2025-05-05T13:48:03Z"}}, {"model": "token_blacklist.outstandingtoken", "pk": 297, "fields": {"user": 11, "jti": "b3fa5507b7304c8c95f69f3276adb1aa", "token": "eyJhbGciOiJIUzI1NiIsInR5cCI6IkpXVCJ9.eyJ0b2tlbl90eXBlIjoicmVmcmVzaCIsImV4cCI6MTc0NjQ2MjcwMCwiaWF0IjoxNzQ1ODU3OTAwLCJqdGkiOiJiM2ZhNTUwN2I3MzA0YzhjOTVmNjlmMzI3NmFkYjFhYSIsInVzZXJfaWQiOjExfQ.hCeZhnsj3teybAByogQNNeIkkvfdSwWRNM9fSw8buDQ", "created_at": "2025-04-28T16:31:40.831Z", "expires_at": "2025-05-05T16:31:40Z"}}, {"model": "token_blacklist.outstandingtoken", "pk": 298, "fields": {"user": 9, "jti": "8ff188d1628d415883f8715feb247f8d", "token": "eyJhbGciOiJIUzI1NiIsInR5cCI6IkpXVCJ9.eyJ0b2tlbl90eXBlIjoicmVmcmVzaCIsImV4cCI6MTc0NjQ2Mzc5OCwiaWF0IjoxNzQ1ODU4OTk4LCJqdGkiOiI4ZmYxODhkMTYyOGQ0MTU4ODNmODcxNWZlYjI0N2Y4ZCIsInVzZXJfaWQiOjl9.WTAMYaXBMta0jcseAKcbV9tGqLs99zVfGy-VlcUvGIc", "created_at": "2025-04-28T16:49:58.851Z", "expires_at": "2025-05-05T16:49:58Z"}}, {"model": "token_blacklist.outstandingtoken", "pk": 299, "fields": {"user": 1, "jti": "a4538b5ece5e40a9bd6071cceb823d88", "token": "eyJhbGciOiJIUzI1NiIsInR5cCI6IkpXVCJ9.eyJ0b2tlbl90eXBlIjoicmVmcmVzaCIsImV4cCI6MTc0NjQ2NTQ0OSwiaWF0IjoxNzQ1ODYwNjQ5LCJqdGkiOiJhNDUzOGI1ZWNlNWU0MGE5YmQ2MDcxY2NlYjgyM2Q4OCIsInVzZXJfaWQiOjF9.YGykEuYmJViGhOtOwPEzVokrM9CcsrzD8rjW4xZJDzQ", "created_at": "2025-04-28T17:17:29.891Z", "expires_at": "2025-05-05T17:17:29Z"}}, {"model": "token_blacklist.outstandingtoken", "pk": 300, "fields": {"user": 9, "jti": "924601ba31024e02b769d0b309cd681f", "token": "eyJhbGciOiJIUzI1NiIsInR5cCI6IkpXVCJ9.eyJ0b2tlbl90eXBlIjoicmVmcmVzaCIsImV4cCI6MTc0NjQ2NjE0MywiaWF0IjoxNzQ1ODYxMzQzLCJqdGkiOiI5MjQ2MDFiYTMxMDI0ZTAyYjc2OWQwYjMwOWNkNjgxZiIsInVzZXJfaWQiOjl9.6DrI5BLxS0Z97-vzkDJAyymoED7jnszxR6MWrKOoCew", "created_at": "2025-04-28T17:29:03.252Z", "expires_at": "2025-05-05T17:29:03Z"}}, {"model": "token_blacklist.outstandingtoken", "pk": 301, "fields": {"user": 13, "jti": "5b403cdee7454dae9e7a36d02794875f", "token": "eyJhbGciOiJIUzI1NiIsInR5cCI6IkpXVCJ9.eyJ0b2tlbl90eXBlIjoicmVmcmVzaCIsImV4cCI6MTc0NjQ3NzI0NywiaWF0IjoxNzQ1ODcyNDQ3LCJqdGkiOiI1YjQwM2NkZWU3NDU0ZGFlOWU3YTM2ZDAyNzk0ODc1ZiIsInVzZXJfaWQiOjEzfQ.V1qg22VyxQC3AJ3PnTWcJvJuPu5S5tS85FB2ZtkhPYQ", "created_at": "2025-04-28T20:34:07.682Z", "expires_at": "2025-05-05T20:34:07Z"}}, {"model": "token_blacklist.outstandingtoken", "pk": 302, "fields": {"user": 9, "jti": "8fd09ee3b8014ea6a7305f95692b22c6", "token": "eyJhbGciOiJIUzI1NiIsInR5cCI6IkpXVCJ9.eyJ0b2tlbl90eXBlIjoicmVmcmVzaCIsImV4cCI6MTc0NjQ3NzI1OCwiaWF0IjoxNzQ1ODcyNDU4LCJqdGkiOiI4ZmQwOWVlM2I4MDE0ZWE2YTczMDVmOTU2OTJiMjJjNiIsInVzZXJfaWQiOjl9.ME8EUDKoSsNKZLlIVhLIVhlRR25gbkkDqcrrrx72x6g", "created_at": "2025-04-28T20:34:18.338Z", "expires_at": "2025-05-05T20:34:18Z"}}, {"model": "token_blacklist.outstandingtoken", "pk": 303, "fields": {"user": 13, "jti": "561b1a9f2eaa449394d603af1fab234b", "token": "eyJhbGciOiJIUzI1NiIsInR5cCI6IkpXVCJ9.eyJ0b2tlbl90eXBlIjoicmVmcmVzaCIsImV4cCI6MTc0NjQ5NTgwMywiaWF0IjoxNzQ1ODkxMDAzLCJqdGkiOiI1NjFiMWE5ZjJlYWE0NDkzOTRkNjAzYWYxZmFiMjM0YiIsInVzZXJfaWQiOjEzfQ.3HwC6ufP43j5t95FCwo3ka_uqu9JsUJqdFpOefuz-pk", "created_at": "2025-04-29T01:43:23.462Z", "expires_at": "2025-05-06T01:43:23Z"}}, {"model": "token_blacklist.outstandingtoken", "pk": 304, "fields": {"user": 9, "jti": "4a1af68749204193916200e1767d3639", "token": "eyJhbGciOiJIUzI1NiIsInR5cCI6IkpXVCJ9.eyJ0b2tlbl90eXBlIjoicmVmcmVzaCIsImV4cCI6MTc0NjQ5NTgyMywiaWF0IjoxNzQ1ODkxMDIzLCJqdGkiOiI0YTFhZjY4NzQ5MjA0MTkzOTE2MjAwZTE3NjdkMzYzOSIsInVzZXJfaWQiOjl9.4hYKQNVCAWykuHqM0ZiitfmQBKlSu8l3r3QSspzMsC8", "created_at": "2025-04-29T01:43:43.512Z", "expires_at": "2025-05-06T01:43:43Z"}}, {"model": "token_blacklist.outstandingtoken", "pk": 305, "fields": {"user": 9, "jti": "ecb05c73614c4e908077226db0a1424d", "token": "eyJhbGciOiJIUzI1NiIsInR5cCI6IkpXVCJ9.eyJ0b2tlbl90eXBlIjoicmVmcmVzaCIsImV4cCI6MTc0NjU5NDQzOSwiaWF0IjoxNzQ1OTg5NjM5LCJqdGkiOiJlY2IwNWM3MzYxNGM0ZTkwODA3NzIyNmRiMGExNDI0ZCIsInVzZXJfaWQiOjl9.rRm96nxBK_E0_5PknNyBgDfD-gvNYcZjZIC-qNUNcJA", "created_at": "2025-04-30T05:07:19.758Z", "expires_at": "2025-05-07T05:07:19Z"}}, {"model": "token_blacklist.outstandingtoken", "pk": 306, "fields": {"user": 1, "jti": "99720b854148424791cffb5ae38ff616", "token": "eyJhbGciOiJIUzI1NiIsInR5cCI6IkpXVCJ9.eyJ0b2tlbl90eXBlIjoicmVmcmVzaCIsImV4cCI6MTc0NjU5NDYyMCwiaWF0IjoxNzQ1OTg5ODIwLCJqdGkiOiI5OTcyMGI4NTQxNDg0MjQ3OTFjZmZiNWFlMzhmZjYxNiIsInVzZXJfaWQiOjF9.eSHdcRqdSG4z6tZu4b53apMd5HEQ0RldYywJ0T0TkvY", "created_at": "2025-04-30T05:10:20.751Z", "expires_at": "2025-05-07T05:10:20Z"}}, {"model": "token_blacklist.outstandingtoken", "pk": 307, "fields": {"user": 9, "jti": "b0efee7693b24212b99ed00966967347", "token": "eyJhbGciOiJIUzI1NiIsInR5cCI6IkpXVCJ9.eyJ0b2tlbl90eXBlIjoicmVmcmVzaCIsImV4cCI6MTc0NjU5ODkwNiwiaWF0IjoxNzQ1OTk0MTA2LCJqdGkiOiJiMGVmZWU3NjkzYjI0MjEyYjk5ZWQwMDk2Njk2NzM0NyIsInVzZXJfaWQiOjl9.FxCc_lu8IuFHqgynq5V2q-T532GkinZpJQn-uvH_lOI", "created_at": "2025-04-30T06:21:46.849Z", "expires_at": "2025-05-07T06:21:46Z"}}, {"model": "token_blacklist.outstandingtoken", "pk": 308, "fields": {"user": 9, "jti": "4319bcd84ac343c183c7c3a655ead82e", "token": "eyJhbGciOiJIUzI1NiIsInR5cCI6IkpXVCJ9.eyJ0b2tlbl90eXBlIjoicmVmcmVzaCIsImV4cCI6MTc0NjYwMjUwMSwiaWF0IjoxNzQ1OTk3NzAxLCJqdGkiOiI0MzE5YmNkODRhYzM0M2MxODNjN2MzYTY1NWVhZDgyZSIsInVzZXJfaWQiOjl9.bZetL1hovlrYx3jsuUeYEWgH0rcllxC2WxIPIM18RFY", "created_at": "2025-04-30T07:21:41.987Z", "expires_at": "2025-05-07T07:21:41Z"}}, {"model": "token_blacklist.outstandingtoken", "pk": 309, "fields": {"user": 9, "jti": "018bfae206e94d3ba5d43842e2d47ee9", "token": "eyJhbGciOiJIUzI1NiIsInR5cCI6IkpXVCJ9.eyJ0b2tlbl90eXBlIjoicmVmcmVzaCIsImV4cCI6MTc0NjYwNDg3MCwiaWF0IjoxNzQ2MDAwMDcwLCJqdGkiOiIwMThiZmFlMjA2ZTk0ZDNiYTVkNDM4NDJlMmQ0N2VlOSIsInVzZXJfaWQiOjl9.jyi_5MUcl0vmQXWC-i1SgUqrzZFiodeZ-lysaSBJJ6M", "created_at": "2025-04-30T08:01:10.621Z", "expires_at": "2025-05-07T08:01:10Z"}}, {"model": "token_blacklist.outstandingtoken", "pk": 310, "fields": {"user": 1, "jti": "bce28335c5214d718d8da0fd6b5d489b", "token": "eyJhbGciOiJIUzI1NiIsInR5cCI6IkpXVCJ9.eyJ0b2tlbl90eXBlIjoicmVmcmVzaCIsImV4cCI6MTc0NjYwNTA3NCwiaWF0IjoxNzQ2MDAwMjc0LCJqdGkiOiJiY2UyODMzNWM1MjE0ZDcxOGQ4ZGEwZmQ2YjVkNDg5YiIsInVzZXJfaWQiOjF9.nkM8rNMiYyfWzwQz1G5U9Le11WPsfMlMn1-ZyHA_Qwc", "created_at": "2025-04-30T08:04:34.631Z", "expires_at": "2025-05-07T08:04:34Z"}}, {"model": "token_blacklist.outstandingtoken", "pk": 311, "fields": {"user": 9, "jti": "c5593a211a5343d5810e17570f373560", "token": "eyJhbGciOiJIUzI1NiIsInR5cCI6IkpXVCJ9.eyJ0b2tlbl90eXBlIjoicmVmcmVzaCIsImV4cCI6MTc0NjYwNzMzOSwiaWF0IjoxNzQ2MDAyNTM5LCJqdGkiOiJjNTU5M2EyMTFhNTM0M2Q1ODEwZTE3NTcwZjM3MzU2MCIsInVzZXJfaWQiOjl9.EpGw-ryaVGIyXk2tV7Jx0q2I4D7i8sDS0bH96iNZ3Ng", "created_at": "2025-04-30T08:42:19.469Z", "expires_at": "2025-05-07T08:42:19Z"}}, {"model": "token_blacklist.outstandingtoken", "pk": 312, "fields": {"user": 9, "jti": "073f70393dd54d6da1cbfc312bcbc41f", "token": "eyJhbGciOiJIUzI1NiIsInR5cCI6IkpXVCJ9.eyJ0b2tlbl90eXBlIjoicmVmcmVzaCIsImV4cCI6MTc0NjYxMjMwNSwiaWF0IjoxNzQ2MDA3NTA1LCJqdGkiOiIwNzNmNzAzOTNkZDU0ZDZkYTFjYmZjMzEyYmNiYzQxZiIsInVzZXJfaWQiOjl9.LvwPNyraMY0YPKibcWwMF2Ycjsm8mb72-u51hQK_xmI", "created_at": "2025-04-30T10:05:05.679Z", "expires_at": "2025-05-07T10:05:05Z"}}, {"model": "token_blacklist.outstandingtoken", "pk": 313, "fields": {"user": 9, "jti": "f48c2bc2c5e341b88f0492861b483c0b", "token": "eyJhbGciOiJIUzI1NiIsInR5cCI6IkpXVCJ9.eyJ0b2tlbl90eXBlIjoicmVmcmVzaCIsImV4cCI6MTc0NjYxMjMxOSwiaWF0IjoxNzQ2MDA3NTE5LCJqdGkiOiJmNDhjMmJjMmM1ZTM0MWI4OGYwNDkyODYxYjQ4M2MwYiIsInVzZXJfaWQiOjl9.a01YcXZc_6LGBVEcbIiEO5CBsxg3dXE7U2n1xLPuY1M", "created_at": "2025-04-30T10:05:19.540Z", "expires_at": "2025-05-07T10:05:19Z"}}, {"model": "token_blacklist.outstandingtoken", "pk": 314, "fields": {"user": 2, "jti": "c410fd25d5e2470ea8d6aed31e839586", "token": "eyJhbGciOiJIUzI1NiIsInR5cCI6IkpXVCJ9.eyJ0b2tlbl90eXBlIjoicmVmcmVzaCIsImV4cCI6MTc0NjYyODk0OSwiaWF0IjoxNzQ2MDI0MTQ5LCJqdGkiOiJjNDEwZmQyNWQ1ZTI0NzBlYThkNmFlZDMxZTgzOTU4NiIsInVzZXJfaWQiOjJ9.YFyVoT9HHHxmhAPTRjYbhIZfIcLTVDHLU5ros83n6xk", "created_at": "2025-04-30T14:42:29.624Z", "expires_at": "2025-05-07T14:42:29Z"}}, {"model": "token_blacklist.outstandingtoken", "pk": 315, "fields": {"user": 14, "jti": "53b349b0cd3a46829202ce3e2d2ae88e", "token": "eyJhbGciOiJIUzI1NiIsInR5cCI6IkpXVCJ9.eyJ0b2tlbl90eXBlIjoicmVmcmVzaCIsImV4cCI6MTc0NjYzMzA0NSwiaWF0IjoxNzQ2MDI4MjQ1LCJqdGkiOiI1M2IzNDliMGNkM2E0NjgyOTIwMmNlM2UyZDJhZTg4ZSIsInVzZXJfaWQiOjE0fQ.wBjRy_-Oi8l5GwkDRjJ_aWnL5m2mYqDo10_nwsnoVZc", "created_at": "2025-04-30T15:50:45.411Z", "expires_at": "2025-05-07T15:50:45Z"}}, {"model": "token_blacklist.outstandingtoken", "pk": 316, "fields": {"user": 2, "jti": "d1b9d06127f3488eb99b5d3f9b830f31", "token": "eyJhbGciOiJIUzI1NiIsInR5cCI6IkpXVCJ9.eyJ0b2tlbl90eXBlIjoicmVmcmVzaCIsImV4cCI6MTc0NjYzMzA5NCwiaWF0IjoxNzQ2MDI4Mjk0LCJqdGkiOiJkMWI5ZDA2MTI3ZjM0ODhlYjk5YjVkM2Y5YjgzMGYzMSIsInVzZXJfaWQiOjJ9.gmENm-HmEPJ8ApOuJpFtbfA_ngDlWSN8XIg9LaT4HDc", "created_at": "2025-04-30T15:51:34.324Z", "expires_at": "2025-05-07T15:51:34Z"}}, {"model": "token_blacklist.outstandingtoken", "pk": 317, "fields": {"user": 2, "jti": "120abac44cee4a4ab7f56a3668d40a57", "token": "eyJhbGciOiJIUzI1NiIsInR5cCI6IkpXVCJ9.eyJ0b2tlbl90eXBlIjoicmVmcmVzaCIsImV4cCI6MTc0NjY3NzgyOCwiaWF0IjoxNzQ2MDczMDI4LCJqdGkiOiIxMjBhYmFjNDRjZWU0YTRhYjdmNTZhMzY2OGQ0MGE1NyIsInVzZXJfaWQiOjJ9.cY-NKiurAv1bOgXR01zurjnb8Ixo-ux2_XPF6OrPQcI", "created_at": "2025-05-01T04:17:08.652Z", "expires_at": "2025-05-08T04:17:08Z"}}, {"model": "token_blacklist.outstandingtoken", "pk": 318, "fields": {"user": 2, "jti": "14509118618747209d67b1e8a9ceb86f", "token": "eyJhbGciOiJIUzI1NiIsInR5cCI6IkpXVCJ9.eyJ0b2tlbl90eXBlIjoicmVmcmVzaCIsImV4cCI6MTc0NjY5OTIxMCwiaWF0IjoxNzQ2MDk0NDEwLCJqdGkiOiIxNDUwOTExODYxODc0NzIwOWQ2N2IxZThhOWNlYjg2ZiIsInVzZXJfaWQiOjJ9.NCrxDKZhDk1i-w1nW1YvzskFaiWVmEH4QDZEN969Cag", "created_at": "2025-05-01T10:13:30.912Z", "expires_at": "2025-05-08T10:13:30Z"}}, {"model": "token_blacklist.outstandingtoken", "pk": 319, "fields": {"user": 2, "jti": "f7e8e810e85f44f3ad3ff08c6aea6433", "token": "eyJhbGciOiJIUzI1NiIsInR5cCI6IkpXVCJ9.eyJ0b2tlbl90eXBlIjoicmVmcmVzaCIsImV4cCI6MTc0NjcxMTAyMSwiaWF0IjoxNzQ2MTA2MjIxLCJqdGkiOiJmN2U4ZTgxMGU4NWY0NGYzYWQzZmYwOGM2YWVhNjQzMyIsInVzZXJfaWQiOjJ9.RR1HtxFuErc0o-ggj0tE_tSu1XHc8ncdIh4A_jNj4BA", "created_at": "2025-05-01T13:30:21.573Z", "expires_at": "2025-05-08T13:30:21Z"}}, {"model": "token_blacklist.outstandingtoken", "pk": 320, "fields": {"user": 9, "jti": "f3932ff1ea2e4a808494d620a3b70f9d", "token": "eyJhbGciOiJIUzI1NiIsInR5cCI6IkpXVCJ9.eyJ0b2tlbl90eXBlIjoicmVmcmVzaCIsImV4cCI6MTc0NjcxMTA0NCwiaWF0IjoxNzQ2MTA2MjQ0LCJqdGkiOiJmMzkzMmZmMWVhMmU0YTgwODQ5NGQ2MjBhM2I3MGY5ZCIsInVzZXJfaWQiOjl9.9iZ3zBaoQuR4ge739_BQzPCKryJVYlq5v4ukr5O7Baw", "created_at": "2025-05-01T13:30:44.175Z", "expires_at": "2025-05-08T13:30:44Z"}}, {"model": "token_blacklist.outstandingtoken", "pk": 321, "fields": {"user": 2, "jti": "c6c1baebd0794e6b81649c0c3b4b5731", "token": "eyJhbGciOiJIUzI1NiIsInR5cCI6IkpXVCJ9.eyJ0b2tlbl90eXBlIjoicmVmcmVzaCIsImV4cCI6MTc0Njc2NzQyMywiaWF0IjoxNzQ2MTYyNjIzLCJqdGkiOiJjNmMxYmFlYmQwNzk0ZTZiODE2NDljMGMzYjRiNTczMSIsInVzZXJfaWQiOjJ9.4mRB6rJXybAB6nRRpyVZ-NpqidYYPWUwIfvVZoB_ehQ", "created_at": "2025-05-02T05:10:23.819Z", "expires_at": "2025-05-09T05:10:23Z"}}, {"model": "token_blacklist.outstandingtoken", "pk": 322, "fields": {"user": 2, "jti": "25f0613c995d4b34a253823796191c78", "token": "eyJhbGciOiJIUzI1NiIsInR5cCI6IkpXVCJ9.eyJ0b2tlbl90eXBlIjoicmVmcmVzaCIsImV4cCI6MTc0Njc2NzU2OCwiaWF0IjoxNzQ2MTYyNzY4LCJqdGkiOiIyNWYwNjEzYzk5NWQ0YjM0YTI1MzgyMzc5NjE5MWM3OCIsInVzZXJfaWQiOjJ9.xQBznxL_8bsObuvtFB_jU-bbgEn2cIjUx1zqjzoqJUI", "created_at": "2025-05-02T05:12:48.163Z", "expires_at": "2025-05-09T05:12:48Z"}}, {"model": "token_blacklist.outstandingtoken", "pk": 323, "fields": {"user": 2, "jti": "cb5bbc49dba34866ab80beffc1a028b6", "token": "eyJhbGciOiJIUzI1NiIsInR5cCI6IkpXVCJ9.eyJ0b2tlbl90eXBlIjoicmVmcmVzaCIsImV4cCI6MTc0Njc3NTA4OSwiaWF0IjoxNzQ2MTcwMjg5LCJqdGkiOiJjYjViYmM0OWRiYTM0ODY2YWI4MGJlZmZjMWEwMjhiNiIsInVzZXJfaWQiOjJ9.wwDzTniGaEIh02RP_ZLc8IK-4XCSh4EnWxn3iD2prPQ", "created_at": "2025-05-02T07:18:09.779Z", "expires_at": "2025-05-09T07:18:09Z"}}, {"model": "token_blacklist.outstandingtoken", "pk": 324, "fields": {"user": 9, "jti": "1b8935f8ad3c4ccda1245c432915abef", "token": "eyJhbGciOiJIUzI1NiIsInR5cCI6IkpXVCJ9.eyJ0b2tlbl90eXBlIjoicmVmcmVzaCIsImV4cCI6MTc0Njc5NzI2NiwiaWF0IjoxNzQ2MTkyNDY2LCJqdGkiOiIxYjg5MzVmOGFkM2M0Y2NkYTEyNDVjNDMyOTE1YWJlZiIsInVzZXJfaWQiOjl9.Tk70gAH6vZu2pin09Skj5sCL70jJJctneRPlhtWjFBY", "created_at": "2025-05-02T13:27:46.386Z", "expires_at": "2025-05-09T13:27:46Z"}}, {"model": "token_blacklist.outstandingtoken", "pk": 325, "fields": {"user": 2, "jti": "e83ac311cbfb4e46a96befb7143bc10e", "token": "eyJhbGciOiJIUzI1NiIsInR5cCI6IkpXVCJ9.eyJ0b2tlbl90eXBlIjoicmVmcmVzaCIsImV4cCI6MTc0Njc5NzQzNCwiaWF0IjoxNzQ2MTkyNjM0LCJqdGkiOiJlODNhYzMxMWNiZmI0ZTQ2YTk2YmVmYjcxNDNiYzEwZSIsInVzZXJfaWQiOjJ9.1IJm8Pnv_nDH2mYicT6cbT7IjX8sVBWy4jhteZzXld8", "created_at": "2025-05-02T13:30:34.263Z", "expires_at": "2025-05-09T13:30:34Z"}}, {"model": "token_blacklist.outstandingtoken", "pk": 326, "fields": {"user": 1, "jti": "2a22939c6cba4b20972f24e7471368ed", "token": "eyJhbGciOiJIUzI1NiIsInR5cCI6IkpXVCJ9.eyJ0b2tlbl90eXBlIjoicmVmcmVzaCIsImV4cCI6MTc0Njc5ODA5NiwiaWF0IjoxNzQ2MTkzMjk2LCJqdGkiOiIyYTIyOTM5YzZjYmE0YjIwOTcyZjI0ZTc0NzEzNjhlZCIsInVzZXJfaWQiOjF9.pL2RThyLJoOtCDeXp7rgzBk6LjWiKv9SOlVIDNATKHU", "created_at": "2025-05-02T13:41:36.489Z", "expires_at": "2025-05-09T13:41:36Z"}}, {"model": "token_blacklist.outstandingtoken", "pk": 327, "fields": {"user": 1, "jti": "fbdc41e2ea074053ab3e8056f57590f6", "token": "eyJhbGciOiJIUzI1NiIsInR5cCI6IkpXVCJ9.eyJ0b2tlbl90eXBlIjoicmVmcmVzaCIsImV4cCI6MTc0Njc5ODMwNSwiaWF0IjoxNzQ2MTkzNTA1LCJqdGkiOiJmYmRjNDFlMmVhMDc0MDUzYWIzZTgwNTZmNTc1OTBmNiIsInVzZXJfaWQiOjF9.MzSrNCXWQlveKmCo5xJe8GHPIpcbkTtAPndsXsWVr7Q", "created_at": "2025-05-02T13:45:05.315Z", "expires_at": "2025-05-09T13:45:05Z"}}, {"model": "token_blacklist.outstandingtoken", "pk": 328, "fields": {"user": 18, "jti": "e0d2e005a3c04a79956feff7665cdef2", "token": "eyJhbGciOiJIUzI1NiIsInR5cCI6IkpXVCJ9.eyJ0b2tlbl90eXBlIjoicmVmcmVzaCIsImV4cCI6MTc0Njc5ODMyNSwiaWF0IjoxNzQ2MTkzNTI1LCJqdGkiOiJlMGQyZTAwNWEzYzA0YTc5OTU2ZmVmZjc2NjVjZGVmMiIsInVzZXJfaWQiOjE4fQ.CHTsEgjIzPMsXFRZZET61XYD7r4kWJOY_9sjOLx5h78", "created_at": "2025-05-02T13:45:25.748Z", "expires_at": "2025-05-09T13:45:25Z"}}, {"model": "token_blacklist.outstandingtoken", "pk": 329, "fields": {"user": 1, "jti": "f3948285f0b24256b44f0ffb4d63301d", "token": "eyJhbGciOiJIUzI1NiIsInR5cCI6IkpXVCJ9.eyJ0b2tlbl90eXBlIjoicmVmcmVzaCIsImV4cCI6MTc0NjgwOTIyNiwiaWF0IjoxNzQ2MjA0NDI2LCJqdGkiOiJmMzk0ODI4NWYwYjI0MjU2YjQ0ZjBmZmI0ZDYzMzAxZCIsInVzZXJfaWQiOjF9.szHy8DYIUR2aIwiH3DPuXELG9pPymZW2YRQXmty3uMQ", "created_at": "2025-05-02T16:47:06.870Z", "expires_at": "2025-05-09T16:47:06Z"}}, {"model": "token_blacklist.outstandingtoken", "pk": 330, "fields": {"user": 2, "jti": "2a080fd2ea74475f89d81cc20a3ba0e9", "token": "eyJhbGciOiJIUzI1NiIsInR5cCI6IkpXVCJ9.eyJ0b2tlbl90eXBlIjoicmVmcmVzaCIsImV4cCI6MTc0NjgxNjQyMywiaWF0IjoxNzQ2MjExNjIzLCJqdGkiOiIyYTA4MGZkMmVhNzQ0NzVmODlkODFjYzIwYTNiYTBlOSIsInVzZXJfaWQiOjJ9.J3LHOTQRh2svPNnmRE0dl4OciSPInI-K1xVzJgjGqs4", "created_at": "2025-05-02T18:47:03.482Z", "expires_at": "2025-05-09T18:47:03Z"}}, {"model": "token_blacklist.outstandingtoken", "pk": 331, "fields": {"user": 9, "jti": "ca5b8f28cb3043149472ea7c1a5ea462", "token": "eyJhbGciOiJIUzI1NiIsInR5cCI6IkpXVCJ9.eyJ0b2tlbl90eXBlIjoicmVmcmVzaCIsImV4cCI6MTc0NjgxODU1OCwiaWF0IjoxNzQ2MjEzNzU4LCJqdGkiOiJjYTViOGYyOGNiMzA0MzE0OTQ3MmVhN2MxYTVlYTQ2MiIsInVzZXJfaWQiOjl9.pO4d9JDCLj6Evf0l6fCuj9K2pfKDKbzCiwEKbtdBRQ4", "created_at": "2025-05-02T19:22:38.528Z", "expires_at": "2025-05-09T19:22:38Z"}}, {"model": "token_blacklist.outstandingtoken", "pk": 332, "fields": {"user": 2, "jti": "8e389e9a8e6545b9be1ee6fd8c2cdffa", "token": "eyJhbGciOiJIUzI1NiIsInR5cCI6IkpXVCJ9.eyJ0b2tlbl90eXBlIjoicmVmcmVzaCIsImV4cCI6MTc0NjgxOTA3NCwiaWF0IjoxNzQ2MjE0Mjc0LCJqdGkiOiI4ZTM4OWU5YThlNjU0NWI5YmUxZWU2ZmQ4YzJjZGZmYSIsInVzZXJfaWQiOjJ9.UGz4h8cqAUX1M1z0oPCBN5Ht9bp8hdeTELm8eTC79hw", "created_at": "2025-05-02T19:31:14.631Z", "expires_at": "2025-05-09T19:31:14Z"}}, {"model": "token_blacklist.outstandingtoken", "pk": 333, "fields": {"user": 2, "jti": "1e2680bd82144d50a3b0ea49b17e6d11", "token": "eyJhbGciOiJIUzI1NiIsInR5cCI6IkpXVCJ9.eyJ0b2tlbl90eXBlIjoicmVmcmVzaCIsImV4cCI6MTc0NjgyMDA5OCwiaWF0IjoxNzQ2MjE1Mjk4LCJqdGkiOiIxZTI2ODBiZDgyMTQ0ZDUwYTNiMGVhNDliMTdlNmQxMSIsInVzZXJfaWQiOjJ9.h0ZfxH-RcKYl8uK_Orf9kBpr0QP38u8dDuBMD1BwKcs", "created_at": "2025-05-02T19:48:18.781Z", "expires_at": "2025-05-09T19:48:18Z"}}, {"model": "token_blacklist.outstandingtoken", "pk": 334, "fields": {"user": 9, "jti": "eb95ed48cb314b0baa9cba423f5a0666", "token": "eyJhbGciOiJIUzI1NiIsInR5cCI6IkpXVCJ9.eyJ0b2tlbl90eXBlIjoicmVmcmVzaCIsImV4cCI6MTc0NjgyMTQ5NiwiaWF0IjoxNzQ2MjE2Njk2LCJqdGkiOiJlYjk1ZWQ0OGNiMzE0YjBiYWE5Y2JhNDIzZjVhMDY2NiIsInVzZXJfaWQiOjl9.Zo6G2Bl2SGttTcDVrj7-3q_jWXi3NH6ktU7hMEGfzGI", "created_at": "2025-05-02T20:11:36.151Z", "expires_at": "2025-05-09T20:11:36Z"}}, {"model": "token_blacklist.outstandingtoken", "pk": 335, "fields": {"user": 9, "jti": "cce22cc1e0064c22923ec9c06bbf09f5", "token": "eyJhbGciOiJIUzI1NiIsInR5cCI6IkpXVCJ9.eyJ0b2tlbl90eXBlIjoicmVmcmVzaCIsImV4cCI6MTc0NjgyNTgyOSwiaWF0IjoxNzQ2MjIxMDI5LCJqdGkiOiJjY2UyMmNjMWUwMDY0YzIyOTIzZWM5YzA2YmJmMDlmNSIsInVzZXJfaWQiOjl9.59rNLp2sgURftyDLDboobFlJhWBvNClsm4k7Jy_aaBA", "created_at": "2025-05-02T21:23:49.760Z", "expires_at": "2025-05-09T21:23:49Z"}}, {"model": "token_blacklist.outstandingtoken", "pk": 336, "fields": {"user": 2, "jti": "57a24f56eb6947e8be82eff5026dea9a", "token": "eyJhbGciOiJIUzI1NiIsInR5cCI6IkpXVCJ9.eyJ0b2tlbl90eXBlIjoicmVmcmVzaCIsImV4cCI6MTc0NjgyNTg2MCwiaWF0IjoxNzQ2MjIxMDYwLCJqdGkiOiI1N2EyNGY1NmViNjk0N2U4YmU4MmVmZjUwMjZkZWE5YSIsInVzZXJfaWQiOjJ9.NyR_W-28M9elC2lCDR23PjAPg3WmgE_wN8mrmfwDI00", "created_at": "2025-05-02T21:24:20.210Z", "expires_at": "2025-05-09T21:24:20Z"}}, {"model": "token_blacklist.outstandingtoken", "pk": 337, "fields": {"user": 2, "jti": "ac26fdc2c27d4c3b9fb45f0bc9e1a509", "token": "eyJhbGciOiJIUzI1NiIsInR5cCI6IkpXVCJ9.eyJ0b2tlbl90eXBlIjoicmVmcmVzaCIsImV4cCI6MTc0NjgyNTkyNCwiaWF0IjoxNzQ2MjIxMTI0LCJqdGkiOiJhYzI2ZmRjMmMyN2Q0YzNiOWZiNDVmMGJjOWUxYTUwOSIsInVzZXJfaWQiOjJ9.FuofIvJSDai16GqhXrvj3C7zh5rB68bLXaVLZeWhi7I", "created_at": "2025-05-02T21:25:24.539Z", "expires_at": "2025-05-09T21:25:24Z"}}, {"model": "token_blacklist.outstandingtoken", "pk": 338, "fields": {"user": 9, "jti": "bf16ab17b9314a989a55555f2c47d28d", "token": "eyJhbGciOiJIUzI1NiIsInR5cCI6IkpXVCJ9.eyJ0b2tlbl90eXBlIjoicmVmcmVzaCIsImV4cCI6MTc0NjgyNjIwMCwiaWF0IjoxNzQ2MjIxNDAwLCJqdGkiOiJiZjE2YWIxN2I5MzE0YTk4OWE1NTU1NWYyYzQ3ZDI4ZCIsInVzZXJfaWQiOjl9.gVzh27SqyQrTXEIBjDszGOjP6c87iyBRdKF7lxYV_BE", "created_at": "2025-05-02T21:30:00.314Z", "expires_at": "2025-05-09T21:30:00Z"}}, {"model": "token_blacklist.outstandingtoken", "pk": 339, "fields": {"user": 2, "jti": "528c525c1bc349d6960965c7b449d02c", "token": "eyJhbGciOiJIUzI1NiIsInR5cCI6IkpXVCJ9.eyJ0b2tlbl90eXBlIjoicmVmcmVzaCIsImV4cCI6MTc0NjgyNzMyMSwiaWF0IjoxNzQ2MjIyNTIxLCJqdGkiOiI1MjhjNTI1YzFiYzM0OWQ2OTYwOTY1YzdiNDQ5ZDAyYyIsInVzZXJfaWQiOjJ9.5x0497LZazMOmclF07hksXxir13vXUMFCFSF_M2PrmQ", "created_at": "2025-05-02T21:48:41.821Z", "expires_at": "2025-05-09T21:48:41Z"}}, {"model": "token_blacklist.outstandingtoken", "pk": 340, "fields": {"user": 9, "jti": "14daf0e403df46088e8568610badfa4f", "token": "eyJhbGciOiJIUzI1NiIsInR5cCI6IkpXVCJ9.eyJ0b2tlbl90eXBlIjoicmVmcmVzaCIsImV4cCI6MTc0Njg3Njc1OSwiaWF0IjoxNzQ2MjcxOTU5LCJqdGkiOiIxNGRhZjBlNDAzZGY0NjA4OGU4NTY4NjEwYmFkZmE0ZiIsInVzZXJfaWQiOjl9.oLBkHHv0_iop3-l-jh4TJB-Pk_3otAi1aTu5lzJHctc", "created_at": "2025-05-03T11:32:39.334Z", "expires_at": "2025-05-10T11:32:39Z"}}, {"model": "token_blacklist.outstandingtoken", "pk": 341, "fields": {"user": 2, "jti": "7a0b624b3c474f5f896db1f54b4d8b44", "token": "eyJhbGciOiJIUzI1NiIsInR5cCI6IkpXVCJ9.eyJ0b2tlbl90eXBlIjoicmVmcmVzaCIsImV4cCI6MTc0Njg3Njg0MSwiaWF0IjoxNzQ2MjcyMDQxLCJqdGkiOiI3YTBiNjI0YjNjNDc0ZjVmODk2ZGIxZjU0YjRkOGI0NCIsInVzZXJfaWQiOjJ9.RRY0FNCijYT9UaYVlL7dDT-124_iNBkv-tdygUNG2eY", "created_at": "2025-05-03T11:34:01.389Z", "expires_at": "2025-05-10T11:34:01Z"}}, {"model": "token_blacklist.outstandingtoken", "pk": 342, "fields": {"user": 9, "jti": "ea001d862bd04a128ba2383c46138f6d", "token": "eyJhbGciOiJIUzI1NiIsInR5cCI6IkpXVCJ9.eyJ0b2tlbl90eXBlIjoicmVmcmVzaCIsImV4cCI6MTc0Njg4NTg2NywiaWF0IjoxNzQ2MjgxMDY3LCJqdGkiOiJlYTAwMWQ4NjJiZDA0YTEyOGJhMjM4M2M0NjEzOGY2ZCIsInVzZXJfaWQiOjl9.7tQ5cvwNec4jiydOulWkWa6G-znng_0mRS6kguZai3U", "created_at": "2025-05-03T14:04:27.637Z", "expires_at": "2025-05-10T14:04:27Z"}}, {"model": "token_blacklist.outstandingtoken", "pk": 343, "fields": {"user": 9, "jti": "0087f9e0bc0c426b9f428e9754dc975d", "token": "eyJhbGciOiJIUzI1NiIsInR5cCI6IkpXVCJ9.eyJ0b2tlbl90eXBlIjoicmVmcmVzaCIsImV4cCI6MTc0Njg4NjAyMiwiaWF0IjoxNzQ2MjgxMjIyLCJqdGkiOiIwMDg3ZjllMGJjMGM0MjZiOWY0MjhlOTc1NGRjOTc1ZCIsInVzZXJfaWQiOjl9.MKgS0SBJA8eXJfNhVLPYawNfj1GHUUEBODdyzpNn6bo", "created_at": "2025-05-03T14:07:02.077Z", "expires_at": "2025-05-10T14:07:02Z"}}, {"model": "token_blacklist.outstandingtoken", "pk": 344, "fields": {"user": 9, "jti": "16dd12bd06d14a559e0f1e374dab7f5e", "token": "eyJhbGciOiJIUzI1NiIsInR5cCI6IkpXVCJ9.eyJ0b2tlbl90eXBlIjoicmVmcmVzaCIsImV4cCI6MTc0Njg5NzEyNSwiaWF0IjoxNzQ2MjkyMzI1LCJqdGkiOiIxNmRkMTJiZDA2ZDE0YTU1OWUwZjFlMzc0ZGFiN2Y1ZSIsInVzZXJfaWQiOjl9.NT8WPZpOQLlVnTfUvOwr9kXLL2XoEFxhM1Vb9XynTMY", "created_at": "2025-05-03T17:12:05.573Z", "expires_at": "2025-05-10T17:12:05Z"}}, {"model": "token_blacklist.outstandingtoken", "pk": 345, "fields": {"user": 9, "jti": "7834b5efa0b1453caec67d3f0506ff09", "token": "eyJhbGciOiJIUzI1NiIsInR5cCI6IkpXVCJ9.eyJ0b2tlbl90eXBlIjoicmVmcmVzaCIsImV4cCI6MTc0NjkwMTY2NywiaWF0IjoxNzQ2Mjk2ODY3LCJqdGkiOiI3ODM0YjVlZmEwYjE0NTNjYWVjNjdkM2YwNTA2ZmYwOSIsInVzZXJfaWQiOjl9.bm3H-YIRIq52FMTKb9iGaFf88g8Ra472YSgJ8XXnJYo", "created_at": "2025-05-03T18:27:47.121Z", "expires_at": "2025-05-10T18:27:47Z"}}, {"model": "token_blacklist.outstandingtoken", "pk": 346, "fields": {"user": 9, "jti": "9074e2457b774492914b8c4d97b7a7db", "token": "eyJhbGciOiJIUzI1NiIsInR5cCI6IkpXVCJ9.eyJ0b2tlbl90eXBlIjoicmVmcmVzaCIsImV4cCI6MTc0Njk0MTU1OCwiaWF0IjoxNzQ2MzM2NzU4LCJqdGkiOiI5MDc0ZTI0NTdiNzc0NDkyOTE0YjhjNGQ5N2I3YTdkYiIsInVzZXJfaWQiOjl9.41vjQ6SM7ZLJOp08FTThqzKirMCzizDrNSib0BEx6p0", "created_at": "2025-05-04T05:32:38.736Z", "expires_at": "2025-05-11T05:32:38Z"}}, {"model": "token_blacklist.outstandingtoken", "pk": 347, "fields": {"user": 9, "jti": "8f6f4b51ea8d442192e62a736a6c7a23", "token": "eyJhbGciOiJIUzI1NiIsInR5cCI6IkpXVCJ9.eyJ0b2tlbl90eXBlIjoicmVmcmVzaCIsImV4cCI6MTc0Njk0MjUwMywiaWF0IjoxNzQ2MzM3NzAzLCJqdGkiOiI4ZjZmNGI1MWVhOGQ0NDIxOTJlNjJhNzM2YTZjN2EyMyIsInVzZXJfaWQiOjl9.pIdQ6nZ0oHfcBWk2TJaEEyopYysQ63OoTu7K-a4MVdc", "created_at": "2025-05-04T05:48:23.138Z", "expires_at": "2025-05-11T05:48:23Z"}}, {"model": "token_blacklist.outstandingtoken", "pk": 348, "fields": {"user": 2, "jti": "87ae48b2e390411da054b52e14b1679f", "token": "eyJhbGciOiJIUzI1NiIsInR5cCI6IkpXVCJ9.eyJ0b2tlbl90eXBlIjoicmVmcmVzaCIsImV4cCI6MTc0Njk0NDE5MCwiaWF0IjoxNzQ2MzM5MzkwLCJqdGkiOiI4N2FlNDhiMmUzOTA0MTFkYTA1NGI1MmUxNGIxNjc5ZiIsInVzZXJfaWQiOjJ9.EEa651rkgZolKAZot1uvjeDep6JHdk6SD9nLBIKbMxM", "created_at": "2025-05-04T06:16:30.854Z", "expires_at": "2025-05-11T06:16:30Z"}}, {"model": "token_blacklist.outstandingtoken", "pk": 349, "fields": {"user": 9, "jti": "9219bcb521f84918b2b96a7dc9d009cf", "token": "eyJhbGciOiJIUzI1NiIsInR5cCI6IkpXVCJ9.eyJ0b2tlbl90eXBlIjoicmVmcmVzaCIsImV4cCI6MTc0Njk1NjMxMiwiaWF0IjoxNzQ2MzUxNTEyLCJqdGkiOiI5MjE5YmNiNTIxZjg0OTE4YjJiOTZhN2RjOWQwMDljZiIsInVzZXJfaWQiOjl9.5WQ-ytOxGIjfk5jKSnE2UKOIcSvPb-tuIXNzXmts9tk", "created_at": "2025-05-04T09:38:32.755Z", "expires_at": "2025-05-11T09:38:32Z"}}, {"model": "token_blacklist.outstandingtoken", "pk": 350, "fields": {"user": 11, "jti": "b548a2825d244a67b511f11e56763c81", "token": "eyJhbGciOiJIUzI1NiIsInR5cCI6IkpXVCJ9.eyJ0b2tlbl90eXBlIjoicmVmcmVzaCIsImV4cCI6MTc0Njk3NDY4NCwiaWF0IjoxNzQ2MzY5ODg0LCJqdGkiOiJiNTQ4YTI4MjVkMjQ0YTY3YjUxMWYxMWU1Njc2M2M4MSIsInVzZXJfaWQiOjExfQ.Y8gdjNOoKrL6Vm15-D_oX52hgeNJkdb74Sx2HmqJNVg", "created_at": "2025-05-04T14:44:44.130Z", "expires_at": "2025-05-11T14:44:44Z"}}, {"model": "token_blacklist.outstandingtoken", "pk": 351, "fields": {"user": 11, "jti": "0de4f3c6d5ab477380986772502ff363", "token": "eyJhbGciOiJIUzI1NiIsInR5cCI6IkpXVCJ9.eyJ0b2tlbl90eXBlIjoicmVmcmVzaCIsImV4cCI6MTc0Njk3NTE4NywiaWF0IjoxNzQ2MzcwMzg3LCJqdGkiOiIwZGU0ZjNjNmQ1YWI0NzczODA5ODY3NzI1MDJmZjM2MyIsInVzZXJfaWQiOjExfQ.vHlvnukiWa7R0cEM_yJGKeHdSYFzzJAYG9OLnj3w-GQ", "created_at": "2025-05-04T14:53:07.790Z", "expires_at": "2025-05-11T14:53:07Z"}}, {"model": "token_blacklist.outstandingtoken", "pk": 352, "fields": {"user": 9, "jti": "70a34accf9ee4c2ebfeaeba62091eb89", "token": "eyJhbGciOiJIUzI1NiIsInR5cCI6IkpXVCJ9.eyJ0b2tlbl90eXBlIjoicmVmcmVzaCIsImV4cCI6MTc0NzMxNTc1OCwiaWF0IjoxNzQ2NzEwOTU4LCJqdGkiOiI3MGEzNGFjY2Y5ZWU0YzJlYmZlYWViYTYyMDkxZWI4OSIsInVzZXJfaWQiOjl9.OWr3aCcoFNDTfmNnkIPOsMKzB9te_nQ6GwKf3NQTHmo", "created_at": "2025-05-08T13:29:18.527Z", "expires_at": "2025-05-15T13:29:18Z"}}, {"model": "token_blacklist.outstandingtoken", "pk": 353, "fields": {"user": 2, "jti": "32abd348d57047e5b2f3cf219c5e1c08", "token": "eyJhbGciOiJIUzI1NiIsInR5cCI6IkpXVCJ9.eyJ0b2tlbl90eXBlIjoicmVmcmVzaCIsImV4cCI6MTc0NzMxODQwMSwiaWF0IjoxNzQ2NzEzNjAxLCJqdGkiOiIzMmFiZDM0OGQ1NzA0N2U1YjJmM2NmMjE5YzVlMWMwOCIsInVzZXJfaWQiOjJ9.XK_uNjy9hSjH2iA7CGIrJFAY7Bo3Ve-bsSDAd-9uiUM", "created_at": "2025-05-08T14:13:21.601Z", "expires_at": "2025-05-15T14:13:21Z"}}, {"model": "token_blacklist.outstandingtoken", "pk": 354, "fields": {"user": 2, "jti": "047763597f374ea9849b54ab97d700e8", "token": "eyJhbGciOiJIUzI1NiIsInR5cCI6IkpXVCJ9.eyJ0b2tlbl90eXBlIjoicmVmcmVzaCIsImV4cCI6MTc0NzMyMzAyMiwiaWF0IjoxNzQ2NzE4MjIyLCJqdGkiOiIwNDc3NjM1OTdmMzc0ZWE5ODQ5YjU0YWI5N2Q3MDBlOCIsInVzZXJfaWQiOjJ9.5MnLuaN9X-HWtmrzSa_QRZT1E4zCsrfSSgUsOW_mVyU", "created_at": "2025-05-08T15:30:22.907Z", "expires_at": "2025-05-15T15:30:22Z"}}, {"model": "token_blacklist.outstandingtoken", "pk": 355, "fields": {"user": 9, "jti": "4fa4831bac9a415180635b49bc081112", "token": "eyJhbGciOiJIUzI1NiIsInR5cCI6IkpXVCJ9.eyJ0b2tlbl90eXBlIjoicmVmcmVzaCIsImV4cCI6MTc0NzMyMzA2NCwiaWF0IjoxNzQ2NzE4MjY0LCJqdGkiOiI0ZmE0ODMxYmFjOWE0MTUxODA2MzViNDliYzA4MTExMiIsInVzZXJfaWQiOjl9.Si5zjk0ULVj3gePl3ayy4_xaCSJHrg6SKwDbMsw_rk0", "created_at": "2025-05-08T15:31:04.506Z", "expires_at": "2025-05-15T15:31:04Z"}}, {"model": "token_blacklist.outstandingtoken", "pk": 356, "fields": {"user": 2, "jti": "53196879017a4379a5b79d3b7e330d52", "token": "eyJhbGciOiJIUzI1NiIsInR5cCI6IkpXVCJ9.eyJ0b2tlbl90eXBlIjoicmVmcmVzaCIsImV4cCI6MTc0NzMyNTA4MCwiaWF0IjoxNzQ2NzIwMjgwLCJqdGkiOiI1MzE5Njg3OTAxN2E0Mzc5YTViNzlkM2I3ZTMzMGQ1MiIsInVzZXJfaWQiOjJ9.G-HSMOVQCEpmK3jtax1_mqdHMJ3xVi2obg_0ovUo8RY", "created_at": "2025-05-08T16:04:40.215Z", "expires_at": "2025-05-15T16:04:40Z"}}, {"model": "token_blacklist.outstandingtoken", "pk": 357, "fields": {"user": 9, "jti": "2726bc33ea1b4e1486ab8e480cd41a81", "token": "eyJhbGciOiJIUzI1NiIsInR5cCI6IkpXVCJ9.eyJ0b2tlbl90eXBlIjoicmVmcmVzaCIsImV4cCI6MTc0NzMyNjc5NSwiaWF0IjoxNzQ2NzIxOTk1LCJqdGkiOiIyNzI2YmMzM2VhMWI0ZTE0ODZhYjhlNDgwY2Q0MWE4MSIsInVzZXJfaWQiOjl9.Ra6vHVxXC_AuIVwFIf0L9kqS4qdCNGzqDOtjYRHtjjM", "created_at": "2025-05-08T16:33:15.185Z", "expires_at": "2025-05-15T16:33:15Z"}}, {"model": "token_blacklist.outstandingtoken", "pk": 358, "fields": {"user": 9, "jti": "34adb97f1a504cb294ab0771bbd066be", "token": "eyJhbGciOiJIUzI1NiIsInR5cCI6IkpXVCJ9.eyJ0b2tlbl90eXBlIjoicmVmcmVzaCIsImV4cCI6MTc0NzMyNzI4MSwiaWF0IjoxNzQ2NzIyNDgxLCJqdGkiOiIzNGFkYjk3ZjFhNTA0Y2IyOTRhYjA3NzFiYmQwNjZiZSIsInVzZXJfaWQiOjl9.oPc11pCRwCUsXJ3RrFH-CazCamvBL6ex5zF685YCJOk", "created_at": "2025-05-08T16:41:21.807Z", "expires_at": "2025-05-15T16:41:21Z"}}, {"model": "token_blacklist.outstandingtoken", "pk": 359, "fields": {"user": 2, "jti": "4a3040671fa44d9fb0eaebd1c2755443", "token": "eyJhbGciOiJIUzI1NiIsInR5cCI6IkpXVCJ9.eyJ0b2tlbl90eXBlIjoicmVmcmVzaCIsImV4cCI6MTc0NzMyNzM2NiwiaWF0IjoxNzQ2NzIyNTY2LCJqdGkiOiI0YTMwNDA2NzFmYTQ0ZDlmYjBlYWViZDFjMjc1NTQ0MyIsInVzZXJfaWQiOjJ9.-fW4ljRirqKil93gjR52XeDa787Cnit8FYzxmJOUd8s", "created_at": "2025-05-08T16:42:46.022Z", "expires_at": "2025-05-15T16:42:46Z"}}, {"model": "token_blacklist.outstandingtoken", "pk": 360, "fields": {"user": 2, "jti": "ad2a27c6b49640918310eb566ca36980", "token": "eyJhbGciOiJIUzI1NiIsInR5cCI6IkpXVCJ9.eyJ0b2tlbl90eXBlIjoicmVmcmVzaCIsImV4cCI6MTc0NzMyNzM2NiwiaWF0IjoxNzQ2NzIyNTY2LCJqdGkiOiJhZDJhMjdjNmI0OTY0MDkxODMxMGViNTY2Y2EzNjk4MCIsInVzZXJfaWQiOjJ9.LtCflC6KQWd3X-_d6tqK7wB4WIDz-xuqMwN3YhNqZfo", "created_at": "2025-05-08T16:42:46.025Z", "expires_at": "2025-05-15T16:42:46Z"}}, {"model": "token_blacklist.outstandingtoken", "pk": 361, "fields": {"user": 2, "jti": "7e7670cf11b7434e80da38cd08ea2af5", "token": "eyJhbGciOiJIUzI1NiIsInR5cCI6IkpXVCJ9.eyJ0b2tlbl90eXBlIjoicmVmcmVzaCIsImV4cCI6MTc0NzMyNzM2NiwiaWF0IjoxNzQ2NzIyNTY2LCJqdGkiOiI3ZTc2NzBjZjExYjc0MzRlODBkYTM4Y2QwOGVhMmFmNSIsInVzZXJfaWQiOjJ9.Zkma0n9NBoyRX7Mpd7u1BZlagKWW57wc19XC3QRdszs", "created_at": "2025-05-08T16:42:46.140Z", "expires_at": "2025-05-15T16:42:46Z"}}, {"model": "token_blacklist.outstandingtoken", "pk": 362, "fields": {"user": 2, "jti": "2fa06ad0d5c249e98ecba76a93b1ff59", "token": "eyJhbGciOiJIUzI1NiIsInR5cCI6IkpXVCJ9.eyJ0b2tlbl90eXBlIjoicmVmcmVzaCIsImV4cCI6MTc0NzMyNzM2NywiaWF0IjoxNzQ2NzIyNTY3LCJqdGkiOiIyZmEwNmFkMGQ1YzI0OWU5OGVjYmE3NmE5M2IxZmY1OSIsInVzZXJfaWQiOjJ9.BtehiaEpadHJMRctQ001jw7nigLq3pM_ct5PUcPhbfw", "created_at": "2025-05-08T16:42:47.704Z", "expires_at": "2025-05-15T16:42:47Z"}}, {"model": "token_blacklist.outstandingtoken", "pk": 363, "fields": {"user": 2, "jti": "6152094c73d24d539aeb395c9a270a70", "token": "eyJhbGciOiJIUzI1NiIsInR5cCI6IkpXVCJ9.eyJ0b2tlbl90eXBlIjoicmVmcmVzaCIsImV4cCI6MTc0NzMyNzM2NywiaWF0IjoxNzQ2NzIyNTY3LCJqdGkiOiI2MTUyMDk0YzczZDI0ZDUzOWFlYjM5NWM5YTI3MGE3MCIsInVzZXJfaWQiOjJ9.fZ-6txHF79GHuB-s4hbi8IwaHn3Mma3nilvY8q1k8z0", "created_at": "2025-05-08T16:42:47.705Z", "expires_at": "2025-05-15T16:42:47Z"}}, {"model": "token_blacklist.outstandingtoken", "pk": 364, "fields": {"user": 9, "jti": "4bf56addf64c4e54bfb6650a4b8c977c", "token": "eyJhbGciOiJIUzI1NiIsInR5cCI6IkpXVCJ9.eyJ0b2tlbl90eXBlIjoicmVmcmVzaCIsImV4cCI6MTc0NzMyNzU0NiwiaWF0IjoxNzQ2NzIyNzQ2LCJqdGkiOiI0YmY1NmFkZGY2NGM0ZTU0YmZiNjY1MGE0YjhjOTc3YyIsInVzZXJfaWQiOjl9.j7EYdikIwXoyUhr6QFsUzNO3Oto4cFLlazQHTXsUbHc", "created_at": "2025-05-08T16:45:46.954Z", "expires_at": "2025-05-15T16:45:46Z"}}, {"model": "token_blacklist.outstandingtoken", "pk": 365, "fields": {"user": 9, "jti": "73511e91592d450d961556a94294d0aa", "token": "eyJhbGciOiJIUzI1NiIsInR5cCI6IkpXVCJ9.eyJ0b2tlbl90eXBlIjoicmVmcmVzaCIsImV4cCI6MTc0NzMyNzU2NSwiaWF0IjoxNzQ2NzIyNzY1LCJqdGkiOiI3MzUxMWU5MTU5MmQ0NTBkOTYxNTU2YTk0Mjk0ZDBhYSIsInVzZXJfaWQiOjl9.qVF1DFOaPsDa-QBYvSIPg3XxePDWfcPJbqu8MbmYOlg", "created_at": "2025-05-08T16:46:05.799Z", "expires_at": "2025-05-15T16:46:05Z"}}, {"model": "token_blacklist.outstandingtoken", "pk": 366, "fields": {"user": 9, "jti": "9127c699e29e43bcae0759fbf2ecd266", "token": "eyJhbGciOiJIUzI1NiIsInR5cCI6IkpXVCJ9.eyJ0b2tlbl90eXBlIjoicmVmcmVzaCIsImV4cCI6MTc0NzMyNzU5NywiaWF0IjoxNzQ2NzIyNzk3LCJqdGkiOiI5MTI3YzY5OWUyOWU0M2JjYWUwNzU5ZmJmMmVjZDI2NiIsInVzZXJfaWQiOjl9.s-4H9ZgoTAcrxp6v8wuTuZGK1n0S5lBUQFpbnB3AvEo", "created_at": "2025-05-08T16:46:37.992Z", "expires_at": "2025-05-15T16:46:37Z"}}, {"model": "token_blacklist.outstandingtoken", "pk": 367, "fields": {"user": 2, "jti": "216ab5dad66140a3b66a6f1b72eb25e2", "token": "eyJhbGciOiJIUzI1NiIsInR5cCI6IkpXVCJ9.eyJ0b2tlbl90eXBlIjoicmVmcmVzaCIsImV4cCI6MTc0NzMyOTY3OSwiaWF0IjoxNzQ2NzI0ODc5LCJqdGkiOiIyMTZhYjVkYWQ2NjE0MGEzYjY2YTZmMWI3MmViMjVlMiIsInVzZXJfaWQiOjJ9.QocRy6YfSvhHCs4ZNgdN5TLnIexfX8OawuJprYZOtE8", "created_at": "2025-05-08T17:21:19.252Z", "expires_at": "2025-05-15T17:21:19Z"}}, {"model": "token_blacklist.outstandingtoken", "pk": 368, "fields": {"user": 2, "jti": "ffc3294528354113b267ad16d33170ba", "token": "eyJhbGciOiJIUzI1NiIsInR5cCI6IkpXVCJ9.eyJ0b2tlbl90eXBlIjoicmVmcmVzaCIsImV4cCI6MTc0NzMyOTY3OSwiaWF0IjoxNzQ2NzI0ODc5LCJqdGkiOiJmZmMzMjk0NTI4MzU0MTEzYjI2N2FkMTZkMzMxNzBiYSIsInVzZXJfaWQiOjJ9.f6JPDVkGVUjZJJqxuZ_1Qdet2u7qHX0tqYKIijns0NI", "created_at": "2025-05-08T17:21:19.253Z", "expires_at": "2025-05-15T17:21:19Z"}}, {"model": "token_blacklist.outstandingtoken", "pk": 369, "fields": {"user": 2, "jti": "6a16fea0459344698893cbb9e7b1e962", "token": "eyJhbGciOiJIUzI1NiIsInR5cCI6IkpXVCJ9.eyJ0b2tlbl90eXBlIjoicmVmcmVzaCIsImV4cCI6MTc0NzMyOTY3OSwiaWF0IjoxNzQ2NzI0ODc5LCJqdGkiOiI2YTE2ZmVhMDQ1OTM0NDY5ODg5M2NiYjllN2IxZTk2MiIsInVzZXJfaWQiOjJ9.CyumoPWUm0q5JBk-exH0Eo-LYBHedgnZnWIGFqe_F6A", "created_at": "2025-05-08T17:21:19.341Z", "expires_at": "2025-05-15T17:21:19Z"}}, {"model": "token_blacklist.outstandingtoken", "pk": 370, "fields": {"user": 2, "jti": "e8990910d759425093e9878da1decb95", "token": "eyJhbGciOiJIUzI1NiIsInR5cCI6IkpXVCJ9.eyJ0b2tlbl90eXBlIjoicmVmcmVzaCIsImV4cCI6MTc0NzMyOTY4MSwiaWF0IjoxNzQ2NzI0ODgxLCJqdGkiOiJlODk5MDkxMGQ3NTk0MjUwOTNlOTg3OGRhMWRlY2I5NSIsInVzZXJfaWQiOjJ9.A5byNJYPOUNe1h3akywyY8rrO8BfyltA79xr4UKwj7I", "created_at": "2025-05-08T17:21:21.660Z", "expires_at": "2025-05-15T17:21:21Z"}}, {"model": "token_blacklist.outstandingtoken", "pk": 371, "fields": {"user": 2, "jti": "c712d15abf2d475c9d2d604d9401fd51", "token": "eyJhbGciOiJIUzI1NiIsInR5cCI6IkpXVCJ9.eyJ0b2tlbl90eXBlIjoicmVmcmVzaCIsImV4cCI6MTc0NzMyOTY4MSwiaWF0IjoxNzQ2NzI0ODgxLCJqdGkiOiJjNzEyZDE1YWJmMmQ0NzVjOWQyZDYwNGQ5NDAxZmQ1MSIsInVzZXJfaWQiOjJ9.KfzgJ-16WJmoLvELmJpBBjdjh0jgVB9IFn9E09159sg", "created_at": "2025-05-08T17:21:21.662Z", "expires_at": "2025-05-15T17:21:21Z"}}, {"model": "token_blacklist.outstandingtoken", "pk": 372, "fields": {"user": 2, "jti": "3e2d7b610e5b4108ace8ca47af04497a", "token": "eyJhbGciOiJIUzI1NiIsInR5cCI6IkpXVCJ9.eyJ0b2tlbl90eXBlIjoicmVmcmVzaCIsImV4cCI6MTc0NzMyOTY4OSwiaWF0IjoxNzQ2NzI0ODg5LCJqdGkiOiIzZTJkN2I2MTBlNWI0MTA4YWNlOGNhNDdhZjA0NDk3YSIsInVzZXJfaWQiOjJ9.EnFYf84vC5nsIP44yuN2CfeGCPafp6hUAwZ9w-gbIuw", "created_at": "2025-05-08T17:21:29.697Z", "expires_at": "2025-05-15T17:21:29Z"}}, {"model": "token_blacklist.outstandingtoken", "pk": 373, "fields": {"user": 2, "jti": "00214bc4ce8b42c0b9afb9c2327bd9d2", "token": "eyJhbGciOiJIUzI1NiIsInR5cCI6IkpXVCJ9.eyJ0b2tlbl90eXBlIjoicmVmcmVzaCIsImV4cCI6MTc0NzMyOTY4OSwiaWF0IjoxNzQ2NzI0ODg5LCJqdGkiOiIwMDIxNGJjNGNlOGI0MmMwYjlhZmI5YzIzMjdiZDlkMiIsInVzZXJfaWQiOjJ9.4ueUH67KoLcS_TbwsJk15zFKl-5joOULTK1DTIdPbPg", "created_at": "2025-05-08T17:21:29.698Z", "expires_at": "2025-05-15T17:21:29Z"}}, {"model": "token_blacklist.outstandingtoken", "pk": 374, "fields": {"user": 9, "jti": "615af610e5bc43b6bb6e042edb7321ce", "token": "eyJhbGciOiJIUzI1NiIsInR5cCI6IkpXVCJ9.eyJ0b2tlbl90eXBlIjoicmVmcmVzaCIsImV4cCI6MTc0NzMzMDM1MCwiaWF0IjoxNzQ2NzI1NTUwLCJqdGkiOiI2MTVhZjYxMGU1YmM0M2I2YmI2ZTA0MmVkYjczMjFjZSIsInVzZXJfaWQiOjl9.oUI2Q6zJ6tY9PTePY-NGLDNzMzxilWy-7sOJQJMHv-4", "created_at": "2025-05-08T17:32:30.663Z", "expires_at": "2025-05-15T17:32:30Z"}}, {"model": "token_blacklist.outstandingtoken", "pk": 375, "fields": {"user": 2, "jti": "3633345bdf2d459c9bb50fd6632137cd", "token": "eyJhbGciOiJIUzI1NiIsInR5cCI6IkpXVCJ9.eyJ0b2tlbl90eXBlIjoicmVmcmVzaCIsImV4cCI6MTc0NzMzMDM5MCwiaWF0IjoxNzQ2NzI1NTkwLCJqdGkiOiIzNjMzMzQ1YmRmMmQ0NTljOWJiNTBmZDY2MzIxMzdjZCIsInVzZXJfaWQiOjJ9.N-NRfAmp9irXgDKmmCEqDaYzTCAdMTrkrqw3Hrj8yj8", "created_at": "2025-05-08T17:33:10.686Z", "expires_at": "2025-05-15T17:33:10Z"}}, {"model": "token_blacklist.outstandingtoken", "pk": 376, "fields": {"user": 2, "jti": "2d12a4fa1ea441f0bb35916ecec63542", "token": "eyJhbGciOiJIUzI1NiIsInR5cCI6IkpXVCJ9.eyJ0b2tlbl90eXBlIjoicmVmcmVzaCIsImV4cCI6MTc0NzMzMDM5MCwiaWF0IjoxNzQ2NzI1NTkwLCJqdGkiOiIyZDEyYTRmYTFlYTQ0MWYwYmIzNTkxNmVjZWM2MzU0MiIsInVzZXJfaWQiOjJ9.eGeqFEcTw45HspC-DLoo2R_DOILUA9BjoW-BNVZYw5k", "created_at": "2025-05-08T17:33:10.689Z", "expires_at": "2025-05-15T17:33:10Z"}}, {"model": "token_blacklist.outstandingtoken", "pk": 377, "fields": {"user": 2, "jti": "77e329f40dc54975b6429d6fc8aa9431", "token": "eyJhbGciOiJIUzI1NiIsInR5cCI6IkpXVCJ9.eyJ0b2tlbl90eXBlIjoicmVmcmVzaCIsImV4cCI6MTc0NzMzMDM5MCwiaWF0IjoxNzQ2NzI1NTkwLCJqdGkiOiI3N2UzMjlmNDBkYzU0OTc1YjY0MjlkNmZjOGFhOTQzMSIsInVzZXJfaWQiOjJ9.I1JCjmESZl3rrNut9C-EVcnQ_9zFIU55UAOoBrlUTBs", "created_at": "2025-05-08T17:33:10.739Z", "expires_at": "2025-05-15T17:33:10Z"}}, {"model": "token_blacklist.outstandingtoken", "pk": 378, "fields": {"user": 2, "jti": "a7a317c15f1646dba836c3d9b27efda8", "token": "eyJhbGciOiJIUzI1NiIsInR5cCI6IkpXVCJ9.eyJ0b2tlbl90eXBlIjoicmVmcmVzaCIsImV4cCI6MTc0NzMzMjIxNCwiaWF0IjoxNzQ2NzI3NDE0LCJqdGkiOiJhN2EzMTdjMTVmMTY0NmRiYTgzNmMzZDliMjdlZmRhOCIsInVzZXJfaWQiOjJ9.dhqVX4qwb5JU0kFbf-YUYzgQVCBCVsZegVj2ziD6gQ4", "created_at": "2025-05-08T18:03:34.679Z", "expires_at": "2025-05-15T18:03:34Z"}}, {"model": "token_blacklist.outstandingtoken", "pk": 379, "fields": {"user": 9, "jti": "65730a69bf3744b78bd72b9d6dbcd21d", "token": "eyJhbGciOiJIUzI1NiIsInR5cCI6IkpXVCJ9.eyJ0b2tlbl90eXBlIjoicmVmcmVzaCIsImV4cCI6MTc0NzQxOTA2NywiaWF0IjoxNzQ2ODE0MjY3LCJqdGkiOiI2NTczMGE2OWJmMzc0NGI3OGJkNzJiOWQ2ZGJjZDIxZCIsInVzZXJfaWQiOjl9.QBxxKIzjYDYS3_7wgxUllvU7YqKbfJPpTA6sd6vkDds", "created_at": "2025-05-09T18:11:07.203Z", "expires_at": "2025-05-16T18:11:07Z"}}, {"model": "token_blacklist.outstandingtoken", "pk": 380, "fields": {"user": 9, "jti": "2ae375f19d34446abd8d1b018c6ad572", "token": "eyJhbGciOiJIUzI1NiIsInR5cCI6IkpXVCJ9.eyJ0b2tlbl90eXBlIjoicmVmcmVzaCIsImV4cCI6MTc0NzQ2NDQ3NywiaWF0IjoxNzQ2ODU5Njc3LCJqdGkiOiIyYWUzNzVmMTlkMzQ0NDZhYmQ4ZDFiMDE4YzZhZDU3MiIsInVzZXJfaWQiOjl9.MjQcrUNP7SIWwzrLFYGQXXfRWzjOeUHiNs2ntbPpu9k", "created_at": "2025-05-10T06:47:57.578Z", "expires_at": "2025-05-17T06:47:57Z"}}, {"model": "token_blacklist.outstandingtoken", "pk": 381, "fields": {"user": 9, "jti": "00edd1f734be4585a7786ce856f6c7c4", "token": "eyJhbGciOiJIUzI1NiIsInR5cCI6IkpXVCJ9.eyJ0b2tlbl90eXBlIjoicmVmcmVzaCIsImV4cCI6MTc0NzQ2NDQ3NywiaWF0IjoxNzQ2ODU5Njc3LCJqdGkiOiIwMGVkZDFmNzM0YmU0NTg1YTc3ODZjZTg1NmY2YzdjNCIsInVzZXJfaWQiOjl9.ApT_tRs_1aKEYEbA1mYVKgsJMjitlJ4--XzBMOfbMwk", "created_at": "2025-05-10T06:47:57.579Z", "expires_at": "2025-05-17T06:47:57Z"}}, {"model": "token_blacklist.outstandingtoken", "pk": 382, "fields": {"user": 9, "jti": "79b080c6566448bca39d090bfff02523", "token": "eyJhbGciOiJIUzI1NiIsInR5cCI6IkpXVCJ9.eyJ0b2tlbl90eXBlIjoicmVmcmVzaCIsImV4cCI6MTc0NzQ2NDQ4OSwiaWF0IjoxNzQ2ODU5Njg5LCJqdGkiOiI3OWIwODBjNjU2NjQ0OGJjYTM5ZDA5MGJmZmYwMjUyMyIsInVzZXJfaWQiOjl9.EJYa1M1hYJhhPgf3jSuFtqVbrSbHRCMGNy5VavkP7Ao", "created_at": "2025-05-10T06:48:09.612Z", "expires_at": "2025-05-17T06:48:09Z"}}, {"model": "token_blacklist.outstandingtoken", "pk": 383, "fields": {"user": 9, "jti": "beec0e88487a46c7b078dd0b6a5e5705", "token": "eyJhbGciOiJIUzI1NiIsInR5cCI6IkpXVCJ9.eyJ0b2tlbl90eXBlIjoicmVmcmVzaCIsImV4cCI6MTc0NzQ2NDQ4OSwiaWF0IjoxNzQ2ODU5Njg5LCJqdGkiOiJiZWVjMGU4ODQ4N2E0NmM3YjA3OGRkMGI2YTVlNTcwNSIsInVzZXJfaWQiOjl9.-okkThHiqttVPWDFnrYTi3aKeIpfwkFbNAz0pIhBq4g", "created_at": "2025-05-10T06:48:09.613Z", "expires_at": "2025-05-17T06:48:09Z"}}, {"model": "token_blacklist.outstandingtoken", "pk": 384, "fields": {"user": 9, "jti": "da93494b6bb34f31972efab47b4ea74a", "token": "eyJhbGciOiJIUzI1NiIsInR5cCI6IkpXVCJ9.eyJ0b2tlbl90eXBlIjoicmVmcmVzaCIsImV4cCI6MTc0NzQ2NDQ5NCwiaWF0IjoxNzQ2ODU5Njk0LCJqdGkiOiJkYTkzNDk0YjZiYjM0ZjMxOTcyZWZhYjQ3YjRlYTc0YSIsInVzZXJfaWQiOjl9.-iIQzdT5WzFEx6PMU57-WcElf6mNy1cSuYRoBMTCUZM", "created_at": "2025-05-10T06:48:14.175Z", "expires_at": "2025-05-17T06:48:14Z"}}, {"model": "token_blacklist.outstandingtoken", "pk": 385, "fields": {"user": 9, "jti": "e4a8107da8d84bb6b9aabe4ed27ebd30", "token": "eyJhbGciOiJIUzI1NiIsInR5cCI6IkpXVCJ9.eyJ0b2tlbl90eXBlIjoicmVmcmVzaCIsImV4cCI6MTc0NzQ2NDQ5NCwiaWF0IjoxNzQ2ODU5Njk0LCJqdGkiOiJlNGE4MTA3ZGE4ZDg0YmI2YjlhYWJlNGVkMjdlYmQzMCIsInVzZXJfaWQiOjl9.Bd26YpYi0xGlxAYqunUHsDUHDoJoxg12xn9zkHt1twQ", "created_at": "2025-05-10T06:48:14.176Z", "expires_at": "2025-05-17T06:48:14Z"}}, {"model": "token_blacklist.outstandingtoken", "pk": 386, "fields": {"user": 9, "jti": "d686f499d14c4670a6914e31a4179401", "token": "eyJhbGciOiJIUzI1NiIsInR5cCI6IkpXVCJ9.eyJ0b2tlbl90eXBlIjoicmVmcmVzaCIsImV4cCI6MTc0NzQ2NDUwMCwiaWF0IjoxNzQ2ODU5NzAwLCJqdGkiOiJkNjg2ZjQ5OWQxNGM0NjcwYTY5MTRlMzFhNDE3OTQwMSIsInVzZXJfaWQiOjl9.nhZLhEFmKaFyCMcLWWaCp9S49sZoNaxpfRqD4uXPfOk", "created_at": "2025-05-10T06:48:20.140Z", "expires_at": "2025-05-17T06:48:20Z"}}, {"model": "token_blacklist.outstandingtoken", "pk": 387, "fields": {"user": 2, "jti": "6f1a2361efe44926a002f7077a5bf11d", "token": "eyJhbGciOiJIUzI1NiIsInR5cCI6IkpXVCJ9.eyJ0b2tlbl90eXBlIjoicmVmcmVzaCIsImV4cCI6MTc0NzQ2NDUyMCwiaWF0IjoxNzQ2ODU5NzIwLCJqdGkiOiI2ZjFhMjM2MWVmZTQ0OTI2YTAwMmY3MDc3YTViZjExZCIsInVzZXJfaWQiOjJ9.odI_2WtMuvHoD4rQymgYMV7ccpsEA5gmdSP2IPEt62U", "created_at": "2025-05-10T06:48:40.106Z", "expires_at": "2025-05-17T06:48:40Z"}}, {"model": "token_blacklist.outstandingtoken", "pk": 388, "fields": {"user": 2, "jti": "a0a05fd73e564e7f8d591445943ba6cf", "token": "eyJhbGciOiJIUzI1NiIsInR5cCI6IkpXVCJ9.eyJ0b2tlbl90eXBlIjoicmVmcmVzaCIsImV4cCI6MTc0NzQ2NDUyMCwiaWF0IjoxNzQ2ODU5NzIwLCJqdGkiOiJhMGEwNWZkNzNlNTY0ZTdmOGQ1OTE0NDU5NDNiYTZjZiIsInVzZXJfaWQiOjJ9.memLHM6PvwcN3asT5UaGo8wefpEWjNVcz5rU8umoJbY", "created_at": "2025-05-10T06:48:40.125Z", "expires_at": "2025-05-17T06:48:40Z"}}, {"model": "token_blacklist.outstandingtoken", "pk": 389, "fields": {"user": 2, "jti": "5f1ab230f8754c68a9d99a41e738a12b", "token": "eyJhbGciOiJIUzI1NiIsInR5cCI6IkpXVCJ9.eyJ0b2tlbl90eXBlIjoicmVmcmVzaCIsImV4cCI6MTc0NzQ2NDUyOCwiaWF0IjoxNzQ2ODU5NzI4LCJqdGkiOiI1ZjFhYjIzMGY4NzU0YzY4YTlkOTlhNDFlNzM4YTEyYiIsInVzZXJfaWQiOjJ9.9hbbPtB0z5TZsybyE_DUlVU0qfMmHgW5XzVwOib5T3c", "created_at": "2025-05-10T06:48:48.334Z", "expires_at": "2025-05-17T06:48:48Z"}}, {"model": "token_blacklist.outstandingtoken", "pk": 390, "fields": {"user": 2, "jti": "cb4af2a5efef4bc1a5996d41aad2480c", "token": "eyJhbGciOiJIUzI1NiIsInR5cCI6IkpXVCJ9.eyJ0b2tlbl90eXBlIjoicmVmcmVzaCIsImV4cCI6MTc0NzQ2NDUyOCwiaWF0IjoxNzQ2ODU5NzI4LCJqdGkiOiJjYjRhZjJhNWVmZWY0YmMxYTU5OTZkNDFhYWQyNDgwYyIsInVzZXJfaWQiOjJ9.hWNn5V0QL7unkGgAI3HupmZvXeDaga7YWuE_YanciUw", "created_at": "2025-05-10T06:48:48.335Z", "expires_at": "2025-05-17T06:48:48Z"}}, {"model": "token_blacklist.outstandingtoken", "pk": 391, "fields": {"user": 2, "jti": "d5d141fd03b14a979d3702757fb7a0e9", "token": "eyJhbGciOiJIUzI1NiIsInR5cCI6IkpXVCJ9.eyJ0b2tlbl90eXBlIjoicmVmcmVzaCIsImV4cCI6MTc0NzQ2NDUzMCwiaWF0IjoxNzQ2ODU5NzMwLCJqdGkiOiJkNWQxNDFmZDAzYjE0YTk3OWQzNzAyNzU3ZmI3YTBlOSIsInVzZXJfaWQiOjJ9.UVjTlYpOIhCVEI-U3NN4LKciGJwR8INE3V4kmMiui-U", "created_at": "2025-05-10T06:48:50.131Z", "expires_at": "2025-05-17T06:48:50Z"}}, {"model": "token_blacklist.outstandingtoken", "pk": 392, "fields": {"user": 2, "jti": "7b0e0668ba92467aa495fca7c9ab6bce", "token": "eyJhbGciOiJIUzI1NiIsInR5cCI6IkpXVCJ9.eyJ0b2tlbl90eXBlIjoicmVmcmVzaCIsImV4cCI6MTc0NzQ2NDUzMCwiaWF0IjoxNzQ2ODU5NzMwLCJqdGkiOiI3YjBlMDY2OGJhOTI0NjdhYTQ5NWZjYTdjOWFiNmJjZSIsInVzZXJfaWQiOjJ9.GP8rlL6oPDmvPs5_ua8rTeU0QCHMhKCkarLY5nAuM60", "created_at": "2025-05-10T06:48:50.131Z", "expires_at": "2025-05-17T06:48:50Z"}}, {"model": "token_blacklist.outstandingtoken", "pk": 393, "fields": {"user": 2, "jti": "8e74eba8fa784f6cbb331ea25f02cdab", "token": "eyJhbGciOiJIUzI1NiIsInR5cCI6IkpXVCJ9.eyJ0b2tlbl90eXBlIjoicmVmcmVzaCIsImV4cCI6MTc0NzQ2NDU1MiwiaWF0IjoxNzQ2ODU5NzUyLCJqdGkiOiI4ZTc0ZWJhOGZhNzg0ZjZjYmIzMzFlYTI1ZjAyY2RhYiIsInVzZXJfaWQiOjJ9.KFKHeFf5WkpSs9RKDDslNVdKFlA40OQDt4t9qpEit0U", "created_at": "2025-05-10T06:49:12.565Z", "expires_at": "2025-05-17T06:49:12Z"}}, {"model": "token_blacklist.outstandingtoken", "pk": 394, "fields": {"user": 2, "jti": "884680bdd7364340bd751df8aa72cdca", "token": "eyJhbGciOiJIUzI1NiIsInR5cCI6IkpXVCJ9.eyJ0b2tlbl90eXBlIjoicmVmcmVzaCIsImV4cCI6MTc0NzQ2NDYwMiwiaWF0IjoxNzQ2ODU5ODAyLCJqdGkiOiI4ODQ2ODBiZGQ3MzY0MzQwYmQ3NTFkZjhhYTcyY2RjYSIsInVzZXJfaWQiOjJ9.GIWNcyGStx-iG-DklcuuL4U3v1s7Vo7bDLD-xBDPlIQ", "created_at": "2025-05-10T06:50:02.794Z", "expires_at": "2025-05-17T06:50:02Z"}}, {"model": "token_blacklist.outstandingtoken", "pk": 395, "fields": {"user": 2, "jti": "4b061a0435b24155910578cf30f30e45", "token": "eyJhbGciOiJIUzI1NiIsInR5cCI6IkpXVCJ9.eyJ0b2tlbl90eXBlIjoicmVmcmVzaCIsImV4cCI6MTc0NzQ2NDYwMiwiaWF0IjoxNzQ2ODU5ODAyLCJqdGkiOiI0YjA2MWEwNDM1YjI0MTU1OTEwNTc4Y2YzMGYzMGU0NSIsInVzZXJfaWQiOjJ9.PyhO0IzFgV90nxJTKKcH-YHQqRuUwoXzvUZ5IWTEbBU", "created_at": "2025-05-10T06:50:02.795Z", "expires_at": "2025-05-17T06:50:02Z"}}, {"model": "token_blacklist.outstandingtoken", "pk": 396, "fields": {"user": 2, "jti": "f1ee6bce145c4b359c3e3ecdc3d84760", "token": "eyJhbGciOiJIUzI1NiIsInR5cCI6IkpXVCJ9.eyJ0b2tlbl90eXBlIjoicmVmcmVzaCIsImV4cCI6MTc0NzQ2NDcxMSwiaWF0IjoxNzQ2ODU5OTExLCJqdGkiOiJmMWVlNmJjZTE0NWM0YjM1OWMzZTNlY2RjM2Q4NDc2MCIsInVzZXJfaWQiOjJ9.FbI7XgJCb6chTTOm9CiEGIJ_Bl7b3VXJ_mOPFwP5_50", "created_at": "2025-05-10T06:51:51.381Z", "expires_at": "2025-05-17T06:51:51Z"}}, {"model": "token_blacklist.outstandingtoken", "pk": 397, "fields": {"user": 2, "jti": "db77ee17de46446a984628097a6a99d1", "token": "eyJhbGciOiJIUzI1NiIsInR5cCI6IkpXVCJ9.eyJ0b2tlbl90eXBlIjoicmVmcmVzaCIsImV4cCI6MTc0NzQ2NDcxMSwiaWF0IjoxNzQ2ODU5OTExLCJqdGkiOiJkYjc3ZWUxN2RlNDY0NDZhOTg0NjI4MDk3YTZhOTlkMSIsInVzZXJfaWQiOjJ9.slKNvBRHcfC481VVf3gwqJcygSdrabHuhejn5IqZxq4", "created_at": "2025-05-10T06:51:51.382Z", "expires_at": "2025-05-17T06:51:51Z"}}, {"model": "token_blacklist.outstandingtoken", "pk": 398, "fields": {"user": 2, "jti": "9f5c4bc177c4441e920e64a0d6402cce", "token": "eyJhbGciOiJIUzI1NiIsInR5cCI6IkpXVCJ9.eyJ0b2tlbl90eXBlIjoicmVmcmVzaCIsImV4cCI6MTc0NzQ2NDcxMywiaWF0IjoxNzQ2ODU5OTEzLCJqdGkiOiI5ZjVjNGJjMTc3YzQ0NDFlOTIwZTY0YTBkNjQwMmNjZSIsInVzZXJfaWQiOjJ9.DyCrSgsPfZhcMR2UnUHVnKK7nWAoS8yXqgTaQeDdb9c", "created_at": "2025-05-10T06:51:53.161Z", "expires_at": "2025-05-17T06:51:53Z"}}, {"model": "token_blacklist.outstandingtoken", "pk": 399, "fields": {"user": 2, "jti": "92dd7099a6af491ea5b47fe930afd8a0", "token": "eyJhbGciOiJIUzI1NiIsInR5cCI6IkpXVCJ9.eyJ0b2tlbl90eXBlIjoicmVmcmVzaCIsImV4cCI6MTc0NzQ2NDcxMywiaWF0IjoxNzQ2ODU5OTEzLCJqdGkiOiI5MmRkNzA5OWE2YWY0OTFlYTViNDdmZTkzMGFmZDhhMCIsInVzZXJfaWQiOjJ9.cNhRJ2mmpBQQU0-oBv7N_ZeAei-Xz1BRPjdmf3-ujzg", "created_at": "2025-05-10T06:51:53.162Z", "expires_at": "2025-05-17T06:51:53Z"}}, {"model": "token_blacklist.outstandingtoken", "pk": 400, "fields": {"user": 2, "jti": "93f525aed61f4ac8afb648cd0a733179", "token": "eyJhbGciOiJIUzI1NiIsInR5cCI6IkpXVCJ9.eyJ0b2tlbl90eXBlIjoicmVmcmVzaCIsImV4cCI6MTc0NzQ2NDkzOCwiaWF0IjoxNzQ2ODYwMTM4LCJqdGkiOiI5M2Y1MjVhZWQ2MWY0YWM4YWZiNjQ4Y2QwYTczMzE3OSIsInVzZXJfaWQiOjJ9.bOb7wn2zI_98XGs413myCQmUBhubAMQ1xVz9lCGYNsA", "created_at": "2025-05-10T06:55:38.474Z", "expires_at": "2025-05-17T06:55:38Z"}}, {"model": "token_blacklist.outstandingtoken", "pk": 401, "fields": {"user": 2, "jti": "419965ea6fe44d24807e897f6ad0e343", "token": "eyJhbGciOiJIUzI1NiIsInR5cCI6IkpXVCJ9.eyJ0b2tlbl90eXBlIjoicmVmcmVzaCIsImV4cCI6MTc0NzQ2NDkzOCwiaWF0IjoxNzQ2ODYwMTM4LCJqdGkiOiI0MTk5NjVlYTZmZTQ0ZDI0ODA3ZTg5N2Y2YWQwZTM0MyIsInVzZXJfaWQiOjJ9.PtINZYHkI6svl37_H3yVz3Ky4G_6g8CJ2ri0Yk8QqGI", "created_at": "2025-05-10T06:55:38.474Z", "expires_at": "2025-05-17T06:55:38Z"}}, {"model": "token_blacklist.outstandingtoken", "pk": 402, "fields": {"user": 2, "jti": "4f740677fa314953923f56cb529ea001", "token": "eyJhbGciOiJIUzI1NiIsInR5cCI6IkpXVCJ9.eyJ0b2tlbl90eXBlIjoicmVmcmVzaCIsImV4cCI6MTc0NzQ2NDkzOCwiaWF0IjoxNzQ2ODYwMTM4LCJqdGkiOiI0Zjc0MDY3N2ZhMzE0OTUzOTIzZjU2Y2I1MjllYTAwMSIsInVzZXJfaWQiOjJ9.itjDLJBRSYjIE57aBcV4eIIm5BHXl1n6CR7sy4Y9M9Y", "created_at": "2025-05-10T06:55:38.556Z", "expires_at": "2025-05-17T06:55:38Z"}}, {"model": "token_blacklist.outstandingtoken", "pk": 403, "fields": {"user": 2, "jti": "e4182c8e96ef4ea1b633c7777fd024cc", "token": "eyJhbGciOiJIUzI1NiIsInR5cCI6IkpXVCJ9.eyJ0b2tlbl90eXBlIjoicmVmcmVzaCIsImV4cCI6MTc0NzQ2NTI2OCwiaWF0IjoxNzQ2ODYwNDY4LCJqdGkiOiJlNDE4MmM4ZTk2ZWY0ZWExYjYzM2M3Nzc3ZmQwMjRjYyIsInVzZXJfaWQiOjJ9.8nIRZ3Azen4ZoC5sivDQYoxe5phbFe23iCmTyBIqZ4w", "created_at": "2025-05-10T07:01:08.575Z", "expires_at": "2025-05-17T07:01:08Z"}}, {"model": "token_blacklist.outstandingtoken", "pk": 404, "fields": {"user": 2, "jti": "631f9179e05840b68eee5856b1c3d8cb", "token": "eyJhbGciOiJIUzI1NiIsInR5cCI6IkpXVCJ9.eyJ0b2tlbl90eXBlIjoicmVmcmVzaCIsImV4cCI6MTc0NzQ2NTI2OCwiaWF0IjoxNzQ2ODYwNDY4LCJqdGkiOiI2MzFmOTE3OWUwNTg0MGI2OGVlZTU4NTZiMWMzZDhjYiIsInVzZXJfaWQiOjJ9.8ftiuyS1_CU4tzu7BpeDqpvFhXRaUtIUY-ad3pds9d0", "created_at": "2025-05-10T07:01:08.576Z", "expires_at": "2025-05-17T07:01:08Z"}}, {"model": "token_blacklist.outstandingtoken", "pk": 405, "fields": {"user": 2, "jti": "0924656b69ed4f7eb12216831ac761b2", "token": "eyJhbGciOiJIUzI1NiIsInR5cCI6IkpXVCJ9.eyJ0b2tlbl90eXBlIjoicmVmcmVzaCIsImV4cCI6MTc0NzQ2NTI2OCwiaWF0IjoxNzQ2ODYwNDY4LCJqdGkiOiIwOTI0NjU2YjY5ZWQ0ZjdlYjEyMjE2ODMxYWM3NjFiMiIsInVzZXJfaWQiOjJ9.pePv8X3IYi0XcY1IVBQ16hXPRzwzAqqN1YtgDtgEIYU", "created_at": "2025-05-10T07:01:08.637Z", "expires_at": "2025-05-17T07:01:08Z"}}, {"model": "token_blacklist.outstandingtoken", "pk": 406, "fields": {"user": 2, "jti": "201e3f4352a94b4bbf8ce58596ed3cf0", "token": "eyJhbGciOiJIUzI1NiIsInR5cCI6IkpXVCJ9.eyJ0b2tlbl90eXBlIjoicmVmcmVzaCIsImV4cCI6MTc0NzQ2NzUxMSwiaWF0IjoxNzQ2ODYyNzExLCJqdGkiOiIyMDFlM2Y0MzUyYTk0YjRiYmY4Y2U1ODU5NmVkM2NmMCIsInVzZXJfaWQiOjJ9.iqawtmuAP_0l_l7oqleCz50Rx-C5MdZpGwWGdqw7ZQE", "created_at": "2025-05-10T07:38:31.542Z", "expires_at": "2025-05-17T07:38:31Z"}}, {"model": "token_blacklist.outstandingtoken", "pk": 407, "fields": {"user": 2, "jti": "21d671b14a314b5db9280f341600f3f1", "token": "eyJhbGciOiJIUzI1NiIsInR5cCI6IkpXVCJ9.eyJ0b2tlbl90eXBlIjoicmVmcmVzaCIsImV4cCI6MTc0NzQ2NzUxMSwiaWF0IjoxNzQ2ODYyNzExLCJqdGkiOiIyMWQ2NzFiMTRhMzE0YjVkYjkyODBmMzQxNjAwZjNmMSIsInVzZXJfaWQiOjJ9.7yr91w8dwH7fYn14OTo91g2ay_TscYXopLAa3bPGcXc", "created_at": "2025-05-10T07:38:31.542Z", "expires_at": "2025-05-17T07:38:31Z"}}, {"model": "token_blacklist.outstandingtoken", "pk": 408, "fields": {"user": 2, "jti": "294837f5e64547388d5cddba6ce3e748", "token": "eyJhbGciOiJIUzI1NiIsInR5cCI6IkpXVCJ9.eyJ0b2tlbl90eXBlIjoicmVmcmVzaCIsImV4cCI6MTc0NzQ2NzUxMSwiaWF0IjoxNzQ2ODYyNzExLCJqdGkiOiIyOTQ4MzdmNWU2NDU0NzM4OGQ1Y2RkYmE2Y2UzZTc0OCIsInVzZXJfaWQiOjJ9.ITG2l_JBuFvzM18QCF4WUrAcPRU0hALL2WQq1Ror2dE", "created_at": "2025-05-10T07:38:31.586Z", "expires_at": "2025-05-17T07:38:31Z"}}, {"model": "token_blacklist.outstandingtoken", "pk": 409, "fields": {"user": 2, "jti": "35611ffec3ec420b964eea5a31d78e05", "token": "eyJhbGciOiJIUzI1NiIsInR5cCI6IkpXVCJ9.eyJ0b2tlbl90eXBlIjoicmVmcmVzaCIsImV4cCI6MTc0NzQ2NzUxMSwiaWF0IjoxNzQ2ODYyNzExLCJqdGkiOiIzNTYxMWZmZWMzZWM0MjBiOTY0ZWVhNWEzMWQ3OGUwNSIsInVzZXJfaWQiOjJ9.CkCn536dQplHL8bhpoRSQw472TYJmfa9Bu-mPS7JhpE", "created_at": "2025-05-10T07:38:31.586Z", "expires_at": "2025-05-17T07:38:31Z"}}, {"model": "token_blacklist.outstandingtoken", "pk": 410, "fields": {"user": 2, "jti": "a912127be4f44e50ae35001d58fa3800", "token": "eyJhbGciOiJIUzI1NiIsInR5cCI6IkpXVCJ9.eyJ0b2tlbl90eXBlIjoicmVmcmVzaCIsImV4cCI6MTc0NzQ2NzgxNSwiaWF0IjoxNzQ2ODYzMDE1LCJqdGkiOiJhOTEyMTI3YmU0ZjQ0ZTUwYWUzNTAwMWQ1OGZhMzgwMCIsInVzZXJfaWQiOjJ9.9_M0gtRkPbirbcAhYXsuZdIFYRrsVKyJgOQ1ajocYNw", "created_at": "2025-05-10T07:43:35.668Z", "expires_at": "2025-05-17T07:43:35Z"}}, {"model": "token_blacklist.outstandingtoken", "pk": 411, "fields": {"user": 2, "jti": "4c3b73f9c6f641c198fdcd2329c3296a", "token": "eyJhbGciOiJIUzI1NiIsInR5cCI6IkpXVCJ9.eyJ0b2tlbl90eXBlIjoicmVmcmVzaCIsImV4cCI6MTc0NzQ2NzgxNSwiaWF0IjoxNzQ2ODYzMDE1LCJqdGkiOiI0YzNiNzNmOWM2ZjY0MWMxOThmZGNkMjMyOWMzMjk2YSIsInVzZXJfaWQiOjJ9.nSk5xnC14I7YnAyMK9ZEJjkUM_a-ezJdgULf38rAhag", "created_at": "2025-05-10T07:43:35.669Z", "expires_at": "2025-05-17T07:43:35Z"}}, {"model": "token_blacklist.outstandingtoken", "pk": 412, "fields": {"user": 2, "jti": "8dd59e11dbc54107b6133594cfe72220", "token": "eyJhbGciOiJIUzI1NiIsInR5cCI6IkpXVCJ9.eyJ0b2tlbl90eXBlIjoicmVmcmVzaCIsImV4cCI6MTc0NzQ2NzgxNSwiaWF0IjoxNzQ2ODYzMDE1LCJqdGkiOiI4ZGQ1OWUxMWRiYzU0MTA3YjYxMzM1OTRjZmU3MjIyMCIsInVzZXJfaWQiOjJ9.yioU1xKRN_bOgF4vUrck9WsPv9doXQXukCXqqIka2yU", "created_at": "2025-05-10T07:43:35.716Z", "expires_at": "2025-05-17T07:43:35Z"}}, {"model": "token_blacklist.outstandingtoken", "pk": 413, "fields": {"user": 2, "jti": "33550bca82344ee0ba586fa185964394", "token": "eyJhbGciOiJIUzI1NiIsInR5cCI6IkpXVCJ9.eyJ0b2tlbl90eXBlIjoicmVmcmVzaCIsImV4cCI6MTc0NzQ2NzgxNSwiaWF0IjoxNzQ2ODYzMDE1LCJqdGkiOiIzMzU1MGJjYTgyMzQ0ZWUwYmE1ODZmYTE4NTk2NDM5NCIsInVzZXJfaWQiOjJ9.2vTF-txvCLr8WIz3jPzKDiCrymL0EhEut9VMnHtk4xU", "created_at": "2025-05-10T07:43:35.717Z", "expires_at": "2025-05-17T07:43:35Z"}}, {"model": "token_blacklist.outstandingtoken", "pk": 414, "fields": {"user": 2, "jti": "19b8c70a9a464052837e3bfe175b7dba", "token": "eyJhbGciOiJIUzI1NiIsInR5cCI6IkpXVCJ9.eyJ0b2tlbl90eXBlIjoicmVmcmVzaCIsImV4cCI6MTc0NzQ3NzM4NiwiaWF0IjoxNzQ2ODcyNTg2LCJqdGkiOiIxOWI4YzcwYTlhNDY0MDUyODM3ZTNiZmUxNzViN2RiYSIsInVzZXJfaWQiOjJ9.3x15GS4wncU9N-5PuPSw0Yzp4Sgu3DN6vYjS7vELOl4", "created_at": "2025-05-10T10:23:06.041Z", "expires_at": "2025-05-17T10:23:06Z"}}, {"model": "token_blacklist.outstandingtoken", "pk": 415, "fields": {"user": 2, "jti": "7b89b62ea9314f35b8092599c80a2f3e", "token": "eyJhbGciOiJIUzI1NiIsInR5cCI6IkpXVCJ9.eyJ0b2tlbl90eXBlIjoicmVmcmVzaCIsImV4cCI6MTc0NzQ3NzM4NiwiaWF0IjoxNzQ2ODcyNTg2LCJqdGkiOiI3Yjg5YjYyZWE5MzE0ZjM1YjgwOTI1OTljODBhMmYzZSIsInVzZXJfaWQiOjJ9.T2sqYCx-7_ebMzrfb_wFaMhf1aiqMtOZ5TxAgGOh--o", "created_at": "2025-05-10T10:23:06.048Z", "expires_at": "2025-05-17T10:23:06Z"}}, {"model": "token_blacklist.outstandingtoken", "pk": 416, "fields": {"user": 2, "jti": "8af328d0c65e4f41b30a65b17036871a", "token": "eyJhbGciOiJIUzI1NiIsInR5cCI6IkpXVCJ9.eyJ0b2tlbl90eXBlIjoicmVmcmVzaCIsImV4cCI6MTc0NzQ3NzM4NiwiaWF0IjoxNzQ2ODcyNTg2LCJqdGkiOiI4YWYzMjhkMGM2NWU0ZjQxYjMwYTY1YjE3MDM2ODcxYSIsInVzZXJfaWQiOjJ9.bZM3iJv18btxajpwj-RKx3Lx0fnSyz6S3FhYp6FqlUo", "created_at": "2025-05-10T10:23:06.046Z", "expires_at": "2025-05-17T10:23:06Z"}}, {"model": "token_blacklist.outstandingtoken", "pk": 417, "fields": {"user": 2, "jti": "3e6553e0f2eb4741b66cd68b44a47fc3", "token": "eyJhbGciOiJIUzI1NiIsInR5cCI6IkpXVCJ9.eyJ0b2tlbl90eXBlIjoicmVmcmVzaCIsImV4cCI6MTc0NzQ3NzM4NiwiaWF0IjoxNzQ2ODcyNTg2LCJqdGkiOiIzZTY1NTNlMGYyZWI0NzQxYjY2Y2Q2OGI0NGE0N2ZjMyIsInVzZXJfaWQiOjJ9.kqw-oFH2m4BW-XhgzzzPGUKBeeYHWflhHLvMa_mueIM", "created_at": "2025-05-10T10:23:06.057Z", "expires_at": "2025-05-17T10:23:06Z"}}, {"model": "token_blacklist.outstandingtoken", "pk": 418, "fields": {"user": 2, "jti": "ed6f2d138747455fa9c3001e8f6e64bf", "token": "eyJhbGciOiJIUzI1NiIsInR5cCI6IkpXVCJ9.eyJ0b2tlbl90eXBlIjoicmVmcmVzaCIsImV4cCI6MTc0NzQ3Nzk5MywiaWF0IjoxNzQ2ODczMTkzLCJqdGkiOiJlZDZmMmQxMzg3NDc0NTVmYTljMzAwMWU4ZjZlNjRiZiIsInVzZXJfaWQiOjJ9.Uu0ayEeOQUqlb2CL5fHV-DBi_ociFsfqD_r7EwQqzKQ", "created_at": "2025-05-10T10:33:13.612Z", "expires_at": "2025-05-17T10:33:13Z"}}, {"model": "token_blacklist.outstandingtoken", "pk": 419, "fields": {"user": 2, "jti": "6cbe55316f754db0a9f32658f5ebb0b8", "token": "eyJhbGciOiJIUzI1NiIsInR5cCI6IkpXVCJ9.eyJ0b2tlbl90eXBlIjoicmVmcmVzaCIsImV4cCI6MTc0NzQ3Nzk5MywiaWF0IjoxNzQ2ODczMTkzLCJqdGkiOiI2Y2JlNTUzMTZmNzU0ZGIwYTlmMzI2NThmNWViYjBiOCIsInVzZXJfaWQiOjJ9.LARwwrPxW8-XD-yYJtEPHm-ckjNDDR2tllcw7dYV4zU", "created_at": "2025-05-10T10:33:13.613Z", "expires_at": "2025-05-17T10:33:13Z"}}, {"model": "token_blacklist.outstandingtoken", "pk": 420, "fields": {"user": 2, "jti": "7352c3092f7c48c38db3acbe5d07ff6d", "token": "eyJhbGciOiJIUzI1NiIsInR5cCI6IkpXVCJ9.eyJ0b2tlbl90eXBlIjoicmVmcmVzaCIsImV4cCI6MTc0NzQ3Nzk5MywiaWF0IjoxNzQ2ODczMTkzLCJqdGkiOiI3MzUyYzMwOTJmN2M0OGMzOGRiM2FjYmU1ZDA3ZmY2ZCIsInVzZXJfaWQiOjJ9.HTK566f6hVxRBQTJt2D6jEZtTOWvG1u3bjKyJFX17eM", "created_at": "2025-05-10T10:33:13.616Z", "expires_at": "2025-05-17T10:33:13Z"}}, {"model": "token_blacklist.outstandingtoken", "pk": 421, "fields": {"user": 2, "jti": "56fcb29cca9f4ff19dc610b20e339d78", "token": "eyJhbGciOiJIUzI1NiIsInR5cCI6IkpXVCJ9.eyJ0b2tlbl90eXBlIjoicmVmcmVzaCIsImV4cCI6MTc0NzQ3Nzk5MywiaWF0IjoxNzQ2ODczMTkzLCJqdGkiOiI1NmZjYjI5Y2NhOWY0ZmYxOWRjNjEwYjIwZTMzOWQ3OCIsInVzZXJfaWQiOjJ9.HhJQcUX4oGK_t9Q-DPrTnNNee0NBM8OzVfRvpJetKO8", "created_at": "2025-05-10T10:33:13.620Z", "expires_at": "2025-05-17T10:33:13Z"}}, {"model": "token_blacklist.outstandingtoken", "pk": 422, "fields": {"user": 2, "jti": "f569cff851984b08b7b9d8f2bcea305f", "token": "eyJhbGciOiJIUzI1NiIsInR5cCI6IkpXVCJ9.eyJ0b2tlbl90eXBlIjoicmVmcmVzaCIsImV4cCI6MTc0NzQ3Nzk5MywiaWF0IjoxNzQ2ODczMTkzLCJqdGkiOiJmNTY5Y2ZmODUxOTg0YjA4YjdiOWQ4ZjJiY2VhMzA1ZiIsInVzZXJfaWQiOjJ9.-YXCll_cOfbjJc9J7jG0nF5HSdpwM-TZTunsW2qMvug", "created_at": "2025-05-10T10:33:13.709Z", "expires_at": "2025-05-17T10:33:13Z"}}, {"model": "token_blacklist.outstandingtoken", "pk": 423, "fields": {"user": 2, "jti": "cf172b8512a542c59442ec1d8311fd2d", "token": "eyJhbGciOiJIUzI1NiIsInR5cCI6IkpXVCJ9.eyJ0b2tlbl90eXBlIjoicmVmcmVzaCIsImV4cCI6MTc0NzQ3ODMyNSwiaWF0IjoxNzQ2ODczNTI1LCJqdGkiOiJjZjE3MmI4NTEyYTU0MmM1OTQ0MmVjMWQ4MzExZmQyZCIsInVzZXJfaWQiOjJ9.1ZDwEQcQ4j1f8Cqod0RjbG7q5U1mUhphx1plD-m2NyI", "created_at": "2025-05-10T10:38:45.709Z", "expires_at": "2025-05-17T10:38:45Z"}}, {"model": "token_blacklist.outstandingtoken", "pk": 424, "fields": {"user": 2, "jti": "322d549343b8464aacf9ad901641d73e", "token": "eyJhbGciOiJIUzI1NiIsInR5cCI6IkpXVCJ9.eyJ0b2tlbl90eXBlIjoicmVmcmVzaCIsImV4cCI6MTc0NzQ3ODMyNSwiaWF0IjoxNzQ2ODczNTI1LCJqdGkiOiIzMjJkNTQ5MzQzYjg0NjRhYWNmOWFkOTAxNjQxZDczZSIsInVzZXJfaWQiOjJ9.dfcKv6dyIHk1njQ4l00lQNHZpW2EzVEmpjxDcNEtxR8", "created_at": "2025-05-10T10:38:45.712Z", "expires_at": "2025-05-17T10:38:45Z"}}, {"model": "token_blacklist.outstandingtoken", "pk": 425, "fields": {"user": 2, "jti": "efa861ef9574423f87d14bdb733f5daa", "token": "eyJhbGciOiJIUzI1NiIsInR5cCI6IkpXVCJ9.eyJ0b2tlbl90eXBlIjoicmVmcmVzaCIsImV4cCI6MTc0NzQ3ODMyNSwiaWF0IjoxNzQ2ODczNTI1LCJqdGkiOiJlZmE4NjFlZjk1NzQ0MjNmODdkMTRiZGI3MzNmNWRhYSIsInVzZXJfaWQiOjJ9.EfjOB1xsMkTuYL63IqumBYuoHDmbxKdQwMrtKEsOZ7E", "created_at": "2025-05-10T10:38:45.722Z", "expires_at": "2025-05-17T10:38:45Z"}}, {"model": "token_blacklist.outstandingtoken", "pk": 426, "fields": {"user": 2, "jti": "4ff93a20d43442a89fc90a79129aa3e2", "token": "eyJhbGciOiJIUzI1NiIsInR5cCI6IkpXVCJ9.eyJ0b2tlbl90eXBlIjoicmVmcmVzaCIsImV4cCI6MTc0NzQ3ODMyNSwiaWF0IjoxNzQ2ODczNTI1LCJqdGkiOiI0ZmY5M2EyMGQ0MzQ0MmE4OWZjOTBhNzkxMjlhYTNlMiIsInVzZXJfaWQiOjJ9.aRzyNhdzPc933BDl68DqG4qP0cNeQH-wqYX00itVjZM", "created_at": "2025-05-10T10:38:45.723Z", "expires_at": "2025-05-17T10:38:45Z"}}, {"model": "token_blacklist.outstandingtoken", "pk": 427, "fields": {"user": 2, "jti": "774696f5fb7d4a7f8dd27990cb71b42b", "token": "eyJhbGciOiJIUzI1NiIsInR5cCI6IkpXVCJ9.eyJ0b2tlbl90eXBlIjoicmVmcmVzaCIsImV4cCI6MTc0NzQ3ODMyNSwiaWF0IjoxNzQ2ODczNTI1LCJqdGkiOiI3NzQ2OTZmNWZiN2Q0YTdmOGRkMjc5OTBjYjcxYjQyYiIsInVzZXJfaWQiOjJ9.e0IBr6F7o5N5ZG-7Uo3WOy2Zgbs5WBMj2UDtcpaYD_g", "created_at": "2025-05-10T10:38:45.781Z", "expires_at": "2025-05-17T10:38:45Z"}}, {"model": "token_blacklist.outstandingtoken", "pk": 428, "fields": {"user": 2, "jti": "a26bb7f83d504bf49a5347ce484dacf3", "token": "eyJhbGciOiJIUzI1NiIsInR5cCI6IkpXVCJ9.eyJ0b2tlbl90eXBlIjoicmVmcmVzaCIsImV4cCI6MTc0NzQ3ODMyNSwiaWF0IjoxNzQ2ODczNTI1LCJqdGkiOiJhMjZiYjdmODNkNTA0YmY0OWE1MzQ3Y2U0ODRkYWNmMyIsInVzZXJfaWQiOjJ9.2n_C2VbKJb9s-XdyH7v0TmPkAv8WhU2ee1hApfBxBX8", "created_at": "2025-05-10T10:38:45.827Z", "expires_at": "2025-05-17T10:38:45Z"}}, {"model": "token_blacklist.outstandingtoken", "pk": 429, "fields": {"user": 2, "jti": "0b16d3f7d02542fa98fa6031b5668933", "token": "eyJhbGciOiJIUzI1NiIsInR5cCI6IkpXVCJ9.eyJ0b2tlbl90eXBlIjoicmVmcmVzaCIsImV4cCI6MTc0NzQ3ODc3NywiaWF0IjoxNzQ2ODczOTc3LCJqdGkiOiIwYjE2ZDNmN2QwMjU0MmZhOThmYTYwMzFiNTY2ODkzMyIsInVzZXJfaWQiOjJ9.W84xikVoWt4gTWHYxWYpjIQHK-c7sUJ3U7M3l8Q9d-8", "created_at": "2025-05-10T10:46:17.863Z", "expires_at": "2025-05-17T10:46:17Z"}}, {"model": "token_blacklist.outstandingtoken", "pk": 430, "fields": {"user": 2, "jti": "b170c26802204370ad302444528244d2", "token": "eyJhbGciOiJIUzI1NiIsInR5cCI6IkpXVCJ9.eyJ0b2tlbl90eXBlIjoicmVmcmVzaCIsImV4cCI6MTc0NzQ3ODc3NywiaWF0IjoxNzQ2ODczOTc3LCJqdGkiOiJiMTcwYzI2ODAyMjA0MzcwYWQzMDI0NDQ1MjgyNDRkMiIsInVzZXJfaWQiOjJ9.TxUxQ88XFqDQrSqP89XP93j1bjEZlDCj67tpAIhoITg", "created_at": "2025-05-10T10:46:17.865Z", "expires_at": "2025-05-17T10:46:17Z"}}, {"model": "token_blacklist.outstandingtoken", "pk": 431, "fields": {"user": 2, "jti": "56a57a5aab5a478b886a5c71adbdbd91", "token": "eyJhbGciOiJIUzI1NiIsInR5cCI6IkpXVCJ9.eyJ0b2tlbl90eXBlIjoicmVmcmVzaCIsImV4cCI6MTc0NzQ3ODc3NywiaWF0IjoxNzQ2ODczOTc3LCJqdGkiOiI1NmE1N2E1YWFiNWE0NzhiODg2YTVjNzFhZGJkYmQ5MSIsInVzZXJfaWQiOjJ9.uDKZLxTBbl4zyidbCbL1QC0JAo8L6e2YXxx1gjzwn0A", "created_at": "2025-05-10T10:46:17.938Z", "expires_at": "2025-05-17T10:46:17Z"}}, {"model": "token_blacklist.outstandingtoken", "pk": 432, "fields": {"user": 2, "jti": "5fbbc8cfed4243beb2d4636993217a30", "token": "eyJhbGciOiJIUzI1NiIsInR5cCI6IkpXVCJ9.eyJ0b2tlbl90eXBlIjoicmVmcmVzaCIsImV4cCI6MTc0NzQ3ODc3NywiaWF0IjoxNzQ2ODczOTc3LCJqdGkiOiI1ZmJiYzhjZmVkNDI0M2JlYjJkNDYzNjk5MzIxN2EzMCIsInVzZXJfaWQiOjJ9.fDXrkFWyKFSRpLkevdB-sfaJdRcsXJW7OZSYIfDGnA8", "created_at": "2025-05-10T10:46:17.939Z", "expires_at": "2025-05-17T10:46:17Z"}}, {"model": "token_blacklist.outstandingtoken", "pk": 433, "fields": {"user": 2, "jti": "53eedb43062f4faca3f227d497294fe5", "token": "eyJhbGciOiJIUzI1NiIsInR5cCI6IkpXVCJ9.eyJ0b2tlbl90eXBlIjoicmVmcmVzaCIsImV4cCI6MTc0NzQ3ODgwNSwiaWF0IjoxNzQ2ODc0MDA1LCJqdGkiOiI1M2VlZGI0MzA2MmY0ZmFjYTNmMjI3ZDQ5NzI5NGZlNSIsInVzZXJfaWQiOjJ9.7RNcM2htqlalRT8YBPw3zAmzusOxbgwOAbs8hnPb-sc", "created_at": "2025-05-10T10:46:45.571Z", "expires_at": "2025-05-17T10:46:45Z"}}, {"model": "token_blacklist.outstandingtoken", "pk": 434, "fields": {"user": 2, "jti": "615237ca66a24f5bbc101a129ab216ee", "token": "eyJhbGciOiJIUzI1NiIsInR5cCI6IkpXVCJ9.eyJ0b2tlbl90eXBlIjoicmVmcmVzaCIsImV4cCI6MTc0NzQ3ODgwNSwiaWF0IjoxNzQ2ODc0MDA1LCJqdGkiOiI2MTUyMzdjYTY2YTI0ZjViYmMxMDFhMTI5YWIyMTZlZSIsInVzZXJfaWQiOjJ9.5k5HWyEO8wKAnqf0Gbc_wzOo5DrQ1oTPwZqMl104qZ8", "created_at": "2025-05-10T10:46:45.577Z", "expires_at": "2025-05-17T10:46:45Z"}}, {"model": "token_blacklist.outstandingtoken", "pk": 435, "fields": {"user": 2, "jti": "529f0b1f94a04cf4986f1f9d7737ce4f", "token": "eyJhbGciOiJIUzI1NiIsInR5cCI6IkpXVCJ9.eyJ0b2tlbl90eXBlIjoicmVmcmVzaCIsImV4cCI6MTc0NzQ3ODgwNSwiaWF0IjoxNzQ2ODc0MDA1LCJqdGkiOiI1MjlmMGIxZjk0YTA0Y2Y0OTg2ZjFmOWQ3NzM3Y2U0ZiIsInVzZXJfaWQiOjJ9.yvjGEpwKInv1gnrPmOQHJDj9WfXzlDZmi3AczHX1v-M", "created_at": "2025-05-10T10:46:45.579Z", "expires_at": "2025-05-17T10:46:45Z"}}, {"model": "token_blacklist.outstandingtoken", "pk": 436, "fields": {"user": 2, "jti": "f0dc62ac935f4e73a435e8b275c94c3b", "token": "eyJhbGciOiJIUzI1NiIsInR5cCI6IkpXVCJ9.eyJ0b2tlbl90eXBlIjoicmVmcmVzaCIsImV4cCI6MTc0NzQ3ODgwNSwiaWF0IjoxNzQ2ODc0MDA1LCJqdGkiOiJmMGRjNjJhYzkzNWY0ZTczYTQzNWU4YjI3NWM5NGMzYiIsInVzZXJfaWQiOjJ9.Q0tMF3urqb5cqgqGpAiGXk0PqzHbqTNkKjqbnIe5vKM", "created_at": "2025-05-10T10:46:45.664Z", "expires_at": "2025-05-17T10:46:45Z"}}, {"model": "token_blacklist.outstandingtoken", "pk": 437, "fields": {"user": 2, "jti": "aee3c8946d3c45cc97f1136d2c5abf12", "token": "eyJhbGciOiJIUzI1NiIsInR5cCI6IkpXVCJ9.eyJ0b2tlbl90eXBlIjoicmVmcmVzaCIsImV4cCI6MTc0NzQ3ODgwNSwiaWF0IjoxNzQ2ODc0MDA1LCJqdGkiOiJhZWUzYzg5NDZkM2M0NWNjOTdmMTEzNmQyYzVhYmYxMiIsInVzZXJfaWQiOjJ9.v2D7g7kHEhGXpwxVdm3F1N686WzKw49RP2MC2SVhzXo", "created_at": "2025-05-10T10:46:45.666Z", "expires_at": "2025-05-17T10:46:45Z"}}, {"model": "token_blacklist.outstandingtoken", "pk": 438, "fields": {"user": 2, "jti": "449907661f2a4876bce5ba7e5b610e41", "token": "eyJhbGciOiJIUzI1NiIsInR5cCI6IkpXVCJ9.eyJ0b2tlbl90eXBlIjoicmVmcmVzaCIsImV4cCI6MTc0NzQ4NDMwMSwiaWF0IjoxNzQ2ODc5NTAxLCJqdGkiOiI0NDk5MDc2NjFmMmE0ODc2YmNlNWJhN2U1YjYxMGU0MSIsInVzZXJfaWQiOjJ9.hjmiIdq1t607SMVAq_Edc44chXOmS9cn6O4s7rJ_Zm8", "created_at": "2025-05-10T12:18:21.152Z", "expires_at": "2025-05-17T12:18:21Z"}}, {"model": "token_blacklist.outstandingtoken", "pk": 439, "fields": {"user": 2, "jti": "2736325b93724625b33c9a70c6c683b2", "token": "eyJhbGciOiJIUzI1NiIsInR5cCI6IkpXVCJ9.eyJ0b2tlbl90eXBlIjoicmVmcmVzaCIsImV4cCI6MTc0NzQ4NDMwMSwiaWF0IjoxNzQ2ODc5NTAxLCJqdGkiOiIyNzM2MzI1YjkzNzI0NjI1YjMzYzlhNzBjNmM2ODNiMiIsInVzZXJfaWQiOjJ9.pluj5yoLpBZxPOgKpm9X12OQ7Lq22IGQ6ntv5eFO4Lk", "created_at": "2025-05-10T12:18:21.172Z", "expires_at": "2025-05-17T12:18:21Z"}}, {"model": "token_blacklist.outstandingtoken", "pk": 440, "fields": {"user": 2, "jti": "e1007b8db50c414d8906dfc8a10633e3", "token": "eyJhbGciOiJIUzI1NiIsInR5cCI6IkpXVCJ9.eyJ0b2tlbl90eXBlIjoicmVmcmVzaCIsImV4cCI6MTc0NzQ4NDMwMSwiaWF0IjoxNzQ2ODc5NTAxLCJqdGkiOiJlMTAwN2I4ZGI1MGM0MTRkODkwNmRmYzhhMTA2MzNlMyIsInVzZXJfaWQiOjJ9.U0EP_nD7Uw_GxL10cArVXelCA3-ogZEfR6E7TNn6Big", "created_at": "2025-05-10T12:18:21.174Z", "expires_at": "2025-05-17T12:18:21Z"}}, {"model": "token_blacklist.outstandingtoken", "pk": 441, "fields": {"user": 2, "jti": "f4869c9bb0eb4c40894b3523d6b27e3d", "token": "eyJhbGciOiJIUzI1NiIsInR5cCI6IkpXVCJ9.eyJ0b2tlbl90eXBlIjoicmVmcmVzaCIsImV4cCI6MTc0NzQ4NDMwMSwiaWF0IjoxNzQ2ODc5NTAxLCJqdGkiOiJmNDg2OWM5YmIwZWI0YzQwODk0YjM1MjNkNmIyN2UzZCIsInVzZXJfaWQiOjJ9.repprfwYb0v0_nOoij0-BD3ayHIcL3xjG8heCT6T-hk", "created_at": "2025-05-10T12:18:21.172Z", "expires_at": "2025-05-17T12:18:21Z"}}, {"model": "token_blacklist.outstandingtoken", "pk": 442, "fields": {"user": 2, "jti": "960396b84fe74ef09c1ec17bf1ee75aa", "token": "eyJhbGciOiJIUzI1NiIsInR5cCI6IkpXVCJ9.eyJ0b2tlbl90eXBlIjoicmVmcmVzaCIsImV4cCI6MTc0NzUwMTA2NCwiaWF0IjoxNzQ2ODk2MjY0LCJqdGkiOiI5NjAzOTZiODRmZTc0ZWYwOWMxZWMxN2JmMWVlNzVhYSIsInVzZXJfaWQiOjJ9.izzUdhG3h8fa8dbKIZ_mtVXDvfn0fEGwIYEVNlbqd9o", "created_at": "2025-05-10T16:57:44.740Z", "expires_at": "2025-05-17T16:57:44Z"}}, {"model": "token_blacklist.outstandingtoken", "pk": 443, "fields": {"user": 2, "jti": "d3fa5c183dad46a2a50c3c71e3066b2f", "token": "eyJhbGciOiJIUzI1NiIsInR5cCI6IkpXVCJ9.eyJ0b2tlbl90eXBlIjoicmVmcmVzaCIsImV4cCI6MTc0NzUwMTA2NCwiaWF0IjoxNzQ2ODk2MjY0LCJqdGkiOiJkM2ZhNWMxODNkYWQ0NmEyYTUwYzNjNzFlMzA2NmIyZiIsInVzZXJfaWQiOjJ9.sKrP8w7s93oJ-5rtZD8hxmbqub9Q50Xa2FEKo1K-OQk", "created_at": "2025-05-10T16:57:44.755Z", "expires_at": "2025-05-17T16:57:44Z"}}, {"model": "token_blacklist.outstandingtoken", "pk": 444, "fields": {"user": 2, "jti": "3f1b9c7f8cde4ef5a9f8b45b78b751e8", "token": "eyJhbGciOiJIUzI1NiIsInR5cCI6IkpXVCJ9.eyJ0b2tlbl90eXBlIjoicmVmcmVzaCIsImV4cCI6MTc0NzUwMTA2NCwiaWF0IjoxNzQ2ODk2MjY0LCJqdGkiOiIzZjFiOWM3ZjhjZGU0ZWY1YTlmOGI0NWI3OGI3NTFlOCIsInVzZXJfaWQiOjJ9.LmEkBv-beEnAIOe3YrsMy2YCoyflyxyb_aUQUZkB-kU", "created_at": "2025-05-10T16:57:44.758Z", "expires_at": "2025-05-17T16:57:44Z"}}, {"model": "token_blacklist.outstandingtoken", "pk": 445, "fields": {"user": 2, "jti": "5fc60db70ba742aa81a5d6fc2cb0d5d1", "token": "eyJhbGciOiJIUzI1NiIsInR5cCI6IkpXVCJ9.eyJ0b2tlbl90eXBlIjoicmVmcmVzaCIsImV4cCI6MTc0NzUwMTA2NCwiaWF0IjoxNzQ2ODk2MjY0LCJqdGkiOiI1ZmM2MGRiNzBiYTc0MmFhODFhNWQ2ZmMyY2IwZDVkMSIsInVzZXJfaWQiOjJ9.pRTfHgsQ1CTtSbTFgFlvanPzaaKVJFX6rK2GgU3mhZY", "created_at": "2025-05-10T16:57:44.811Z", "expires_at": "2025-05-17T16:57:44Z"}}, {"model": "token_blacklist.outstandingtoken", "pk": 446, "fields": {"user": 2, "jti": "b986af7fd4cc441caad164581109d41b", "token": "eyJhbGciOiJIUzI1NiIsInR5cCI6IkpXVCJ9.eyJ0b2tlbl90eXBlIjoicmVmcmVzaCIsImV4cCI6MTc0NzUwMTU2MSwiaWF0IjoxNzQ2ODk2NzYxLCJqdGkiOiJiOTg2YWY3ZmQ0Y2M0NDFjYWFkMTY0NTgxMTA5ZDQxYiIsInVzZXJfaWQiOjJ9.TM4AWvt0q5CBuPafzQ56j01s1Svcnu_J495xz0A6NdI", "created_at": "2025-05-10T17:06:01.833Z", "expires_at": "2025-05-17T17:06:01Z"}}, {"model": "token_blacklist.outstandingtoken", "pk": 447, "fields": {"user": 2, "jti": "a7ac56a6cc644cababce7857262b7a2f", "token": "eyJhbGciOiJIUzI1NiIsInR5cCI6IkpXVCJ9.eyJ0b2tlbl90eXBlIjoicmVmcmVzaCIsImV4cCI6MTc0NzUwMTU2MSwiaWF0IjoxNzQ2ODk2NzYxLCJqdGkiOiJhN2FjNTZhNmNjNjQ0Y2FiYWJjZTc4NTcyNjJiN2EyZiIsInVzZXJfaWQiOjJ9.mc-vyfdlwnjDLSPo6DOUBMTQewFoESSutKx9yYTdkMY", "created_at": "2025-05-10T17:06:01.835Z", "expires_at": "2025-05-17T17:06:01Z"}}, {"model": "token_blacklist.outstandingtoken", "pk": 448, "fields": {"user": 2, "jti": "30d210f640354e4b98c359fc76556c2e", "token": "eyJhbGciOiJIUzI1NiIsInR5cCI6IkpXVCJ9.eyJ0b2tlbl90eXBlIjoicmVmcmVzaCIsImV4cCI6MTc0NzUwMTU2MywiaWF0IjoxNzQ2ODk2NzYzLCJqdGkiOiIzMGQyMTBmNjQwMzU0ZTRiOThjMzU5ZmM3NjU1NmMyZSIsInVzZXJfaWQiOjJ9.Ptd35SEfbJ1xYtwWmrulk5nSImEWKwocFoSyS3uzKR0", "created_at": "2025-05-10T17:06:03.949Z", "expires_at": "2025-05-17T17:06:03Z"}}, {"model": "token_blacklist.outstandingtoken", "pk": 449, "fields": {"user": 2, "jti": "bf62d1c2c7164984a63dbc8ce8a47085", "token": "eyJhbGciOiJIUzI1NiIsInR5cCI6IkpXVCJ9.eyJ0b2tlbl90eXBlIjoicmVmcmVzaCIsImV4cCI6MTc0NzUwMTU2MywiaWF0IjoxNzQ2ODk2NzYzLCJqdGkiOiJiZjYyZDFjMmM3MTY0OTg0YTYzZGJjOGNlOGE0NzA4NSIsInVzZXJfaWQiOjJ9.HbFPkkX7Px57GavUccwzWn2NeRcmXzcPxniOKsEqvak", "created_at": "2025-05-10T17:06:03.955Z", "expires_at": "2025-05-17T17:06:03Z"}}, {"model": "token_blacklist.outstandingtoken", "pk": 450, "fields": {"user": 2, "jti": "c98f390527134748a6fff102d604c0c7", "token": "eyJhbGciOiJIUzI1NiIsInR5cCI6IkpXVCJ9.eyJ0b2tlbl90eXBlIjoicmVmcmVzaCIsImV4cCI6MTc0NzUwMTU3OCwiaWF0IjoxNzQ2ODk2Nzc4LCJqdGkiOiJjOThmMzkwNTI3MTM0NzQ4YTZmZmYxMDJkNjA0YzBjNyIsInVzZXJfaWQiOjJ9.6LRUzApwWafKcGJPsFWlOADblV8o60JEp1ZG0zFws64", "created_at": "2025-05-10T17:06:18.063Z", "expires_at": "2025-05-17T17:06:18Z"}}, {"model": "token_blacklist.outstandingtoken", "pk": 451, "fields": {"user": 13, "jti": "d569160ab31f4edba1a6f27f5878c41d", "token": "eyJhbGciOiJIUzI1NiIsInR5cCI6IkpXVCJ9.eyJ0b2tlbl90eXBlIjoicmVmcmVzaCIsImV4cCI6MTc0NzU0NDIyNSwiaWF0IjoxNzQ2OTM5NDI1LCJqdGkiOiJkNTY5MTYwYWIzMWY0ZWRiYTFhNmYyN2Y1ODc4YzQxZCIsInVzZXJfaWQiOjEzfQ.epDLBA9t093Exhrm6-t5xeTaTbxWAvxsUnpyp86RJVk", "created_at": "2025-05-11T04:57:05.822Z", "expires_at": "2025-05-18T04:57:05Z"}}, {"model": "token_blacklist.outstandingtoken", "pk": 452, "fields": {"user": 11, "jti": "a4e4db91500f47cb8ad54dde40493cad", "token": "eyJhbGciOiJIUzI1NiIsInR5cCI6IkpXVCJ9.eyJ0b2tlbl90eXBlIjoicmVmcmVzaCIsImV4cCI6MTc0NzU0NDI1MCwiaWF0IjoxNzQ2OTM5NDUwLCJqdGkiOiJhNGU0ZGI5MTUwMGY0N2NiOGFkNTRkZGU0MDQ5M2NhZCIsInVzZXJfaWQiOjExfQ.uDp4XzCtqT8U4i-DTDJ-uo2XyCBaaIKwod8qBoDFQC8", "created_at": "2025-05-11T04:57:30.013Z", "expires_at": "2025-05-18T04:57:30Z"}}, {"model": "token_blacklist.outstandingtoken", "pk": 453, "fields": {"user": 11, "jti": "ee4a8381ed584dc1ad21a714c65c5961", "token": "eyJhbGciOiJIUzI1NiIsInR5cCI6IkpXVCJ9.eyJ0b2tlbl90eXBlIjoicmVmcmVzaCIsImV4cCI6MTc0NzU1MDQwNSwiaWF0IjoxNzQ2OTQ1NjA1LCJqdGkiOiJlZTRhODM4MWVkNTg0ZGMxYWQyMWE3MTRjNjVjNTk2MSIsInVzZXJfaWQiOjExfQ.w01HsakGrSJqnEVJ6zwqjJQ-GPe82wQ5ikqDXVj69es", "created_at": "2025-05-11T06:40:05.378Z", "expires_at": "2025-05-18T06:40:05Z"}}, {"model": "token_blacklist.outstandingtoken", "pk": 454, "fields": {"user": 1, "jti": "6bdb9ba2a43b4d0f934eaf4612d4b540", "token": "eyJhbGciOiJIUzI1NiIsInR5cCI6IkpXVCJ9.eyJ0b2tlbl90eXBlIjoicmVmcmVzaCIsImV4cCI6MTc0NzU1MDU1MiwiaWF0IjoxNzQ2OTQ1NzUyLCJqdGkiOiI2YmRiOWJhMmE0M2I0ZDBmOTM0ZWFmNDYxMmQ0YjU0MCIsInVzZXJfaWQiOjF9.JT4FgakHHZELiZV89Xt8p2cpLEkJ_GfEB1K9NFrYEaM", "created_at": "2025-05-11T06:42:32.177Z", "expires_at": "2025-05-18T06:42:32Z"}}, {"model": "token_blacklist.outstandingtoken", "pk": 455, "fields": {"user": 11, "jti": "9f9c406e98904a628c194686e255c100", "token": "eyJhbGciOiJIUzI1NiIsInR5cCI6IkpXVCJ9.eyJ0b2tlbl90eXBlIjoicmVmcmVzaCIsImV4cCI6MTc0NzU1MDU4MiwiaWF0IjoxNzQ2OTQ1NzgyLCJqdGkiOiI5ZjljNDA2ZTk4OTA0YTYyOGMxOTQ2ODZlMjU1YzEwMCIsInVzZXJfaWQiOjExfQ.wxuL1axUKI5zW8svQgYiTWXuKVaWKUCYml4XycooIEQ", "created_at": "2025-05-11T06:43:02.884Z", "expires_at": "2025-05-18T06:43:02Z"}}, {"model": "token_blacklist.outstandingtoken", "pk": 456, "fields": {"user": 11, "jti": "4fd431f157d0457891ef9c8ea4c8205e", "token": "eyJhbGciOiJIUzI1NiIsInR5cCI6IkpXVCJ9.eyJ0b2tlbl90eXBlIjoicmVmcmVzaCIsImV4cCI6MTc0NzU3MTMwNCwiaWF0IjoxNzQ2OTY2NTA0LCJqdGkiOiI0ZmQ0MzFmMTU3ZDA0NTc4OTFlZjljOGVhNGM4MjA1ZSIsInVzZXJfaWQiOjExfQ.wrd4o-TYZsJc3M0tGgdVhl0neSriqdqIqh4Uky7bzL0", "created_at": "2025-05-11T12:28:24.867Z", "expires_at": "2025-05-18T12:28:24Z"}}, {"model": "token_blacklist.outstandingtoken", "pk": 457, "fields": {"user": 11, "jti": "5c9ac033d5cb4b2cb5ad35099195f8e9", "token": "eyJhbGciOiJIUzI1NiIsInR5cCI6IkpXVCJ9.eyJ0b2tlbl90eXBlIjoicmVmcmVzaCIsImV4cCI6MTc0NzU5MDk0MiwiaWF0IjoxNzQ2OTg2MTQyLCJqdGkiOiI1YzlhYzAzM2Q1Y2I0YjJjYjVhZDM1MDk5MTk1ZjhlOSIsInVzZXJfaWQiOjExfQ.fZ497eQQ9jrbkiyDA6p-36fYPQ63samHThi-O8ELjMo", "created_at": "2025-05-11T17:55:42.000Z", "expires_at": "2025-05-18T17:55:42Z"}}, {"model": "token_blacklist.outstandingtoken", "pk": 458, "fields": {"user": 13, "jti": "1557ced546bc4a278ea9a4fec04bb887", "token": "eyJhbGciOiJIUzI1NiIsInR5cCI6IkpXVCJ9.eyJ0b2tlbl90eXBlIjoicmVmcmVzaCIsImV4cCI6MTc0NzU5MDk5NSwiaWF0IjoxNzQ2OTg2MTk1LCJqdGkiOiIxNTU3Y2VkNTQ2YmM0YTI3OGVhOWE0ZmVjMDRiYjg4NyIsInVzZXJfaWQiOjEzfQ.PEjEYC9DPES3taaNj_341a4LC8g8RovLA7NcsAMvBg8", "created_at": "2025-05-11T17:56:35.626Z", "expires_at": "2025-05-18T17:56:35Z"}}, {"model": "token_blacklist.outstandingtoken", "pk": 459, "fields": {"user": 13, "jti": "8dd3e4f68ea942708c2835e93c739571", "token": "eyJhbGciOiJIUzI1NiIsInR5cCI6IkpXVCJ9.eyJ0b2tlbl90eXBlIjoicmVmcmVzaCIsImV4cCI6MTc0NzU5MTA0NiwiaWF0IjoxNzQ2OTg2MjQ2LCJqdGkiOiI4ZGQzZTRmNjhlYTk0MjcwOGMyODM1ZTkzYzczOTU3MSIsInVzZXJfaWQiOjEzfQ.FL8m0TvhlMMXFNTb9zNzyC0Xa3BfB0SEFig07UPJnAM", "created_at": "2025-05-11T17:57:26.049Z", "expires_at": "2025-05-18T17:57:26Z"}}, {"model": "token_blacklist.outstandingtoken", "pk": 460, "fields": {"user": 11, "jti": "53034c3bacc5436894bf6a62dbf50488", "token": "eyJhbGciOiJIUzI1NiIsInR5cCI6IkpXVCJ9.eyJ0b2tlbl90eXBlIjoicmVmcmVzaCIsImV4cCI6MTc0NzU5MTI0MiwiaWF0IjoxNzQ2OTg2NDQyLCJqdGkiOiI1MzAzNGMzYmFjYzU0MzY4OTRiZjZhNjJkYmY1MDQ4OCIsInVzZXJfaWQiOjExfQ.8McwMIMV1s-9xOw8u858h4-APXa1bOEhqeNSYSuccx0", "created_at": "2025-05-11T18:00:42.520Z", "expires_at": "2025-05-18T18:00:42Z"}}, {"model": "token_blacklist.outstandingtoken", "pk": 461, "fields": {"user": 9, "jti": "9d98f0d3d4fc40bab8d1571595904b5c", "token": "eyJhbGciOiJIUzI1NiIsInR5cCI6IkpXVCJ9.eyJ0b2tlbl90eXBlIjoicmVmcmVzaCIsImV4cCI6MTc0NzYwNDc2NiwiaWF0IjoxNzQ2OTk5OTY2LCJqdGkiOiI5ZDk4ZjBkM2Q0ZmM0MGJhYjhkMTU3MTU5NTkwNGI1YyIsInVzZXJfaWQiOjl9.AG0cB86-YEdpRQ0hdGYD_JPN0xTKkUoR-8D32-f1djk", "created_at": "2025-05-11T21:46:06.422Z", "expires_at": "2025-05-18T21:46:06Z"}}, {"model": "token_blacklist.outstandingtoken", "pk": 462, "fields": {"user": 11, "jti": "076a165a57c54f9c8c707bb729dc3999", "token": "eyJhbGciOiJIUzI1NiIsInR5cCI6IkpXVCJ9.eyJ0b2tlbl90eXBlIjoicmVmcmVzaCIsImV4cCI6MTc0NzYwNTgxNywiaWF0IjoxNzQ3MDAxMDE3LCJqdGkiOiIwNzZhMTY1YTU3YzU0ZjljOGM3MDdiYjcyOWRjMzk5OSIsInVzZXJfaWQiOjExfQ.eRF3K2XFSanNtEW55YXsWT4UAi3X7dwPNvFfz2NP4jU", "created_at": "2025-05-11T22:03:37.818Z", "expires_at": "2025-05-18T22:03:37Z"}}, {"model": "token_blacklist.outstandingtoken", "pk": 463, "fields": {"user": 11, "jti": "5fded9dce9b54ee59efb60363dd21669", "token": "eyJhbGciOiJIUzI1NiIsInR5cCI6IkpXVCJ9.eyJ0b2tlbl90eXBlIjoicmVmcmVzaCIsImV4cCI6MTc0NzYwNTg3NywiaWF0IjoxNzQ3MDAxMDc3LCJqdGkiOiI1ZmRlZDlkY2U5YjU0ZWU1OWVmYjYwMzYzZGQyMTY2OSIsInVzZXJfaWQiOjExfQ.LssWUHX3NnBqnKqUIFfbYSnJe_3agnR1Xs6XuJIfBWs", "created_at": "2025-05-11T22:04:37.376Z", "expires_at": "2025-05-18T22:04:37Z"}}, {"model": "token_blacklist.outstandingtoken", "pk": 464, "fields": {"user": 11, "jti": "4e6c1e88395c4b098ce9bac84608260a", "token": "eyJhbGciOiJIUzI1NiIsInR5cCI6IkpXVCJ9.eyJ0b2tlbl90eXBlIjoicmVmcmVzaCIsImV4cCI6MTc0NzkxMDg1MCwiaWF0IjoxNzQ3MzA2MDUwLCJqdGkiOiI0ZTZjMWU4ODM5NWM0YjA5OGNlOWJhYzg0NjA4MjYwYSIsInVzZXJfaWQiOjExfQ.N0X3W_F4zzcpi_Ma48K48yV7brBkBU8saVU4qXU4NXA", "created_at": "2025-05-15T10:47:30.201Z", "expires_at": "2025-05-22T10:47:30Z"}}, {"model": "token_blacklist.outstandingtoken", "pk": 465, "fields": {"user": 13, "jti": "101fb6e5706c4b47a7a39a6c0d33ceab", "token": "eyJhbGciOiJIUzI1NiIsInR5cCI6IkpXVCJ9.eyJ0b2tlbl90eXBlIjoicmVmcmVzaCIsImV4cCI6MTc0NzkxMDg5MiwiaWF0IjoxNzQ3MzA2MDkyLCJqdGkiOiIxMDFmYjZlNTcwNmM0YjQ3YTdhMzlhNmMwZDMzY2VhYiIsInVzZXJfaWQiOjEzfQ.GYhdFDQGpQfYoVS52O4mbdvEx0Iro1EjUtTLww3SFAM", "created_at": "2025-05-15T10:48:12.816Z", "expires_at": "2025-05-22T10:48:12Z"}}, {"model": "token_blacklist.outstandingtoken", "pk": 466, "fields": {"user": 11, "jti": "2a8615457dfe443a9776d49b37779468", "token": "eyJhbGciOiJIUzI1NiIsInR5cCI6IkpXVCJ9.eyJ0b2tlbl90eXBlIjoicmVmcmVzaCIsImV4cCI6MTc0NzkxMTY2OCwiaWF0IjoxNzQ3MzA2ODY4LCJqdGkiOiIyYTg2MTU0NTdkZmU0NDNhOTc3NmQ0OWIzNzc3OTQ2OCIsInVzZXJfaWQiOjExfQ.G__nB8ZcRZqrOX1rY6TW8qGLJpYF5n6cbX8wcoigCiU", "created_at": "2025-05-15T11:01:08.305Z", "expires_at": "2025-05-22T11:01:08Z"}}, {"model": "token_blacklist.outstandingtoken", "pk": 467, "fields": {"user": 11, "jti": "11360bfcd3b540fdbfae3b1885e5f80a", "token": "eyJhbGciOiJIUzI1NiIsInR5cCI6IkpXVCJ9.eyJ0b2tlbl90eXBlIjoicmVmcmVzaCIsImV4cCI6MTc0NzkxMTc2NiwiaWF0IjoxNzQ3MzA2OTY2LCJqdGkiOiIxMTM2MGJmY2QzYjU0MGZkYmZhZTNiMTg4NWU1ZjgwYSIsInVzZXJfaWQiOjExfQ.VagrURtOveSaIvN59pFfXf9SW1G_kTapm7_FPeLLlQw", "created_at": "2025-05-15T11:02:46.873Z", "expires_at": "2025-05-22T11:02:46Z"}}, {"model": "token_blacklist.outstandingtoken", "pk": 468, "fields": {"user": 13, "jti": "9687d600e48740328678867182212bfe", "token": "eyJhbGciOiJIUzI1NiIsInR5cCI6IkpXVCJ9.eyJ0b2tlbl90eXBlIjoicmVmcmVzaCIsImV4cCI6MTc0NzkxNDU4MywiaWF0IjoxNzQ3MzA5NzgzLCJqdGkiOiI5Njg3ZDYwMGU0ODc0MDMyODY3ODg2NzE4MjIxMmJmZSIsInVzZXJfaWQiOjEzfQ.gr2EbVw_VVoqGfTR-k-omCPXXQL2zI0-dWfvsdWa5ag", "created_at": "2025-05-15T11:49:43.645Z", "expires_at": "2025-05-22T11:49:43Z"}}, {"model": "token_blacklist.outstandingtoken", "pk": 469, "fields": {"user": 13, "jti": "ab8b4d503c1544e7821ff4fbbe4f5d46", "token": "eyJhbGciOiJIUzI1NiIsInR5cCI6IkpXVCJ9.eyJ0b2tlbl90eXBlIjoicmVmcmVzaCIsImV4cCI6MTc0NzkxNDcxNSwiaWF0IjoxNzQ3MzA5OTE1LCJqdGkiOiJhYjhiNGQ1MDNjMTU0NGU3ODIxZmY0ZmJiZTRmNWQ0NiIsInVzZXJfaWQiOjEzfQ.JEwDE3PGcA-O0QaFYS8PUft7_jEOiBX3_LyUgi4ZiQA", "created_at": "2025-05-15T11:51:55.250Z", "expires_at": "2025-05-22T11:51:55Z"}}, {"model": "token_blacklist.outstandingtoken", "pk": 470, "fields": {"user": 11, "jti": "1991f261eccf4c75ae2aea9eee4f2b4c", "token": "eyJhbGciOiJIUzI1NiIsInR5cCI6IkpXVCJ9.eyJ0b2tlbl90eXBlIjoicmVmcmVzaCIsImV4cCI6MTc0NzkxNjMxNywiaWF0IjoxNzQ3MzExNTE3LCJqdGkiOiIxOTkxZjI2MWVjY2Y0Yzc1YWUyYWVhOWVlZTRmMmI0YyIsInVzZXJfaWQiOjExfQ.Ad7f_wOXyadXThLqoQ-7bvyjlZHF5XH1a-K8BJ3hIbI", "created_at": "2025-05-15T12:18:37.618Z", "expires_at": "2025-05-22T12:18:37Z"}}, {"model": "token_blacklist.outstandingtoken", "pk": 471, "fields": {"user": 13, "jti": "bdef5354924c4effabaad6a997113e75", "token": "eyJhbGciOiJIUzI1NiIsInR5cCI6IkpXVCJ9.eyJ0b2tlbl90eXBlIjoicmVmcmVzaCIsImV4cCI6MTc0NzkxOTEwOCwiaWF0IjoxNzQ3MzE0MzA4LCJqdGkiOiJiZGVmNTM1NDkyNGM0ZWZmYWJhYWQ2YTk5NzExM2U3NSIsInVzZXJfaWQiOjEzfQ.OOWe3w7WNUwA--hPL05ckoTkH-aYScKrd4dlVotdWM4", "created_at": "2025-05-15T13:05:08.533Z", "expires_at": "2025-05-22T13:05:08Z"}}, {"model": "token_blacklist.outstandingtoken", "pk": 472, "fields": {"user": 11, "jti": "60ec4c410a414950910fb687ccff405c", "token": "eyJhbGciOiJIUzI1NiIsInR5cCI6IkpXVCJ9.eyJ0b2tlbl90eXBlIjoicmVmcmVzaCIsImV4cCI6MTc0NzkyMTg0OCwiaWF0IjoxNzQ3MzE3MDQ4LCJqdGkiOiI2MGVjNGM0MTBhNDE0OTUwOTEwZmI2ODdjY2ZmNDA1YyIsInVzZXJfaWQiOjExfQ.EdDkv6gQoDSkoUgiJHXurd6xjkN3P7SvqX_pF3owemQ", "created_at": "2025-05-15T13:50:48.861Z", "expires_at": "2025-05-22T13:50:48Z"}}, {"model": "token_blacklist.outstandingtoken", "pk": 473, "fields": {"user": 11, "jti": "02268ba80e3342f299278078e2f8ec0d", "token": "eyJhbGciOiJIUzI1NiIsInR5cCI6IkpXVCJ9.eyJ0b2tlbl90eXBlIjoicmVmcmVzaCIsImV4cCI6MTc0NzkzMTA5NiwiaWF0IjoxNzQ3MzI2Mjk2LCJqdGkiOiIwMjI2OGJhODBlMzM0MmYyOTkyNzgwNzhlMmY4ZWMwZCIsInVzZXJfaWQiOjExfQ.ojQo4ie70-9zKpMozq-cwBwpAg8QaLHQP3wXqT907vs", "created_at": "2025-05-15T16:24:56.512Z", "expires_at": "2025-05-22T16:24:56Z"}}, {"model": "token_blacklist.outstandingtoken", "pk": 474, "fields": {"user": 11, "jti": "6a4869c2821042ff9f3766600a833e87", "token": "eyJhbGciOiJIUzI1NiIsInR5cCI6IkpXVCJ9.eyJ0b2tlbl90eXBlIjoicmVmcmVzaCIsImV4cCI6MTc0NzkzNDU2MCwiaWF0IjoxNzQ3MzI5NzYwLCJqdGkiOiI2YTQ4NjljMjgyMTA0MmZmOWYzNzY2NjAwYTgzM2U4NyIsInVzZXJfaWQiOjExfQ.QcHCavS0iPKKp4KtCSlF2MBvhe570IIVm6SvNJPOKP4", "created_at": "2025-05-15T17:22:40.734Z", "expires_at": "2025-05-22T17:22:40Z"}}, {"model": "token_blacklist.outstandingtoken", "pk": 475, "fields": {"user": 13, "jti": "6ad2705abc2f41aea8d0f8e100cce39b", "token": "eyJhbGciOiJIUzI1NiIsInR5cCI6IkpXVCJ9.eyJ0b2tlbl90eXBlIjoicmVmcmVzaCIsImV4cCI6MTc0NzkzNTI2OCwiaWF0IjoxNzQ3MzMwNDY4LCJqdGkiOiI2YWQyNzA1YWJjMmY0MWFlYThkMGY4ZTEwMGNjZTM5YiIsInVzZXJfaWQiOjEzfQ.6WveurJULG0wnhOoHW7l1DVQyLWUo8a4zhDpyURfnRo", "created_at": "2025-05-15T17:34:28.907Z", "expires_at": "2025-05-22T17:34:28Z"}}, {"model": "token_blacklist.outstandingtoken", "pk": 476, "fields": {"user": 11, "jti": "2b172e68e71e46558dfbf1e099c9f7ec", "token": "eyJhbGciOiJIUzI1NiIsInR5cCI6IkpXVCJ9.eyJ0b2tlbl90eXBlIjoicmVmcmVzaCIsImV4cCI6MTc0NzkzNzIzNCwiaWF0IjoxNzQ3MzMyNDM0LCJqdGkiOiIyYjE3MmU2OGU3MWU0NjU1OGRmYmYxZTA5OWM5ZjdlYyIsInVzZXJfaWQiOjExfQ.hTNI4KBc0Dbghw6t_7cO95bhKElqhU5-iS49G1Q3Qbk", "created_at": "2025-05-15T18:07:14.088Z", "expires_at": "2025-05-22T18:07:14Z"}}, {"model": "token_blacklist.outstandingtoken", "pk": 477, "fields": {"user": 1, "jti": "4b67502555e747af81c8ae06e0ded4c5", "token": "eyJhbGciOiJIUzI1NiIsInR5cCI6IkpXVCJ9.eyJ0b2tlbl90eXBlIjoicmVmcmVzaCIsImV4cCI6MTc0NzkzNzM3MCwiaWF0IjoxNzQ3MzMyNTcwLCJqdGkiOiI0YjY3NTAyNTU1ZTc0N2FmODFjOGFlMDZlMGRlZDRjNSIsInVzZXJfaWQiOjF9.pItKfR5OC33_DSeMuAAmSRxuwr5ByJ7FoJVIxUVU95U", "created_at": "2025-05-15T18:09:30.757Z", "expires_at": "2025-05-22T18:09:30Z"}}, {"model": "token_blacklist.outstandingtoken", "pk": 478, "fields": {"user": 13, "jti": "9debe672da9d4d2580478b68a155d1f8", "token": "eyJhbGciOiJIUzI1NiIsInR5cCI6IkpXVCJ9.eyJ0b2tlbl90eXBlIjoicmVmcmVzaCIsImV4cCI6MTc0NzkzNzUxOCwiaWF0IjoxNzQ3MzMyNzE4LCJqdGkiOiI5ZGViZTY3MmRhOWQ0ZDI1ODA0NzhiNjhhMTU1ZDFmOCIsInVzZXJfaWQiOjEzfQ.A_B3XX6GWpPK5toHvOQvMjDdT8t1TtoAf92yzl5vc1s", "created_at": "2025-05-15T18:11:58.965Z", "expires_at": "2025-05-22T18:11:58Z"}}, {"model": "token_blacklist.outstandingtoken", "pk": 479, "fields": {"user": 9, "jti": "0e8dd2644c1d448b80e0856ff13c5f01", "token": "eyJhbGciOiJIUzI1NiIsInR5cCI6IkpXVCJ9.eyJ0b2tlbl90eXBlIjoicmVmcmVzaCIsImV4cCI6MTc0NzkzODM1MSwiaWF0IjoxNzQ3MzMzNTUxLCJqdGkiOiIwZThkZDI2NDRjMWQ0NDhiODBlMDg1NmZmMTNjNWYwMSIsInVzZXJfaWQiOjl9.MTaL-L1RSEFLdY3hfRmqh4l29x9Jq4gKPX52xPU33Yg", "created_at": "2025-05-15T18:25:51.520Z", "expires_at": "2025-05-22T18:25:51Z"}}, {"model": "token_blacklist.outstandingtoken", "pk": 480, "fields": {"user": 9, "jti": "5e0dd7fdfd97447c88bb2f4f628f98c9", "token": "eyJhbGciOiJIUzI1NiIsInR5cCI6IkpXVCJ9.eyJ0b2tlbl90eXBlIjoicmVmcmVzaCIsImV4cCI6MTc0Nzk0MDc3OSwiaWF0IjoxNzQ3MzM1OTc5LCJqdGkiOiI1ZTBkZDdmZGZkOTc0NDdjODhiYjJmNGY2MjhmOThjOSIsInVzZXJfaWQiOjl9.kfgvDHEQdwFyfKLi16IOOiTlTSjXtVYOUlRaF-lmyLQ", "created_at": "2025-05-15T19:06:19.548Z", "expires_at": "2025-05-22T19:06:19Z"}}, {"model": "token_blacklist.outstandingtoken", "pk": 481, "fields": {"user": 9, "jti": "0335219090e444309cfd1f6313fd8b46", "token": "eyJhbGciOiJIUzI1NiIsInR5cCI6IkpXVCJ9.eyJ0b2tlbl90eXBlIjoicmVmcmVzaCIsImV4cCI6MTc0Nzk0NDczMCwiaWF0IjoxNzQ3MzM5OTMwLCJqdGkiOiIwMzM1MjE5MDkwZTQ0NDMwOWNmZDFmNjMxM2ZkOGI0NiIsInVzZXJfaWQiOjl9.xVWDJy0U1kwYOud-QzwySWwQfQ8LmEdR1IrWYYivTFY", "created_at": "2025-05-15T20:12:10.112Z", "expires_at": "2025-05-22T20:12:10Z"}}, {"model": "token_blacklist.outstandingtoken", "pk": 482, "fields": {"user": 9, "jti": "bab4c62df8234ba594ded8b7e13f0c7c", "token": "eyJhbGciOiJIUzI1NiIsInR5cCI6IkpXVCJ9.eyJ0b2tlbl90eXBlIjoicmVmcmVzaCIsImV4cCI6MTc0Nzk0NDg5NCwiaWF0IjoxNzQ3MzQwMDk0LCJqdGkiOiJiYWI0YzYyZGY4MjM0YmE1OTRkZWQ4YjdlMTNmMGM3YyIsInVzZXJfaWQiOjl9.5cdueiL9BLNhFK_cRt9eWJwfBe8V3ycQPNZxkt_UfJM", "created_at": "2025-05-15T20:14:54.146Z", "expires_at": "2025-05-22T20:14:54Z"}}, {"model": "token_blacklist.outstandingtoken", "pk": 483, "fields": {"user": 9, "jti": "037b24992bee450c943e6a503cae8ac7", "token": "eyJhbGciOiJIUzI1NiIsInR5cCI6IkpXVCJ9.eyJ0b2tlbl90eXBlIjoicmVmcmVzaCIsImV4cCI6MTc0Nzk0NjA1NywiaWF0IjoxNzQ3MzQxMjU3LCJqdGkiOiIwMzdiMjQ5OTJiZWU0NTBjOTQzZTZhNTAzY2FlOGFjNyIsInVzZXJfaWQiOjl9.uXZU2Bzjqw7mo04hEs-7E5gZGhLU6G8UJiReSd9iOXw", "created_at": "2025-05-15T20:34:17.320Z", "expires_at": "2025-05-22T20:34:17Z"}}, {"model": "token_blacklist.outstandingtoken", "pk": 484, "fields": {"user": 11, "jti": "1c0bb2f07e2348b9aef9221e15839caf", "token": "eyJhbGciOiJIUzI1NiIsInR5cCI6IkpXVCJ9.eyJ0b2tlbl90eXBlIjoicmVmcmVzaCIsImV4cCI6MTc0Nzk0OTU0NiwiaWF0IjoxNzQ3MzQ0NzQ2LCJqdGkiOiIxYzBiYjJmMDdlMjM0OGI5YWVmOTIyMWUxNTgzOWNhZiIsInVzZXJfaWQiOjExfQ.HlJ4Or_ngh3lLcUEnv9qjgbDyZtOKNsJ5wNLjKfHSQk", "created_at": "2025-05-15T21:32:26.034Z", "expires_at": "2025-05-22T21:32:26Z"}}, {"model": "token_blacklist.outstandingtoken", "pk": 485, "fields": {"user": 11, "jti": "942ebb09b9dc4cdc8855fdf234d79a80", "token": "eyJhbGciOiJIUzI1NiIsInR5cCI6IkpXVCJ9.eyJ0b2tlbl90eXBlIjoicmVmcmVzaCIsImV4cCI6MTc0Nzk1MTA5NCwiaWF0IjoxNzQ3MzQ2Mjk0LCJqdGkiOiI5NDJlYmIwOWI5ZGM0Y2RjODg1NWZkZjIzNGQ3OWE4MCIsInVzZXJfaWQiOjExfQ.a9_FNY6U-w172OVuIyGjFMfU-cyQZj7VpNTAVH2cCxc", "created_at": "2025-05-15T21:58:14.517Z", "expires_at": "2025-05-22T21:58:14Z"}}, {"model": "token_blacklist.outstandingtoken", "pk": 486, "fields": {"user": 9, "jti": "d41415a0414a459bbda27b85c5fa3404", "token": "eyJhbGciOiJIUzI1NiIsInR5cCI6IkpXVCJ9.eyJ0b2tlbl90eXBlIjoicmVmcmVzaCIsImV4cCI6MTc0Nzk1MTE0NiwiaWF0IjoxNzQ3MzQ2MzQ2LCJqdGkiOiJkNDE0MTVhMDQxNGE0NTliYmRhMjdiODVjNWZhMzQwNCIsInVzZXJfaWQiOjl9.Cg1YD5INtiFVp3m90zrKn7SeWGyoAoHjABXVrjkUVk0", "created_at": "2025-05-15T21:59:06.901Z", "expires_at": "2025-05-22T21:59:06Z"}}, {"model": "token_blacklist.blacklistedtoken", "pk": 1, "fields": {"token": 3, "blacklisted_at": "2025-03-20T18:23:36.299Z"}}, {"model": "token_blacklist.blacklistedtoken", "pk": 2, "fields": {"token": 9, "blacklisted_at": "2025-03-21T10:36:35.343Z"}}, {"model": "token_blacklist.blacklistedtoken", "pk": 3, "fields": {"token": 11, "blacklisted_at": "2025-03-21T10:40:11.050Z"}}, {"model": "token_blacklist.blacklistedtoken", "pk": 4, "fields": {"token": 23, "blacklisted_at": "2025-03-24T04:35:41.087Z"}}, {"model": "token_blacklist.blacklistedtoken", "pk": 5, "fields": {"token": 25, "blacklisted_at": "2025-03-24T04:36:13.554Z"}}, {"model": "token_blacklist.blacklistedtoken", "pk": 6, "fields": {"token": 27, "blacklisted_at": "2025-03-24T04:38:44.542Z"}}, {"model": "token_blacklist.blacklistedtoken", "pk": 7, "fields": {"token": 33, "blacklisted_at": "2025-03-24T14:59:33.238Z"}}, {"model": "token_blacklist.blacklistedtoken", "pk": 8, "fields": {"token": 35, "blacklisted_at": "2025-03-24T16:11:38.668Z"}}, {"model": "token_blacklist.blacklistedtoken", "pk": 9, "fields": {"token": 36, "blacklisted_at": "2025-03-24T16:31:02.496Z"}}, {"model": "token_blacklist.blacklistedtoken", "pk": 10, "fields": {"token": 39, "blacklisted_at": "2025-03-24T17:24:39.841Z"}}, {"model": "token_blacklist.blacklistedtoken", "pk": 11, "fields": {"token": 41, "blacklisted_at": "2025-03-24T18:39:49.510Z"}}, {"model": "token_blacklist.blacklistedtoken", "pk": 12, "fields": {"token": 43, "blacklisted_at": "2025-03-25T02:49:45.248Z"}}, {"model": "token_blacklist.blacklistedtoken", "pk": 13, "fields": {"token": 44, "blacklisted_at": "2025-03-25T02:51:01.602Z"}}, {"model": "token_blacklist.blacklistedtoken", "pk": 14, "fields": {"token": 45, "blacklisted_at": "2025-03-25T02:57:29.352Z"}}, {"model": "token_blacklist.blacklistedtoken", "pk": 15, "fields": {"token": 46, "blacklisted_at": "2025-03-25T02:58:07.223Z"}}, {"model": "token_blacklist.blacklistedtoken", "pk": 16, "fields": {"token": 48, "blacklisted_at": "2025-03-25T12:23:31.837Z"}}, {"model": "token_blacklist.blacklistedtoken", "pk": 17, "fields": {"token": 49, "blacklisted_at": "2025-03-25T12:23:50.650Z"}}, {"model": "token_blacklist.blacklistedtoken", "pk": 18, "fields": {"token": 51, "blacklisted_at": "2025-03-25T17:09:48.202Z"}}, {"model": "token_blacklist.blacklistedtoken", "pk": 19, "fields": {"token": 52, "blacklisted_at": "2025-03-25T17:10:16.919Z"}}, {"model": "token_blacklist.blacklistedtoken", "pk": 20, "fields": {"token": 53, "blacklisted_at": "2025-03-25T17:24:22.780Z"}}, {"model": "token_blacklist.blacklistedtoken", "pk": 21, "fields": {"token": 56, "blacklisted_at": "2025-03-27T08:20:57.862Z"}}, {"model": "token_blacklist.blacklistedtoken", "pk": 22, "fields": {"token": 59, "blacklisted_at": "2025-03-27T14:01:02.255Z"}}, {"model": "token_blacklist.blacklistedtoken", "pk": 23, "fields": {"token": 61, "blacklisted_at": "2025-03-27T14:13:30.282Z"}}, {"model": "token_blacklist.blacklistedtoken", "pk": 24, "fields": {"token": 60, "blacklisted_at": "2025-03-27T14:25:17.124Z"}}, {"model": "token_blacklist.blacklistedtoken", "pk": 25, "fields": {"token": 65, "blacklisted_at": "2025-03-28T09:16:03.749Z"}}, {"model": "token_blacklist.blacklistedtoken", "pk": 26, "fields": {"token": 66, "blacklisted_at": "2025-03-28T09:16:18.592Z"}}, {"model": "token_blacklist.blacklistedtoken", "pk": 27, "fields": {"token": 67, "blacklisted_at": "2025-03-28T09:17:58.421Z"}}, {"model": "token_blacklist.blacklistedtoken", "pk": 28, "fields": {"token": 68, "blacklisted_at": "2025-03-28T09:18:38.205Z"}}, {"model": "token_blacklist.blacklistedtoken", "pk": 29, "fields": {"token": 69, "blacklisted_at": "2025-03-28T09:19:46.091Z"}}, {"model": "token_blacklist.blacklistedtoken", "pk": 30, "fields": {"token": 96, "blacklisted_at": "2025-03-29T11:20:05.084Z"}}, {"model": "token_blacklist.blacklistedtoken", "pk": 31, "fields": {"token": 101, "blacklisted_at": "2025-03-29T18:23:16.263Z"}}, {"model": "token_blacklist.blacklistedtoken", "pk": 32, "fields": {"token": 102, "blacklisted_at": "2025-03-29T18:24:12.103Z"}}, {"model": "token_blacklist.blacklistedtoken", "pk": 33, "fields": {"token": 104, "blacklisted_at": "2025-03-29T18:39:58.680Z"}}, {"model": "token_blacklist.blacklistedtoken", "pk": 34, "fields": {"token": 105, "blacklisted_at": "2025-03-29T18:40:51.608Z"}}, {"model": "token_blacklist.blacklistedtoken", "pk": 35, "fields": {"token": 106, "blacklisted_at": "2025-03-29T18:43:55.026Z"}}, {"model": "token_blacklist.blacklistedtoken", "pk": 36, "fields": {"token": 107, "blacklisted_at": "2025-03-29T18:45:22.215Z"}}, {"model": "token_blacklist.blacklistedtoken", "pk": 37, "fields": {"token": 108, "blacklisted_at": "2025-03-29T19:35:58.376Z"}}, {"model": "token_blacklist.blacklistedtoken", "pk": 38, "fields": {"token": 111, "blacklisted_at": "2025-03-29T20:00:56.355Z"}}, {"model": "token_blacklist.blacklistedtoken", "pk": 39, "fields": {"token": 112, "blacklisted_at": "2025-03-29T20:04:28.177Z"}}, {"model": "token_blacklist.blacklistedtoken", "pk": 40, "fields": {"token": 113, "blacklisted_at": "2025-03-29T20:29:35.036Z"}}, {"model": "token_blacklist.blacklistedtoken", "pk": 41, "fields": {"token": 115, "blacklisted_at": "2025-03-30T05:59:51.919Z"}}, {"model": "token_blacklist.blacklistedtoken", "pk": 42, "fields": {"token": 116, "blacklisted_at": "2025-03-30T06:02:51.427Z"}}, {"model": "token_blacklist.blacklistedtoken", "pk": 43, "fields": {"token": 117, "blacklisted_at": "2025-03-30T06:05:36.332Z"}}, {"model": "token_blacklist.blacklistedtoken", "pk": 44, "fields": {"token": 118, "blacklisted_at": "2025-03-30T06:07:15.298Z"}}, {"model": "token_blacklist.blacklistedtoken", "pk": 45, "fields": {"token": 119, "blacklisted_at": "2025-03-30T06:09:28.342Z"}}, {"model": "token_blacklist.blacklistedtoken", "pk": 46, "fields": {"token": 120, "blacklisted_at": "2025-03-30T07:57:56.676Z"}}, {"model": "token_blacklist.blacklistedtoken", "pk": 47, "fields": {"token": 122, "blacklisted_at": "2025-03-30T08:56:03.135Z"}}, {"model": "token_blacklist.blacklistedtoken", "pk": 48, "fields": {"token": 123, "blacklisted_at": "2025-03-30T08:56:43.242Z"}}, {"model": "token_blacklist.blacklistedtoken", "pk": 49, "fields": {"token": 124, "blacklisted_at": "2025-03-30T08:57:48.473Z"}}, {"model": "token_blacklist.blacklistedtoken", "pk": 50, "fields": {"token": 125, "blacklisted_at": "2025-03-30T08:58:33.947Z"}}, {"model": "token_blacklist.blacklistedtoken", "pk": 51, "fields": {"token": 126, "blacklisted_at": "2025-03-30T09:30:16.368Z"}}, {"model": "token_blacklist.blacklistedtoken", "pk": 52, "fields": {"token": 127, "blacklisted_at": "2025-03-30T09:31:01.743Z"}}, {"model": "token_blacklist.blacklistedtoken", "pk": 53, "fields": {"token": 128, "blacklisted_at": "2025-03-30T09:32:33.420Z"}}, {"model": "token_blacklist.blacklistedtoken", "pk": 54, "fields": {"token": 129, "blacklisted_at": "2025-03-30T09:33:47.913Z"}}, {"model": "token_blacklist.blacklistedtoken", "pk": 55, "fields": {"token": 130, "blacklisted_at": "2025-03-31T06:32:12.230Z"}}, {"model": "token_blacklist.blacklistedtoken", "pk": 56, "fields": {"token": 131, "blacklisted_at": "2025-03-31T06:33:32.479Z"}}, {"model": "token_blacklist.blacklistedtoken", "pk": 57, "fields": {"token": 132, "blacklisted_at": "2025-03-31T06:34:51.293Z"}}, {"model": "token_blacklist.blacklistedtoken", "pk": 58, "fields": {"token": 133, "blacklisted_at": "2025-03-31T06:35:06.729Z"}}, {"model": "token_blacklist.blacklistedtoken", "pk": 59, "fields": {"token": 134, "blacklisted_at": "2025-03-31T15:27:03.931Z"}}, {"model": "token_blacklist.blacklistedtoken", "pk": 60, "fields": {"token": 135, "blacklisted_at": "2025-03-31T15:28:23.885Z"}}, {"model": "token_blacklist.blacklistedtoken", "pk": 61, "fields": {"token": 136, "blacklisted_at": "2025-03-31T15:29:20.391Z"}}, {"model": "token_blacklist.blacklistedtoken", "pk": 62, "fields": {"token": 139, "blacklisted_at": "2025-04-02T09:18:42.772Z"}}, {"model": "token_blacklist.blacklistedtoken", "pk": 63, "fields": {"token": 140, "blacklisted_at": "2025-04-02T09:21:07.313Z"}}, {"model": "token_blacklist.blacklistedtoken", "pk": 64, "fields": {"token": 141, "blacklisted_at": "2025-04-02T09:21:17.294Z"}}, {"model": "token_blacklist.blacklistedtoken", "pk": 65, "fields": {"token": 157, "blacklisted_at": "2025-04-05T17:53:07.413Z"}}, {"model": "token_blacklist.blacklistedtoken", "pk": 66, "fields": {"token": 158, "blacklisted_at": "2025-04-05T17:53:16.567Z"}}, {"model": "token_blacklist.blacklistedtoken", "pk": 67, "fields": {"token": 160, "blacklisted_at": "2025-04-05T18:25:52.131Z"}}, {"model": "token_blacklist.blacklistedtoken", "pk": 68, "fields": {"token": 162, "blacklisted_at": "2025-04-05T18:44:07.759Z"}}, {"model": "token_blacklist.blacklistedtoken", "pk": 69, "fields": {"token": 163, "blacklisted_at": "2025-04-05T18:46:32.049Z"}}, {"model": "token_blacklist.blacklistedtoken", "pk": 70, "fields": {"token": 164, "blacklisted_at": "2025-04-05T18:47:17.644Z"}}, {"model": "token_blacklist.blacklistedtoken", "pk": 71, "fields": {"token": 165, "blacklisted_at": "2025-04-05T18:52:32.526Z"}}, {"model": "token_blacklist.blacklistedtoken", "pk": 72, "fields": {"token": 166, "blacklisted_at": "2025-04-05T18:56:54.720Z"}}, {"model": "token_blacklist.blacklistedtoken", "pk": 73, "fields": {"token": 161, "blacklisted_at": "2025-04-05T19:04:14.420Z"}}, {"model": "token_blacklist.blacklistedtoken", "pk": 74, "fields": {"token": 168, "blacklisted_at": "2025-04-05T19:10:38.547Z"}}, {"model": "token_blacklist.blacklistedtoken", "pk": 75, "fields": {"token": 169, "blacklisted_at": "2025-04-05T19:13:55.911Z"}}, {"model": "token_blacklist.blacklistedtoken", "pk": 76, "fields": {"token": 170, "blacklisted_at": "2025-04-05T19:14:35.249Z"}}, {"model": "token_blacklist.blacklistedtoken", "pk": 77, "fields": {"token": 167, "blacklisted_at": "2025-04-05T19:18:49.541Z"}}, {"model": "token_blacklist.blacklistedtoken", "pk": 78, "fields": {"token": 173, "blacklisted_at": "2025-04-06T07:07:23.271Z"}}, {"model": "token_blacklist.blacklistedtoken", "pk": 79, "fields": {"token": 174, "blacklisted_at": "2025-04-06T07:11:12.170Z"}}, {"model": "token_blacklist.blacklistedtoken", "pk": 80, "fields": {"token": 175, "blacklisted_at": "2025-04-06T07:12:17.350Z"}}, {"model": "token_blacklist.blacklistedtoken", "pk": 81, "fields": {"token": 176, "blacklisted_at": "2025-04-06T07:14:40.431Z"}}, {"model": "token_blacklist.blacklistedtoken", "pk": 82, "fields": {"token": 177, "blacklisted_at": "2025-04-06T07:16:34.787Z"}}, {"model": "token_blacklist.blacklistedtoken", "pk": 83, "fields": {"token": 178, "blacklisted_at": "2025-04-06T08:12:26.389Z"}}, {"model": "token_blacklist.blacklistedtoken", "pk": 84, "fields": {"token": 179, "blacklisted_at": "2025-04-06T08:17:43.918Z"}}, {"model": "token_blacklist.blacklistedtoken", "pk": 85, "fields": {"token": 180, "blacklisted_at": "2025-04-06T08:17:49.781Z"}}, {"model": "token_blacklist.blacklistedtoken", "pk": 86, "fields": {"token": 181, "blacklisted_at": "2025-04-06T08:18:38.776Z"}}, {"model": "token_blacklist.blacklistedtoken", "pk": 87, "fields": {"token": 182, "blacklisted_at": "2025-04-06T08:21:28.194Z"}}, {"model": "token_blacklist.blacklistedtoken", "pk": 88, "fields": {"token": 183, "blacklisted_at": "2025-04-06T08:21:48.125Z"}}, {"model": "token_blacklist.blacklistedtoken", "pk": 89, "fields": {"token": 186, "blacklisted_at": "2025-04-06T11:09:34.234Z"}}, {"model": "token_blacklist.blacklistedtoken", "pk": 90, "fields": {"token": 188, "blacklisted_at": "2025-04-06T15:32:05.031Z"}}, {"model": "token_blacklist.blacklistedtoken", "pk": 91, "fields": {"token": 191, "blacklisted_at": "2025-04-07T09:36:03.685Z"}}, {"model": "token_blacklist.blacklistedtoken", "pk": 92, "fields": {"token": 192, "blacklisted_at": "2025-04-07T09:41:53.824Z"}}, {"model": "token_blacklist.blacklistedtoken", "pk": 93, "fields": {"token": 193, "blacklisted_at": "2025-04-07T09:42:15.457Z"}}, {"model": "token_blacklist.blacklistedtoken", "pk": 94, "fields": {"token": 194, "blacklisted_at": "2025-04-07T09:49:04.477Z"}}, {"model": "token_blacklist.blacklistedtoken", "pk": 95, "fields": {"token": 195, "blacklisted_at": "2025-04-07T09:49:09.540Z"}}, {"model": "token_blacklist.blacklistedtoken", "pk": 96, "fields": {"token": 196, "blacklisted_at": "2025-04-07T09:49:38.505Z"}}, {"model": "token_blacklist.blacklistedtoken", "pk": 97, "fields": {"token": 199, "blacklisted_at": "2025-04-07T21:09:09.728Z"}}, {"model": "token_blacklist.blacklistedtoken", "pk": 98, "fields": {"token": 200, "blacklisted_at": "2025-04-07T21:10:05.530Z"}}, {"model": "token_blacklist.blacklistedtoken", "pk": 99, "fields": {"token": 202, "blacklisted_at": "2025-04-08T01:51:15.021Z"}}, {"model": "token_blacklist.blacklistedtoken", "pk": 100, "fields": {"token": 203, "blacklisted_at": "2025-04-08T01:52:03.753Z"}}, {"model": "token_blacklist.blacklistedtoken", "pk": 101, "fields": {"token": 206, "blacklisted_at": "2025-04-10T06:22:09.445Z"}}, {"model": "token_blacklist.blacklistedtoken", "pk": 102, "fields": {"token": 207, "blacklisted_at": "2025-04-10T06:22:35.962Z"}}, {"model": "token_blacklist.blacklistedtoken", "pk": 103, "fields": {"token": 208, "blacklisted_at": "2025-04-10T06:23:32.485Z"}}, {"model": "token_blacklist.blacklistedtoken", "pk": 104, "fields": {"token": 209, "blacklisted_at": "2025-04-10T06:24:52.813Z"}}, {"model": "token_blacklist.blacklistedtoken", "pk": 105, "fields": {"token": 217, "blacklisted_at": "2025-04-10T17:58:55.569Z"}}, {"model": "token_blacklist.blacklistedtoken", "pk": 106, "fields": {"token": 218, "blacklisted_at": "2025-04-10T20:53:03.595Z"}}, {"model": "token_blacklist.blacklistedtoken", "pk": 107, "fields": {"token": 222, "blacklisted_at": "2025-04-11T05:40:44.323Z"}}, {"model": "token_blacklist.blacklistedtoken", "pk": 108, "fields": {"token": 224, "blacklisted_at": "2025-04-11T06:03:31.494Z"}}, {"model": "token_blacklist.blacklistedtoken", "pk": 109, "fields": {"token": 225, "blacklisted_at": "2025-04-11T06:04:04.957Z"}}, {"model": "token_blacklist.blacklistedtoken", "pk": 110, "fields": {"token": 226, "blacklisted_at": "2025-04-11T06:18:47.097Z"}}, {"model": "token_blacklist.blacklistedtoken", "pk": 111, "fields": {"token": 227, "blacklisted_at": "2025-04-11T06:31:07.565Z"}}, {"model": "token_blacklist.blacklistedtoken", "pk": 112, "fields": {"token": 228, "blacklisted_at": "2025-04-11T06:31:29.629Z"}}, {"model": "token_blacklist.blacklistedtoken", "pk": 113, "fields": {"token": 229, "blacklisted_at": "2025-04-11T06:33:16.975Z"}}, {"model": "token_blacklist.blacklistedtoken", "pk": 114, "fields": {"token": 230, "blacklisted_at": "2025-04-11T06:33:40.257Z"}}, {"model": "token_blacklist.blacklistedtoken", "pk": 115, "fields": {"token": 231, "blacklisted_at": "2025-04-11T07:00:54.525Z"}}, {"model": "token_blacklist.blacklistedtoken", "pk": 116, "fields": {"token": 250, "blacklisted_at": "2025-04-12T07:50:40.138Z"}}, {"model": "token_blacklist.blacklistedtoken", "pk": 117, "fields": {"token": 252, "blacklisted_at": "2025-04-12T10:46:04.222Z"}}, {"model": "token_blacklist.blacklistedtoken", "pk": 118, "fields": {"token": 261, "blacklisted_at": "2025-04-13T05:42:30.858Z"}}, {"model": "token_blacklist.blacklistedtoken", "pk": 119, "fields": {"token": 263, "blacklisted_at": "2025-04-13T05:43:02.870Z"}}, {"model": "token_blacklist.blacklistedtoken", "pk": 120, "fields": {"token": 264, "blacklisted_at": "2025-04-13T05:47:44.136Z"}}, {"model": "token_blacklist.blacklistedtoken", "pk": 121, "fields": {"token": 268, "blacklisted_at": "2025-04-13T10:02:28.411Z"}}, {"model": "token_blacklist.blacklistedtoken", "pk": 122, "fields": {"token": 269, "blacklisted_at": "2025-04-15T04:19:24.357Z"}}, {"model": "token_blacklist.blacklistedtoken", "pk": 123, "fields": {"token": 273, "blacklisted_at": "2025-04-18T16:47:08.587Z"}}, {"model": "token_blacklist.blacklistedtoken", "pk": 124, "fields": {"token": 274, "blacklisted_at": "2025-04-18T16:49:10.084Z"}}, {"model": "token_blacklist.blacklistedtoken", "pk": 125, "fields": {"token": 275, "blacklisted_at": "2025-04-18T16:50:10.838Z"}}, {"model": "token_blacklist.blacklistedtoken", "pk": 126, "fields": {"token": 276, "blacklisted_at": "2025-04-20T06:55:15.187Z"}}, {"model": "token_blacklist.blacklistedtoken", "pk": 127, "fields": {"token": 277, "blacklisted_at": "2025-04-20T07:07:55.565Z"}}, {"model": "token_blacklist.blacklistedtoken", "pk": 128, "fields": {"token": 278, "blacklisted_at": "2025-04-20T07:08:49.872Z"}}, {"model": "token_blacklist.blacklistedtoken", "pk": 129, "fields": {"token": 279, "blacklisted_at": "2025-04-20T07:26:05.091Z"}}, {"model": "token_blacklist.blacklistedtoken", "pk": 130, "fields": {"token": 281, "blacklisted_at": "2025-04-20T08:18:08.698Z"}}, {"model": "token_blacklist.blacklistedtoken", "pk": 131, "fields": {"token": 283, "blacklisted_at": "2025-04-20T09:57:19.637Z"}}, {"model": "token_blacklist.blacklistedtoken", "pk": 132, "fields": {"token": 284, "blacklisted_at": "2025-04-20T10:07:42.664Z"}}, {"model": "token_blacklist.blacklistedtoken", "pk": 133, "fields": {"token": 286, "blacklisted_at": "2025-04-20T10:19:15.725Z"}}, {"model": "token_blacklist.blacklistedtoken", "pk": 134, "fields": {"token": 287, "blacklisted_at": "2025-04-20T11:34:18.905Z"}}, {"model": "token_blacklist.blacklistedtoken", "pk": 135, "fields": {"token": 297, "blacklisted_at": "2025-04-28T16:49:46.114Z"}}, {"model": "token_blacklist.blacklistedtoken", "pk": 136, "fields": {"token": 298, "blacklisted_at": "2025-04-28T17:17:18.643Z"}}, {"model": "token_blacklist.blacklistedtoken", "pk": 137, "fields": {"token": 299, "blacklisted_at": "2025-04-28T17:28:55.805Z"}}, {"model": "token_blacklist.blacklistedtoken", "pk": 138, "fields": {"token": 301, "blacklisted_at": "2025-04-28T20:34:11.870Z"}}, {"model": "token_blacklist.blacklistedtoken", "pk": 139, "fields": {"token": 303, "blacklisted_at": "2025-04-29T01:43:27.445Z"}}, {"model": "token_blacklist.blacklistedtoken", "pk": 140, "fields": {"token": 305, "blacklisted_at": "2025-04-30T05:10:07.148Z"}}, {"model": "token_blacklist.blacklistedtoken", "pk": 141, "fields": {"token": 306, "blacklisted_at": "2025-04-30T05:11:20.645Z"}}, {"model": "token_blacklist.blacklistedtoken", "pk": 142, "fields": {"token": 308, "blacklisted_at": "2025-04-30T08:01:08.609Z"}}, {"model": "token_blacklist.blacklistedtoken", "pk": 143, "fields": {"token": 309, "blacklisted_at": "2025-04-30T08:04:23.737Z"}}, {"model": "token_blacklist.blacklistedtoken", "pk": 144, "fields": {"token": 310, "blacklisted_at": "2025-04-30T08:42:09.879Z"}}, {"model": "token_blacklist.blacklistedtoken", "pk": 145, "fields": {"token": 312, "blacklisted_at": "2025-04-30T10:05:13.820Z"}}, {"model": "token_blacklist.blacklistedtoken", "pk": 146, "fields": {"token": 315, "blacklisted_at": "2025-04-30T15:50:49.628Z"}}, {"model": "token_blacklist.blacklistedtoken", "pk": 147, "fields": {"token": 321, "blacklisted_at": "2025-05-02T05:12:39.350Z"}}, {"model": "token_blacklist.blacklistedtoken", "pk": 148, "fields": {"token": 324, "blacklisted_at": "2025-05-02T13:41:15.269Z"}}, {"model": "token_blacklist.blacklistedtoken", "pk": 149, "fields": {"token": 326, "blacklisted_at": "2025-05-02T13:44:29.148Z"}}, {"model": "token_blacklist.blacklistedtoken", "pk": 150, "fields": {"token": 327, "blacklisted_at": "2025-05-02T13:45:19.901Z"}}, {"model": "token_blacklist.blacklistedtoken", "pk": 151, "fields": {"token": 325, "blacklisted_at": "2025-05-02T13:48:13.835Z"}}, {"model": "token_blacklist.blacklistedtoken", "pk": 152, "fields": {"token": 332, "blacklisted_at": "2025-05-02T19:46:43.050Z"}}, {"model": "token_blacklist.blacklistedtoken", "pk": 153, "fields": {"token": 331, "blacklisted_at": "2025-05-02T20:11:33.859Z"}}, {"model": "token_blacklist.blacklistedtoken", "pk": 154, "fields": {"token": 336, "blacklisted_at": "2025-05-02T21:24:48.235Z"}}, {"model": "token_blacklist.blacklistedtoken", "pk": 155, "fields": {"token": 337, "blacklisted_at": "2025-05-02T21:42:52.028Z"}}, {"model": "token_blacklist.blacklistedtoken", "pk": 156, "fields": {"token": 350, "blacklisted_at": "2025-05-04T14:45:36.712Z"}}, {"model": "token_blacklist.blacklistedtoken", "pk": 157, "fields": {"token": 354, "blacklisted_at": "2025-05-08T16:04:30.956Z"}}, {"model": "token_blacklist.blacklistedtoken", "pk": 158, "fields": {"token": 357, "blacklisted_at": "2025-05-08T16:41:21.796Z"}}, {"model": "token_blacklist.blacklistedtoken", "pk": 159, "fields": {"token": 356, "blacklisted_at": "2025-05-08T16:42:46.019Z"}}, {"model": "token_blacklist.blacklistedtoken", "pk": 161, "fields": {"token": 360, "blacklisted_at": "2025-05-08T16:42:46.133Z"}}, {"model": "token_blacklist.blacklistedtoken", "pk": 162, "fields": {"token": 361, "blacklisted_at": "2025-05-08T16:42:47.702Z"}}, {"model": "token_blacklist.blacklistedtoken", "pk": 164, "fields": {"token": 358, "blacklisted_at": "2025-05-08T16:45:46.950Z"}}, {"model": "token_blacklist.blacklistedtoken", "pk": 165, "fields": {"token": 364, "blacklisted_at": "2025-05-08T16:46:05.796Z"}}, {"model": "token_blacklist.blacklistedtoken", "pk": 166, "fields": {"token": 365, "blacklisted_at": "2025-05-08T16:46:37.987Z"}}, {"model": "token_blacklist.blacklistedtoken", "pk": 167, "fields": {"token": 363, "blacklisted_at": "2025-05-08T17:21:19.243Z"}}, {"model": "token_blacklist.blacklistedtoken", "pk": 169, "fields": {"token": 368, "blacklisted_at": "2025-05-08T17:21:19.340Z"}}, {"model": "token_blacklist.blacklistedtoken", "pk": 170, "fields": {"token": 369, "blacklisted_at": "2025-05-08T17:21:21.657Z"}}, {"model": "token_blacklist.blacklistedtoken", "pk": 172, "fields": {"token": 371, "blacklisted_at": "2025-05-08T17:21:29.690Z"}}, {"model": "token_blacklist.blacklistedtoken", "pk": 174, "fields": {"token": 366, "blacklisted_at": "2025-05-08T17:32:30.658Z"}}, {"model": "token_blacklist.blacklistedtoken", "pk": 175, "fields": {"token": 373, "blacklisted_at": "2025-05-08T17:33:10.680Z"}}, {"model": "token_blacklist.blacklistedtoken", "pk": 177, "fields": {"token": 376, "blacklisted_at": "2025-05-08T17:33:10.735Z"}}, {"model": "token_blacklist.blacklistedtoken", "pk": 178, "fields": {"token": 377, "blacklisted_at": "2025-05-08T18:03:25.662Z"}}, {"model": "token_blacklist.blacklistedtoken", "pk": 179, "fields": {"token": 374, "blacklisted_at": "2025-05-09T18:11:07.194Z"}}, {"model": "token_blacklist.blacklistedtoken", "pk": 180, "fields": {"token": 379, "blacklisted_at": "2025-05-10T06:47:57.575Z"}}, {"model": "token_blacklist.blacklistedtoken", "pk": 182, "fields": {"token": 381, "blacklisted_at": "2025-05-10T06:48:09.610Z"}}, {"model": "token_blacklist.blacklistedtoken", "pk": 184, "fields": {"token": 383, "blacklisted_at": "2025-05-10T06:48:14.171Z"}}, {"model": "token_blacklist.blacklistedtoken", "pk": 186, "fields": {"token": 385, "blacklisted_at": "2025-05-10T06:48:17.761Z"}}, {"model": "token_blacklist.blacklistedtoken", "pk": 187, "fields": {"token": 386, "blacklisted_at": "2025-05-10T06:48:32.566Z"}}, {"model": "token_blacklist.blacklistedtoken", "pk": 188, "fields": {"token": 378, "blacklisted_at": "2025-05-10T06:48:40.105Z"}}, {"model": "token_blacklist.blacklistedtoken", "pk": 189, "fields": {"token": 387, "blacklisted_at": "2025-05-10T06:48:40.124Z"}}, {"model": "token_blacklist.blacklistedtoken", "pk": 191, "fields": {"token": 388, "blacklisted_at": "2025-05-10T06:48:48.333Z"}}, {"model": "token_blacklist.blacklistedtoken", "pk": 192, "fields": {"token": 390, "blacklisted_at": "2025-05-10T06:48:50.129Z"}}, {"model": "token_blacklist.blacklistedtoken", "pk": 194, "fields": {"token": 391, "blacklisted_at": "2025-05-10T06:49:12.563Z"}}, {"model": "token_blacklist.blacklistedtoken", "pk": 195, "fields": {"token": 393, "blacklisted_at": "2025-05-10T06:50:02.787Z"}}, {"model": "token_blacklist.blacklistedtoken", "pk": 197, "fields": {"token": 395, "blacklisted_at": "2025-05-10T06:51:51.379Z"}}, {"model": "token_blacklist.blacklistedtoken", "pk": 199, "fields": {"token": 397, "blacklisted_at": "2025-05-10T06:51:53.160Z"}}, {"model": "token_blacklist.blacklistedtoken", "pk": 201, "fields": {"token": 399, "blacklisted_at": "2025-05-10T06:55:38.472Z"}}, {"model": "token_blacklist.blacklistedtoken", "pk": 203, "fields": {"token": 401, "blacklisted_at": "2025-05-10T06:55:38.553Z"}}, {"model": "token_blacklist.blacklistedtoken", "pk": 204, "fields": {"token": 402, "blacklisted_at": "2025-05-10T07:01:08.573Z"}}, {"model": "token_blacklist.blacklistedtoken", "pk": 206, "fields": {"token": 403, "blacklisted_at": "2025-05-10T07:01:08.636Z"}}, {"model": "token_blacklist.blacklistedtoken", "pk": 207, "fields": {"token": 405, "blacklisted_at": "2025-05-10T07:38:31.540Z"}}, {"model": "token_blacklist.blacklistedtoken", "pk": 209, "fields": {"token": 406, "blacklisted_at": "2025-05-10T07:38:31.584Z"}}, {"model": "token_blacklist.blacklistedtoken", "pk": 211, "fields": {"token": 409, "blacklisted_at": "2025-05-10T07:43:35.666Z"}}, {"model": "token_blacklist.blacklistedtoken", "pk": 213, "fields": {"token": 411, "blacklisted_at": "2025-05-10T07:43:35.715Z"}}, {"model": "token_blacklist.blacklistedtoken", "pk": 215, "fields": {"token": 413, "blacklisted_at": "2025-05-10T10:23:06.032Z"}}, {"model": "token_blacklist.blacklistedtoken", "pk": 219, "fields": {"token": 417, "blacklisted_at": "2025-05-10T10:33:13.609Z"}}, {"model": "token_blacklist.blacklistedtoken", "pk": 222, "fields": {"token": 419, "blacklisted_at": "2025-05-10T10:33:13.707Z"}}, {"model": "token_blacklist.blacklistedtoken", "pk": 223, "fields": {"token": 422, "blacklisted_at": "2025-05-10T10:38:45.700Z"}}, {"model": "token_blacklist.blacklistedtoken", "pk": 226, "fields": {"token": 425, "blacklisted_at": "2025-05-10T10:38:45.778Z"}}, {"model": "token_blacklist.blacklistedtoken", "pk": 227, "fields": {"token": 426, "blacklisted_at": "2025-05-10T10:38:45.824Z"}}, {"model": "token_blacklist.blacklistedtoken", "pk": 228, "fields": {"token": 428, "blacklisted_at": "2025-05-10T10:46:17.858Z"}}, {"model": "token_blacklist.blacklistedtoken", "pk": 230, "fields": {"token": 430, "blacklisted_at": "2025-05-10T10:46:17.936Z"}}, {"model": "token_blacklist.blacklistedtoken", "pk": 232, "fields": {"token": 432, "blacklisted_at": "2025-05-10T10:46:45.560Z"}}, {"model": "token_blacklist.blacklistedtoken", "pk": 234, "fields": {"token": 435, "blacklisted_at": "2025-05-10T10:46:45.660Z"}}, {"model": "token_blacklist.blacklistedtoken", "pk": 236, "fields": {"token": 436, "blacklisted_at": "2025-05-10T12:18:21.142Z"}}, {"model": "token_blacklist.blacklistedtoken", "pk": 240, "fields": {"token": 441, "blacklisted_at": "2025-05-10T16:57:44.706Z"}}, {"model": "token_blacklist.blacklistedtoken", "pk": 244, "fields": {"token": 445, "blacklisted_at": "2025-05-10T17:06:01.829Z"}}, {"model": "token_blacklist.blacklistedtoken", "pk": 245, "fields": {"token": 447, "blacklisted_at": "2025-05-10T17:06:03.943Z"}}, {"model": "token_blacklist.blacklistedtoken", "pk": 247, "fields": {"token": 449, "blacklisted_at": "2025-05-10T17:06:07.506Z"}}, {"model": "token_blacklist.blacklistedtoken", "pk": 248, "fields": {"token": 458, "blacklisted_at": "2025-05-11T17:57:11.834Z"}}, {"model": "token_blacklist.blacklistedtoken", "pk": 249, "fields": {"token": 461, "blacklisted_at": "2025-05-11T22:03:25.651Z"}}, {"model": "token_blacklist.blacklistedtoken", "pk": 250, "fields": {"token": 462, "blacklisted_at": "2025-05-11T22:04:35.341Z"}}, {"model": "token_blacklist.blacklistedtoken", "pk": 251, "fields": {"token": 464, "blacklisted_at": "2025-05-15T10:48:04.793Z"}}, {"model": "token_blacklist.blacklistedtoken", "pk": 252, "fields": {"token": 468, "blacklisted_at": "2025-05-15T11:49:57.392Z"}}, {"model": "token_blacklist.blacklistedtoken", "pk": 253, "fields": {"token": 473, "blacklisted_at": "2025-05-15T17:18:44.415Z"}}, {"model": "token_blacklist.blacklistedtoken", "pk": 254, "fields": {"token": 476, "blacklisted_at": "2025-05-15T18:09:24.097Z"}}, {"model": "token_blacklist.blacklistedtoken", "pk": 255, "fields": {"token": 477, "blacklisted_at": "2025-05-15T18:09:50.751Z"}}, {"model": "token_blacklist.blacklistedtoken", "pk": 256, "fields": {"token": 481, "blacklisted_at": "2025-05-15T20:22:54.932Z"}}, {"model": "token_blacklist.blacklistedtoken", "pk": 257, "fields": {"token": 483, "blacklisted_at": "2025-05-15T21:32:17.614Z"}}, {"model": "accounts.customuser", "pk": 1, "fields": {"password": "pbkdf2_sha256$870000$rqVHHah1DLqKEekGQ74S9y$TpZ8zJyd+Qzn2pl6YG7eZtUFaPcdEBneTDdrYMj8Xww=", "last_login": "2025-04-27T08:39:44.377Z", "is_superuser": true, "email": "itsparajulibigyan@gmail.com", "first_name": "Bigyan", "last_name": "Parajuli", "profile_photo": "", "role": "ADMIN", "is_active": true, "is_staff": true, "is_verified": true, "date_joined": "2025-03-20T16:04:28.114Z", "groups": [], "user_permissions": []}}, {"model": "accounts.customuser", "pk": 2, "fields": {"password": "", "last_login": null, "is_superuser": false, "email": "itsfacelessmen@gmail.com", "first_name": "It's Faceless", "last_name": "Men", "profile_photo": "", "role": "PATIENT", "is_active": true, "is_staff": false, "is_verified": true, "date_joined": "2025-03-20T18:17:42.433Z", "groups": [], "user_permissions": []}}, {"model": "accounts.customuser", "pk": 3, "fields": {"password": "pbkdf2_sha256$870000$hKbEKTMS1oV1tG12zxPE2V$cxRDgT4AudhSQlMthPIw40qxGogtRvEZgacGsBtM8wc=", "last_login": null, "is_superuser": false, "email": "newuser@example.com", "first_name": "New", "last_name": "User", "profile_photo": "", "role": "PATIENT", "is_active": true, "is_staff": false, "is_verified": true, "date_joined": "2025-03-20T18:27:31.814Z", "groups": [], "user_permissions": []}}, {"model": "accounts.customuser", "pk": 4, "fields": {"password": "pbkdf2_sha256$870000$SL0u9qS1DAJK01VFblihKG$U6SdQueSkhkJiAK22On1FU2clHQs1E7jXAw089+pMS0=", "last_login": null, "is_superuser": false, "email": "staff@example.com", "first_name": "Alex", "last_name": "Thapa", "profile_photo": "", "role": "PHARMACIST", "is_active": true, "is_staff": false, "is_verified": true, "date_joined": "2025-03-20T18:47:03.237Z", "groups": [], "user_permissions": []}}, {"model": "accounts.customuser", "pk": 5, "fields": {"password": "pbkdf2_sha256$870000$BPWjTK0cLRpETuNgLx8kES$RTrWCrJIXqcl+MVqaiK+0SqxjfSmNpHlKi96VHBZls4=", "last_login": null, "is_superuser": false, "email": "doctor@gmail.com", "first_name": "Alan", "last_name": "K", "profile_photo": "", "role": "DOCTOR", "is_active": true, "is_staff": false, "is_verified": true, "date_joined": "2025-03-20T18:54:01.778Z", "groups": [], "user_permissions": []}}, {"model": "accounts.customuser", "pk": 6, "fields": {"password": "", "last_login": null, "is_superuser": false, "email": "itsduominds@gmail.com", "first_name": "Duo", "last_name": "Minds", "profile_photo": "", "role": "PATIENT", "is_active": true, "is_staff": false, "is_verified": true, "date_joined": "2025-03-23T08:25:27.612Z", "groups": [], "user_permissions": []}}, {"model": "accounts.customuser", "pk": 7, "fields": {"password": "", "last_login": null, "is_superuser": false, "email": "itsaihelp11@gmail.com", "first_name": "ai", "last_name": "help", "profile_photo": "", "role": "PATIENT", "is_active": true, "is_staff": false, "is_verified": true, "date_joined": "2025-03-24T04:16:21.589Z", "groups": [], "user_permissions": []}}, {"model": "accounts.customuser", "pk": 8, "fields": {"password": "pbkdf2_sha256$870000$iqTunJdI4fjiq4drJVdgYd$XDYeABuPwpN/d88qr3DFVVnIfDSTrDY6Gq+8x02IKuQ=", "last_login": null, "is_superuser": false, "email": "doctor1@gmail.com", "first_name": "BIgyan", "last_name": "Parajuli", "profile_photo": "", "role": "DOCTOR", "is_active": true, "is_staff": false, "is_verified": true, "date_joined": "2025-03-24T04:30:31.477Z", "groups": [], "user_permissions": []}}, {"model": "accounts.customuser", "pk": 9, "fields": {"password": "pbkdf2_sha256$870000$tNv7r1qCPebVCbfD9dxCG1$/ov1y46e34MoY9yYDy8f99yEQrEaOYho8/BnMZ650g8=", "last_login": null, "is_superuser": false, "email": "alan@gmail.com", "first_name": "AlAN", "last_name": "Khadka", "profile_photo": "", "role": "PHARMACIST", "is_active": true, "is_staff": false, "is_verified": true, "date_joined": "2025-03-24T15:00:09.927Z", "groups": [], "user_permissions": []}}, {"model": "accounts.customuser", "pk": 10, "fields": {"password": "pbkdf2_sha256$870000$3JKPcPUGEGr8v4qVTeaBVB$BVr5zamQiiHJCDMDXB4SjOqgkRm6mRNwD9iQI+ktpyM=", "last_login": null, "is_superuser": false, "email": "hello@gmail.com", "first_name": "hello", "last_name": "hello", "profile_photo": "", "role": "RECEPTIONIST", "is_active": true, "is_staff": false, "is_verified": true, "date_joined": "2025-03-24T16:32:17.030Z", "groups": [], "user_permissions": []}}, {"model": "accounts.customuser", "pk": 11, "fields": {"password": "pbkdf2_sha256$870000$fg004EDYKtayRhXmh8iL7m$22BRp87dLAsop5YdR7GzU9+ksA6DsocXLblNDYkgO0s=", "last_login": null, "is_superuser": false, "email": "patient@gmail.com", "first_name": "Bigyan", "last_name": "YAN", "profile_photo": "profile_photos/6f4fe457-6818-4ac6-b60a-9303db4b0e1a.jpg", "role": "PATIENT", "is_active": true, "is_staff": false, "is_verified": true, "date_joined": "2025-03-24T17:24:13.816Z", "groups": [], "user_permissions": []}}, {"model": "accounts.customuser", "pk": 12, "fields": {"password": "", "last_login": null, "is_superuser": false, "email": "np03cs4a220311@heraldcollege.edu.np", "first_name": "Bigyan", "last_name": "Parajuli", "profile_photo": "", "role": "PATIENT", "is_active": true, "is_staff": false, "is_verified": true, "date_joined": "2025-03-25T02:50:11.926Z", "groups": [], "user_permissions": []}}, {"model": "accounts.customuser", "pk": 13, "fields": {"password": "pbkdf2_sha256$870000$l6QR4lnmIWHt5ZeGd5bozB$iJMq5XdtMHH1p59aiaXrCo9fpVmVk3FimYWzeBX1jpA=", "last_login": null, "is_superuser": false, "email": "sujan@gmail.com", "first_name": "Sujan", "last_name": "Pandey", "profile_photo": "", "role": "DOCTOR", "is_active": true, "is_staff": false, "is_verified": true, "date_joined": "2025-03-25T02:54:37.165Z", "groups": [], "user_permissions": []}}, {"model": "accounts.customuser", "pk": 14, "fields": {"password": "pbkdf2_sha256$870000$qM4HV7h05ybj0tC3AHEsBv$e1tBlizMpie8rzIDMTGLyC3XVXlVlqzRral4Y9kx7wE=", "last_login": null, "is_superuser": false, "email": "kunjan@gmail.com", "first_name": "Kunjan", "last_name": "Sharma", "profile_photo": "", "role": "DOCTOR", "is_active": true, "is_staff": false, "is_verified": true, "date_joined": "2025-03-25T02:56:57.241Z", "groups": [], "user_permissions": []}}, {"model": "accounts.customuser", "pk": 15, "fields": {"password": "", "last_login": null, "is_superuser": false, "email": "letscrackfyp@gmail.com", "first_name": "lets", "last_name": "crackfyp", "profile_photo": "", "role": "PATIENT", "is_active": true, "is_staff": false, "is_verified": true, "date_joined": "2025-04-05T18:46:52.195Z", "groups": [], "user_permissions": []}}, {"model": "accounts.customuser", "pk": 16, "fields": {"password": "pbkdf2_sha256$870000$V0XZWTCdesrmLjV3N47seP$94DDO6/+IhqPWZ6B1zm1w6jOqGv9zZAFSZ1PpDgqUwk=", "last_login": null, "is_superuser": false, "email": "test@gmail.com", "first_name": "test", "last_name": "test", "profile_photo": "", "role": "PHARMACIST", "is_active": true, "is_staff": false, "is_verified": true, "date_joined": "2025-04-13T05:45:38.034Z", "groups": [], "user_permissions": []}}, {"model": "accounts.customuser", "pk": 17, "fields": {"password": "", "last_login": null, "is_superuser": false, "email": "toolsdev76@gmail.com", "first_name": "Dev", "last_name": "Tools", "profile_photo": "", "role": "PATIENT", "is_active": true, "is_staff": false, "is_verified": true, "date_joined": "2025-04-18T16:45:42.964Z", "groups": [], "user_permissions": []}}, {"model": "accounts.customuser", "pk": 18, "fields": {"password": "pbkdf2_sha256$870000$21lLaSgPX4sqVjaWCPLC6S$GxKe/PznpVEmEclYIyxfXzGx270RCBiWO5WbnTUKJ34=", "last_login": null, "is_superuser": false, "email": "pradeepkoirala07@gmail.com", "first_name": "Pradeep", "last_name": "Koirala", "profile_photo": "", "role": "DOCTOR", "is_active": true, "is_staff": false, "is_verified": true, "date_joined": "2025-05-02T13:43:55.513Z", "groups": [], "user_permissions": []}}, {"model": "accounts.customuser", "pk": 19, "fields": {"password": "pbkdf2_sha256$870000$TSQJNAvBv3F9qSV4Rygk1r$CPASUPekres1MfGT8l2k958Jj60QWgUmIZbXYLgkAfw=", "last_login": null, "is_superuser": false, "email": "kaflesaugat8@gmail.com", "first_name": "Saugat", "last_name": "Kafle", "profile_photo": "", "role": "PHARMACIST", "is_active": true, "is_staff": false, "is_verified": true, "date_joined": "2025-05-02T13:44:22.342Z", "groups": [], "user_permissions": []}}, {"model": "accounts.doctorprofile", "pk": 1, "fields": {"user": 5, "license_number": "abcdefg", "specialty": "ent", "created_at": "2025-03-20T18:54:01.784Z"}}, {"model": "accounts.doctorprofile", "pk": 2, "fields": {"user": 8, "license_number": "ABCDEF", "specialty": "cardio", "created_at": "2025-03-24T04:30:31.490Z"}}, {"model": "accounts.doctorprofile", "pk": 3, "fields": {"user": 13, "license_number": "SUJAN123", "specialty": "ent", "created_at": "2025-03-25T02:54:37.174Z"}}, {"model": "accounts.doctorprofile", "pk": 4, "fields": {"user": 14, "license_number": "kunj12", "specialty": "cardio vascular", "created_at": "2025-03-25T02:56:57.247Z"}}, {"model": "accounts.doctorprofile", "pk": 5, "fields": {"user": 18, "license_number": "NP123MED", "specialty": "Neurology", "created_at": "2025-05-02T13:43:55.531Z"}}, {"model": "ehr.medicalrecord", "pk": "147a262d-985f-4aa4-aa5c-1be488073add", "fields": {"appointment": "529f0aed-7b1d-4042-8b2a-b077d75b6c7b", "chief_complaint": "Fever and chills", "observations": "High temperature observed", "diagnosis": "Viral fever", "treatment_plan": "Paracetamol + rest", "notes": "Review in 3 days", "is_locked": true, "created_at": "2025-04-02T12:00:39.417Z", "updated_at": "2025-04-04T12:35:17.407Z", "created_by": 13, "previous_record": "147a262d-985f-4aa4-aa5c-1be488073add"}}, {"model": "ehr.medicalrecord", "pk": "2f34260d-122f-4be5-8cc1-891f8215e389", "fields": {"appointment": "40d5ae8c-124d-42a8-a01f-641d229fff21", "chief_complaint": "Hello", "observations": "headace", "diagnosis": "treatment", "treatment_plan": "better", "notes": "no", "is_locked": true, "created_at": "2025-04-05T18:48:10.417Z", "updated_at": "2025-04-05T18:49:34.976Z", "created_by": 13, "previous_record": null}}, {"model": "ehr.medicalrecord", "pk": "401d2e6f-ffe9-4ca9-a686-16d4c3ddbed0", "fields": {"appointment": "75a2a100-7349-427f-bfe6-c0c85a82415e", "chief_complaint": "Hello", "observations": "hdhdh", "diagnosis": "hcdhc", "treatment_plan": "hdhd", "notes": "hchc", "is_locked": false, "created_at": "2025-04-06T08:20:04.688Z", "updated_at": "2025-04-06T08:20:04.699Z", "created_by": 13, "previous_record": null}}, {"model": "ehr.medicalrecord", "pk": "5dfb47a7-f4a6-44b7-9999-d61a79d55878", "fields": {"appointment": "1210d145-903a-4033-9f1c-5c72d45b295d", "chief_complaint": "Common Cold", "observations": "Sneeze, Mild fever", "diagnosis": "Checkup", "treatment_plan": "Take a rest", "notes": "Contact if problem arises", "is_locked": false, "created_at": "2025-04-20T08:17:18.803Z", "updated_at": "2025-04-20T08:17:18.844Z", "created_by": 13, "previous_record": null}}, {"model": "ehr.medicalrecord", "pk": "751ac75e-0bbd-4a37-b47f-e2e68d8ba5c8", "fields": {"appointment": "3dc51352-6f57-4a29-8a89-2a5fb4dc9eda", "chief_complaint": "", "observations": "", "diagnosis": "", "treatment_plan": "", "notes": "", "is_locked": true, "created_at": "2025-04-07T09:47:10.464Z", "updated_at": "2025-04-07T09:47:10.464Z", "created_by": 13, "previous_record": null}}, {"model": "ehr.medicalrecord", "pk": "a105fb09-05fa-4402-b7ed-1746632f458e", "fields": {"appointment": "f2b12972-8913-42d5-b700-9508d1d7dc8f", "chief_complaint": "", "observations": "", "diagnosis": "", "treatment_plan": "", "notes": "", "is_locked": true, "created_at": "2025-04-05T19:19:40.911Z", "updated_at": "2025-04-06T15:27:35.702Z", "created_by": 13, "previous_record": null}}, {"model": "ehr.medicalrecord", "pk": "b75c87f7-adf6-4d28-95b3-2aa3f9f64ed4", "fields": {"appointment": "79ee99c0-09dd-4f68-a23a-fcee338ca709", "chief_complaint": "hello", "observations": "whwy", "diagnosis": "kncdnksd", "treatment_plan": "jbcjds", "notes": "jnjd", "is_locked": true, "created_at": "2025-04-06T08:22:30.119Z", "updated_at": "2025-04-07T09:47:08.572Z", "created_by": 13, "previous_record": "2f34260d-122f-4be5-8cc1-891f8215e389"}}, {"model": "ehr.prescription", "pk": 1, "fields": {"medical_record": "147a262d-985f-4aa4-aa5c-1be488073add", "medication": "Unknown Medication", "quantity": 1, "dosage": "500mg", "frequency": "3 times a day", "duration": "5 days", "instructions": "After food", "fulfillment_status": "UNFULFILLED", "created_at": "2025-04-02T12:00:39.424Z"}}, {"model": "ehr.prescription", "pk": 2, "fields": {"medical_record": "5dfb47a7-f4a6-44b7-9999-d61a79d55878", "medication": "Unknown Medication", "quantity": 1, "dosage": "500mg", "frequency": "twice", "duration": "5", "instructions": "Take after food in morning and night", "fulfillment_status": "UNFULFILLED", "created_at": "2025-04-20T08:17:18.838Z"}}, {"model": "ehr.medicalattachment", "pk": "739d1c2a-eb2f-4670-b52d-9e7f0971f964", "fields": {"medical_record": "147a262d-985f-4aa4-aa5c-1be488073add", "file": "medical_attachments/147a262d-985f-4aa4-aa5c-1be488073add/93b7dfe7-a573-441c-a135-087554340fe0.pdf", "file_name": "Report", "file_type": "LAB_REPORT", "description": "Pdf check", "uploaded_by": 1, "uploaded_at": "2025-04-02T12:43:34.181Z"}}, {"model": "ehr.medicalattachment", "pk": "ad9f3ad7-4253-4f3f-8bfe-fcbfc3535307", "fields": {"medical_record": "2f34260d-122f-4be5-8cc1-891f8215e389", "file": "medical_attachments/2f34260d-122f-4be5-8cc1-891f8215e389/791e088f-088a-485d-b22a-c80b5d09b1f6.pdf", "file_name": "IELTS_RefundRequestForm.pdf", "file_type": "PRESCRIPTION", "description": "nothing", "uploaded_by": 13, "uploaded_at": "2025-04-05T18:49:21.430Z"}}, {"model": "ehr.medicalrecordaudit", "pk": "01f45b5d-4c2d-4314-b0f3-136e4cb94c3b", "fields": {"medical_record": "2f34260d-122f-4be5-8cc1-891f8215e389", "action": "LOCK", "field_modified": "", "old_value": "", "new_value": "", "performed_by": 13, "timestamp": "2025-04-05T18:49:34.979Z", "ip_address": null, "user_agent": ""}}, {"model": "ehr.medicalrecordaudit", "pk": "06de3869-6a8a-4a99-9246-16981a063ca3", "fields": {"medical_record": "147a262d-985f-4aa4-aa5c-1be488073add", "action": "CREATE", "field_modified": "", "old_value": "", "new_value": "", "performed_by": 13, "timestamp": "2025-04-02T12:00:39.431Z", "ip_address": "127.0.0.1", "user_agent": "PostmanRuntime/7.43.2"}}, {"model": "ehr.medicalrecordaudit", "pk": "1f50e3c9-ab81-487e-a017-b495fb7d7f27", "fields": {"medical_record": "751ac75e-0bbd-4a37-b47f-e2e68d8ba5c8", "action": "LOCK", "field_modified": "", "old_value": "", "new_value": "", "performed_by": 13, "timestamp": "2025-04-07T09:47:10.471Z", "ip_address": null, "user_agent": ""}}, {"model": "ehr.medicalrecordaudit", "pk": "333a0609-4247-4e2d-a2ac-fd1f3eb42cbd", "fields": {"medical_record": "147a262d-985f-4aa4-aa5c-1be488073add", "action": "EXPORT", "field_modified": "", "old_value": "", "new_value": "", "performed_by": 11, "timestamp": "2025-04-18T16:48:17.040Z", "ip_address": "127.0.0.1", "user_agent": "Mozilla/5.0 (X11; Linux x86_64) AppleWebKit/537.36 (KHTML, like Gecko) Chrome/135.0.0.0 Safari/537.36"}}, {"model": "ehr.medicalrecordaudit", "pk": "39796284-16a4-4cbc-af91-d918013464b0", "fields": {"medical_record": "a105fb09-05fa-4402-b7ed-1746632f458e", "action": "CREATE", "field_modified": "", "old_value": "", "new_value": "", "performed_by": 13, "timestamp": "2025-04-05T19:19:40.953Z", "ip_address": "127.0.0.1", "user_agent": "Mozilla/5.0 (X11; Linux x86_64) AppleWebKit/537.36 (KHTML, like Gecko) Chrome/134.0.0.0 Safari/537.36"}}, {"model": "ehr.medicalrecordaudit", "pk": "49bea06e-1398-4ed7-88c7-e44189ed7ecf", "fields": {"medical_record": "b75c87f7-adf6-4d28-95b3-2aa3f9f64ed4", "action": "UPDATE", "field_modified": "is_locked", "old_value": "", "new_value": "True", "performed_by": null, "timestamp": "2025-04-07T09:47:08.565Z", "ip_address": null, "user_agent": ""}}, {"model": "ehr.medicalrecordaudit", "pk": "4ba56292-76d1-46c4-8017-ae508e849bfe", "fields": {"medical_record": "401d2e6f-ffe9-4ca9-a686-16d4c3ddbed0", "action": "CREATE", "field_modified": "", "old_value": "", "new_value": "", "performed_by": 13, "timestamp": "2025-04-06T08:20:04.704Z", "ip_address": "127.0.0.1", "user_agent": "Mozilla/5.0 (X11; Linux x86_64) AppleWebKit/537.36 (KHTML, like Gecko) Chrome/134.0.0.0 Safari/537.36"}}, {"model": "ehr.medicalrecordaudit", "pk": "548fd558-385b-46e5-8e87-17de9c06ca23", "fields": {"medical_record": "147a262d-985f-4aa4-aa5c-1be488073add", "action": "EXPORT", "field_modified": "", "old_value": "", "new_value": "", "performed_by": 11, "timestamp": "2025-04-04T12:30:27.352Z", "ip_address": "127.0.0.1", "user_agent": "PostmanRuntime/7.43.2"}}, {"model": "ehr.medicalrecordaudit", "pk": "54c548ce-e97e-494a-83db-3f119fa3eca3", "fields": {"medical_record": "b75c87f7-adf6-4d28-95b3-2aa3f9f64ed4", "action": "LOCK", "field_modified": "", "old_value": "", "new_value": "", "performed_by": 13, "timestamp": "2025-04-07T09:47:08.576Z", "ip_address": null, "user_agent": ""}}, {"model": "ehr.medicalrecordaudit", "pk": "5ac5d30e-08f4-42bc-ae97-c3d4f6d01736", "fields": {"medical_record": "147a262d-985f-4aa4-aa5c-1be488073add", "action": "EXPORT", "field_modified": "", "old_value": "", "new_value": "", "performed_by": 11, "timestamp": "2025-04-13T09:58:46.314Z", "ip_address": "127.0.0.1", "user_agent": "Mozilla/5.0 (X11; Linux x86_64) AppleWebKit/537.36 (KHTML, like Gecko) Chrome/135.0.0.0 Safari/537.36"}}, {"model": "ehr.medicalrecordaudit", "pk": "706ffe19-3d7d-4c21-9941-c03fbcf8325c", "fields": {"medical_record": "147a262d-985f-4aa4-aa5c-1be488073add", "action": "EXPORT", "field_modified": "", "old_value": "", "new_value": "", "performed_by": 11, "timestamp": "2025-04-05T18:25:21.743Z", "ip_address": "127.0.0.1", "user_agent": "Mozilla/5.0 (X11; Linux x86_64) AppleWebKit/537.36 (KHTML, like Gecko) Chrome/134.0.0.0 Safari/537.36"}}, {"model": "ehr.medicalrecordaudit", "pk": "76c38ae8-8e50-4bf3-9f03-ae65601a76dc", "fields": {"medical_record": "a105fb09-05fa-4402-b7ed-1746632f458e", "action": "UPDATE", "field_modified": "is_locked", "old_value": "", "new_value": "True", "performed_by": null, "timestamp": "2025-04-06T15:27:35.697Z", "ip_address": null, "user_agent": ""}}, {"model": "ehr.medicalrecordaudit", "pk": "796d36c7-0fe1-4289-81e8-60b875b75b68", "fields": {"medical_record": "2f34260d-122f-4be5-8cc1-891f8215e389", "action": "CREATE", "field_modified": "", "old_value": "", "new_value": "", "performed_by": 13, "timestamp": "2025-04-05T18:48:10.465Z", "ip_address": "127.0.0.1", "user_agent": "Mozilla/5.0 (X11; Linux x86_64) AppleWebKit/537.36 (KHTML, like Gecko) Chrome/134.0.0.0 Safari/537.36"}}, {"model": "ehr.medicalrecordaudit", "pk": "81cacd0e-1aed-4b0b-9b0b-c641988c9616", "fields": {"medical_record": "147a262d-985f-4aa4-aa5c-1be488073add", "action": "EXPORT", "field_modified": "", "old_value": "", "new_value": "", "performed_by": 11, "timestamp": "2025-04-13T05:37:56.483Z", "ip_address": "127.0.0.1", "user_agent": "Mozilla/5.0 (X11; Linux x86_64) AppleWebKit/537.36 (KHTML, like Gecko) Chrome/135.0.0.0 Safari/537.36"}}, {"model": "ehr.medicalrecordaudit", "pk": "8ad63bca-fba1-4728-9fe1-bf6bd146ec21", "fields": {"medical_record": "2f34260d-122f-4be5-8cc1-891f8215e389", "action": "EXPORT", "field_modified": "", "old_value": "", "new_value": "", "performed_by": 13, "timestamp": "2025-04-06T11:07:31.114Z", "ip_address": "127.0.0.1", "user_agent": "Mozilla/5.0 (X11; Linux x86_64) AppleWebKit/537.36 (KHTML, like Gecko) Chrome/134.0.0.0 Safari/537.36"}}, {"model": "ehr.medicalrecordaudit", "pk": "97706e5f-0fbb-4539-98d2-d3732840d73c", "fields": {"medical_record": "5dfb47a7-f4a6-44b7-9999-d61a79d55878", "action": "CREATE", "field_modified": "", "old_value": "", "new_value": "", "performed_by": 13, "timestamp": "2025-04-20T08:17:18.847Z", "ip_address": "127.0.0.1", "user_agent": "Mozilla/5.0 (X11; Linux x86_64) AppleWebKit/537.36 (KHTML, like Gecko) Chrome/135.0.0.0 Safari/537.36"}}, {"model": "ehr.medicalrecordaudit", "pk": "97fe1290-d044-4f01-a5d4-f22ef05334a5", "fields": {"medical_record": "147a262d-985f-4aa4-aa5c-1be488073add", "action": "EXPORT", "field_modified": "", "old_value": "", "new_value": "", "performed_by": 11, "timestamp": "2025-04-05T18:25:40.387Z", "ip_address": "127.0.0.1", "user_agent": "Mozilla/5.0 (X11; Linux x86_64) AppleWebKit/537.36 (KHTML, like Gecko) Chrome/134.0.0.0 Safari/537.36"}}, {"model": "ehr.medicalrecordaudit", "pk": "a3df3f4f-efb2-4003-8377-32a696a6dd6b", "fields": {"medical_record": "b75c87f7-adf6-4d28-95b3-2aa3f9f64ed4", "action": "CREATE", "field_modified": "", "old_value": "", "new_value": "", "performed_by": 13, "timestamp": "2025-04-06T08:22:30.139Z", "ip_address": "127.0.0.1", "user_agent": "Mozilla/5.0 (X11; Linux x86_64) AppleWebKit/537.36 (KHTML, like Gecko) Chrome/134.0.0.0 Safari/537.36"}}, {"model": "ehr.medicalrecordaudit", "pk": "b8ac6eef-dd8f-4847-a601-298f6490dc43", "fields": {"medical_record": "a105fb09-05fa-4402-b7ed-1746632f458e", "action": "LOCK", "field_modified": "", "old_value": "", "new_value": "", "performed_by": 13, "timestamp": "2025-04-06T15:27:35.706Z", "ip_address": null, "user_agent": ""}}, {"model": "ehr.medicalrecordaudit", "pk": "bfbd47c0-93a3-4775-afea-265794656b59", "fields": {"medical_record": "147a262d-985f-4aa4-aa5c-1be488073add", "action": "EXPORT", "field_modified": "", "old_value": "", "new_value": "", "performed_by": 11, "timestamp": "2025-04-06T07:08:08.333Z", "ip_address": "127.0.0.1", "user_agent": "Mozilla/5.0 (X11; Linux x86_64) AppleWebKit/537.36 (KHTML, like Gecko) Chrome/134.0.0.0 Safari/537.36"}}, {"model": "ehr.medicalrecordaudit", "pk": "c27765bc-3502-4448-b9b1-11e6f979c216", "fields": {"medical_record": "2f34260d-122f-4be5-8cc1-891f8215e389", "action": "EXPORT", "field_modified": "", "old_value": "", "new_value": "", "performed_by": 15, "timestamp": "2025-04-05T18:57:47.887Z", "ip_address": "127.0.0.1", "user_agent": "Mozilla/5.0 (X11; Linux x86_64) AppleWebKit/537.36 (KHTML, like Gecko) Chrome/134.0.0.0 Safari/537.36"}}, {"model": "ehr.medicalrecordaudit", "pk": "e55be26b-07fd-421e-be81-cacdec4dc283", "fields": {"medical_record": "147a262d-985f-4aa4-aa5c-1be488073add", "action": "EXPORT", "field_modified": "", "old_value": "", "new_value": "", "performed_by": 11, "timestamp": "2025-04-06T07:09:15.180Z", "ip_address": "127.0.0.1", "user_agent": "Mozilla/5.0 (X11; Linux x86_64) AppleWebKit/537.36 (KHTML, like Gecko) Chrome/134.0.0.0 Safari/537.36"}}, {"model": "ehr.medicalrecordaudit", "pk": "ed0afb6f-a132-4df1-8581-eb52e5a12a2b", "fields": {"medical_record": "2f34260d-122f-4be5-8cc1-891f8215e389", "action": "UPDATE", "field_modified": "is_locked", "old_value": "", "new_value": "True", "performed_by": null, "timestamp": "2025-04-05T18:49:34.974Z", "ip_address": null, "user_agent": ""}}, {"model": "ehr.medicalrecordaudit", "pk": "eff31755-9e90-48ab-b156-07729f02779d", "fields": {"medical_record": "b75c87f7-adf6-4d28-95b3-2aa3f9f64ed4", "action": "UPDATE", "field_modified": "", "old_value": "", "new_value": "", "performed_by": 13, "timestamp": "2025-04-06T08:22:45.786Z", "ip_address": "127.0.0.1", "user_agent": "Mozilla/5.0 (X11; Linux x86_64) AppleWebKit/537.36 (KHTML, like Gecko) Chrome/134.0.0.0 Safari/537.36"}}, {"model": "ehr.medicalrecordaudit", "pk": "fa40fb64-0929-4858-b236-955cb090a98d", "fields": {"medical_record": "751ac75e-0bbd-4a37-b47f-e2e68d8ba5c8", "action": "CREATE", "field_modified": "", "old_value": "", "new_value": "", "performed_by": 13, "timestamp": "2025-04-07T09:47:10.468Z", "ip_address": null, "user_agent": ""}}, {"model": "communication.message", "pk": 1, "fields": {"sender": 11, "recipient": 13, "content": "Hello, doctor!", "timestamp": "2025-04-10T17:45:51.465Z"}}, {"model": "communication.message", "pk": 2, "fields": {"sender": 13, "recipient": 11, "content": "Hello, patient!", "timestamp": "2025-04-10T17:47:30.128Z"}}, {"model": "communication.message", "pk": 3, "fields": {"sender": 13, "recipient": 11, "content": "  Is everythng alright patient?", "timestamp": "2025-04-10T17:50:48.764Z"}}, {"model": "communication.message", "pk": 4, "fields": {"sender": 13, "recipient": 11, "content": "Hello", "timestamp": "2025-04-11T05:34:15.849Z"}}, {"model": "communication.message", "pk": 5, "fields": {"sender": 11, "recipient": 13, "content": "hi", "timestamp": "2025-04-11T06:30:48.751Z"}}, {"model": "communication.message", "pk": 6, "fields": {"sender": 13, "recipient": 11, "content": "hi", "timestamp": "2025-04-11T07:00:38.268Z"}}, {"model": "communication.message", "pk": 7, "fields": {"sender": 11, "recipient": 13, "content": "hello", "timestamp": "2025-04-11T07:01:11.652Z"}}, {"model": "communication.message", "pk": 8, "fields": {"sender": 11, "recipient": 13, "content": "hi", "timestamp": "2025-04-11T08:38:04.899Z"}}, {"model": "communication.message", "pk": 9, "fields": {"sender": 13, "recipient": 11, "content": "hey", "timestamp": "2025-04-11T08:39:18.733Z"}}, {"model": "communication.message", "pk": 10, "fields": {"sender": 11, "recipient": 13, "content": "hello", "timestamp": "2025-04-11T08:40:37.261Z"}}, {"model": "communication.message", "pk": 11, "fields": {"sender": 13, "recipient": 11, "content": "wassup", "timestamp": "2025-04-11T08:40:48.385Z"}}, {"model": "communication.message", "pk": 12, "fields": {"sender": 13, "recipient": 11, "content": "my name is tori", "timestamp": "2025-04-11T08:42:05.796Z"}}, {"model": "communication.message", "pk": 13, "fields": {"sender": 11, "recipient": 13, "content": "my name is bigyan", "timestamp": "2025-04-11T08:42:20.254Z"}}, {"model": "communication.message", "pk": 14, "fields": {"sender": 11, "recipient": 13, "content": "hey", "timestamp": "2025-04-11T09:39:04.358Z"}}, {"model": "communication.message", "pk": 15, "fields": {"sender": 11, "recipient": 13, "content": "hey", "timestamp": "2025-04-11T09:52:45.409Z"}}, {"model": "communication.message", "pk": 16, "fields": {"sender": 11, "recipient": 13, "content": "hi", "timestamp": "2025-04-11T09:56:05.015Z"}}, {"model": "communication.message", "pk": 17, "fields": {"sender": 13, "recipient": 11, "content": "hey", "timestamp": "2025-04-11T13:33:50.721Z"}}, {"model": "communication.message", "pk": 18, "fields": {"sender": 11, "recipient": 13, "content": "hello", "timestamp": "2025-04-12T07:49:17.622Z"}}, {"model": "communication.message", "pk": 19, "fields": {"sender": 11, "recipient": 13, "content": "hey", "timestamp": "2025-04-13T05:38:10.597Z"}}, {"model": "communication.message", "pk": 20, "fields": {"sender": 11, "recipient": 13, "content": "hey", "timestamp": "2025-04-13T05:40:40.754Z"}}, {"model": "communication.message", "pk": 21, "fields": {"sender": 13, "recipient": 11, "content": "how's going", "timestamp": "2025-04-13T05:41:57.422Z"}}, {"model": "communication.message", "pk": 22, "fields": {"sender": 13, "recipient": 11, "content": "Hello sir", "timestamp": "2025-04-13T06:12:04.395Z"}}, {"model": "communication.message", "pk": 23, "fields": {"sender": 11, "recipient": 13, "content": "hi", "timestamp": "2025-04-13T10:00:27.022Z"}}, {"model": "communication.message", "pk": 24, "fields": {"sender": 11, "recipient": 13, "content": "hey", "timestamp": "2025-04-13T10:00:56.126Z"}}, {"model": "communication.message", "pk": 25, "fields": {"sender": 11, "recipient": 13, "content": "hello doc", "timestamp": "2025-04-18T16:48:43.860Z"}}, {"model": "communication.message", "pk": 26, "fields": {"sender": 13, "recipient": 11, "content": "Hey", "timestamp": "2025-04-20T06:35:30.767Z"}}, {"model": "communication.message", "pk": 27, "fields": {"sender": 11, "recipient": 13, "content": "hello", "timestamp": "2025-05-11T04:57:39.028Z"}}, {"model": "communication.message", "pk": 28, "fields": {"sender": 13, "recipient": 11, "content": "lol", "timestamp": "2025-05-11T05:13:54.087Z"}}, {"model": "communication.message", "pk": 29, "fields": {"sender": 11, "recipient": 13, "content": "hey", "timestamp": "2025-05-11T17:55:52.544Z"}}, {"model": "communication.message", "pk": 30, "fields": {"sender": 13, "recipient": 11, "content": "hi", "timestamp": "2025-05-15T11:05:48.944Z"}}, {"model": "communication.message", "pk": 31, "fields": {"sender": 13, "recipient": 11, "content": "hi", "timestamp": "2025-05-15T11:05:51.613Z"}}, {"model": "communication.message", "pk": 32, "fields": {"sender": 13, "recipient": 11, "content": "hey", "timestamp": "2025-05-15T11:06:55.309Z"}}, {"model": "communication.message", "pk": 33, "fields": {"sender": 13, "recipient": 11, "content": "hey", "timestamp": "2025-05-15T13:05:43.466Z"}}, {"model": "communication.message", "pk": 34, "fields": {"sender": 13, "recipient": 11, "content": "hey", "timestamp": "2025-05-15T13:50:21.120Z"}}, {"model": "communication.message", "pk": 35, "fields": {"sender": 11, "recipient": 13, "content": "hello", "timestamp": "2025-05-15T13:50:58.586Z"}}, {"model": "communication.message", "pk": 36, "fields": {"sender": 13, "recipient": 11, "content": "whats", "timestamp": "2025-05-15T13:51:15.014Z"}}, {"model": "communication.message", "pk": 37, "fields": {"sender": 11, "recipient": 13, "content": "hi", "timestamp": "2025-05-15T13:51:40.199Z"}}, {"model": "communication.message", "pk": 38, "fields": {"sender": 11, "recipient": 13, "content": "hello", "timestamp": "2025-05-15T16:28:15.933Z"}}, {"model": "communication.message", "pk": 39, "fields": {"sender": 11, "recipient": 13, "content": "hey", "timestamp": "2025-05-15T17:26:50.227Z"}}, {"model": "communication.message", "pk": 40, "fields": {"sender": 11, "recipient": 13, "content": "hey", "timestamp": "2025-05-15T17:34:08.486Z"}}, {"model": "communication.message", "pk": 41, "fields": {"sender": 13, "recipient": 11, "content": "hi", "timestamp": "2025-05-15T17:34:37.612Z"}}, {"model": "communication.message", "pk": 42, "fields": {"sender": 11, "recipient": 13, "content": "hello", "timestamp": "2025-05-15T18:07:33.655Z"}}, {"model": "communication.message", "pk": 43, "fields": {"sender": 13, "recipient": 11, "content": "lol", "timestamp": "2025-05-15T18:12:07.957Z"}}, {"model": "communication.message", "pk": 44, "fields": {"sender": 11, "recipient": 13, "content": "look", "timestamp": "2025-05-15T18:12:31.159Z"}}, {"model": "chatbot.chatsession", "pk": 1, "fields": {"user": 11, "created_at": "2025-04-11T20:40:00.843Z", "updated_at": "2025-04-11T20:40:03.043Z", "title": "Your message here"}}, {"model": "chatbot.chatsession", "pk": 2, "fields": {"user": 11, "created_at": "2025-04-11T20:40:29.527Z", "updated_at": "2025-04-11T20:40:31.508Z", "title": "Hey"}}, {"model": "chatbot.chatsession", "pk": 3, "fields": {"user": 11, "created_at": "2025-04-11T21:02:20.666Z", "updated_at": "2025-04-11T21:02:23.368Z", "title": "Hello, I'd like to know how to schedule an appoint..."}}, {"model": "chatbot.chatsession", "pk": 4, "fields": {"user": 11, "created_at": "2025-04-11T21:02:49.837Z", "updated_at": "2025-04-11T21:02:52.372Z", "title": "Hello, what is google"}}, {"model": "chatbot.chatsession", "pk": 5, "fields": {"user": 11, "created_at": "2025-04-11T21:03:24.547Z", "updated_at": "2025-04-11T21:03:26.754Z", "title": "Hello, whats my name"}}, {"model": "chatbot.chatsession", "pk": 6, "fields": {"user": 11, "created_at": "2025-04-11T21:12:12.075Z", "updated_at": "2025-04-11T21:12:14.524Z", "title": "Hello, whats my name"}}, {"model": "chatbot.chatsession", "pk": 7, "fields": {"user": 11, "created_at": "2025-04-11T21:12:35.217Z", "updated_at": "2025-04-11T21:12:35.262Z", "title": "Do you know about my appointments"}}, {"model": "chatbot.chatsession", "pk": 8, "fields": {"user": 11, "created_at": "2025-04-11T21:12:48.245Z", "updated_at": "2025-04-11T21:12:48.261Z", "title": "Do you know about my appointments history"}}, {"model": "chatbot.chatsession", "pk": 9, "fields": {"user": 11, "created_at": "2025-04-11T21:13:22.036Z", "updated_at": "2025-04-11T21:13:22.052Z", "title": "All appointments"}}, {"model": "chatbot.chatsession", "pk": 10, "fields": {"user": 11, "created_at": "2025-04-11T21:18:03.930Z", "updated_at": "2025-04-11T21:18:06.472Z", "title": "which api you used"}}, {"model": "chatbot.chatsession", "pk": 11, "fields": {"user": 11, "created_at": "2025-04-11T21:18:29.167Z", "updated_at": "2025-04-11T21:18:31.355Z", "title": "Are you gemini api or what"}}, {"model": "chatbot.chatsession", "pk": 12, "fields": {"user": 11, "created_at": "2025-04-11T21:18:47.895Z", "updated_at": "2025-04-11T21:18:47.915Z", "title": "Can you book a appointment"}}, {"model": "chatbot.chatsession", "pk": 13, "fields": {"user": 11, "created_at": "2025-04-11T21:18:52.518Z", "updated_at": "2025-04-11T21:18:52.562Z", "title": "Can you book a appointment"}}, {"model": "chatbot.chatsession", "pk": 14, "fields": {"user": 11, "created_at": "2025-04-11T21:19:14.779Z", "updated_at": "2025-04-11T21:19:14.794Z", "title": "Can you tell me doctor available slots"}}, {"model": "chatbot.chatsession", "pk": 15, "fields": {"user": 11, "created_at": "2025-04-11T21:19:17.631Z", "updated_at": "2025-04-11T21:19:17.674Z", "title": "Can you tell me doctor available slots"}}, {"model": "chatbot.chatsession", "pk": 16, "fields": {"user": 11, "created_at": "2025-04-11T21:19:18.744Z", "updated_at": "2025-04-11T21:19:18.761Z", "title": "Can you tell me doctor available slots"}}, {"model": "chatbot.chatsession", "pk": 17, "fields": {"user": 11, "created_at": "2025-04-11T21:24:54.650Z", "updated_at": "2025-04-11T21:24:54.698Z", "title": "Can you tell me doctor available slots"}}, {"model": "chatbot.chatsession", "pk": 18, "fields": {"user": 11, "created_at": "2025-04-11T21:24:57.717Z", "updated_at": "2025-04-11T21:24:57.733Z", "title": "Can you tell me doctor available slots"}}, {"model": "chatbot.chatsession", "pk": 19, "fields": {"user": 11, "created_at": "2025-04-11T21:25:09.790Z", "updated_at": "2025-04-11T21:25:09.816Z", "title": "My EHR"}}, {"model": "chatbot.chatsession", "pk": 20, "fields": {"user": 11, "created_at": "2025-04-11T21:25:29.851Z", "updated_at": "2025-04-11T21:25:29.870Z", "title": "DOCTORS"}}, {"model": "chatbot.chatsession", "pk": 21, "fields": {"user": 11, "created_at": "2025-04-11T21:25:44.590Z", "updated_at": "2025-04-11T21:25:44.607Z", "title": "doctor list"}}, {"model": "chatbot.chatsession", "pk": 22, "fields": {"user": 11, "created_at": "2025-04-11T21:26:25.382Z", "updated_at": "2025-04-11T21:26:27.857Z", "title": "my records"}}, {"model": "chatbot.chatsession", "pk": 23, "fields": {"user": 11, "created_at": "2025-04-11T21:27:10.479Z", "updated_at": "2025-04-11T21:27:10.506Z", "title": "can you tell me which medicine should i take"}}, {"model": "chatbot.chatsession", "pk": 24, "fields": {"user": 11, "created_at": "2025-04-11T21:27:36.156Z", "updated_at": "2025-04-11T21:27:36.180Z", "title": "Do you know homemade medicine than my prescribed o..."}}, {"model": "chatbot.chatsession", "pk": 25, "fields": {"user": 11, "created_at": "2025-04-11T21:27:40.407Z", "updated_at": "2025-04-11T21:27:40.430Z", "title": "Do you know homemade medicine than my prescribed o..."}}, {"model": "chatbot.chatsession", "pk": 26, "fields": {"user": 11, "created_at": "2025-04-11T21:30:29.902Z", "updated_at": "2025-04-11T21:30:33.098Z", "title": "Do you know homemade medicine than my prescribed o..."}}, {"model": "chatbot.chatsession", "pk": 27, "fields": {"user": 11, "created_at": "2025-04-11T21:31:22.645Z", "updated_at": "2025-04-11T21:31:25.198Z", "title": "can you tell me about this medicine and where its ..."}}, {"model": "chatbot.chatsession", "pk": 28, "fields": {"user": 11, "created_at": "2025-04-11T21:31:51.041Z", "updated_at": "2025-04-11T21:31:53.995Z", "title": "can you tell me about this medicine and where its ..."}}, {"model": "chatbot.chatsession", "pk": 29, "fields": {"user": 11, "created_at": "2025-04-11T21:32:47.388Z", "updated_at": "2025-04-11T21:32:49.643Z", "title": "do you know who am i"}}, {"model": "chatbot.chatsession", "pk": 30, "fields": {"user": 11, "created_at": "2025-04-11T21:33:07.806Z", "updated_at": "2025-04-11T21:33:10.258Z", "title": "Look at my records"}}, {"model": "chatbot.chatsession", "pk": 31, "fields": {"user": 11, "created_at": "2025-04-11T21:34:04.844Z", "updated_at": "2025-04-11T21:34:07.194Z", "title": "Do you know the doctor list"}}, {"model": "chatbot.chatsession", "pk": 32, "fields": {"user": 11, "created_at": "2025-04-11T21:34:17.366Z", "updated_at": "2025-04-11T21:34:19.588Z", "title": "yes"}}, {"model": "chatbot.chatsession", "pk": 33, "fields": {"user": 11, "created_at": "2025-04-11T21:34:33.517Z", "updated_at": "2025-04-11T21:34:33.533Z", "title": "i would like to see the doctor list"}}, {"model": "chatbot.chatsession", "pk": 34, "fields": {"user": 11, "created_at": "2025-04-11T21:34:38.907Z", "updated_at": "2025-04-11T21:34:38.923Z", "title": "i would like to see the doctor"}}, {"model": "chatbot.chatsession", "pk": 35, "fields": {"user": 11, "created_at": "2025-04-11T21:34:42.618Z", "updated_at": "2025-04-11T21:34:42.637Z", "title": "i would like to see the doctor"}}, {"model": "chatbot.chatsession", "pk": 36, "fields": {"user": 11, "created_at": "2025-04-11T21:34:49.756Z", "updated_at": "2025-04-11T21:34:49.772Z", "title": "doctor list"}}, {"model": "chatbot.chatsession", "pk": 37, "fields": {"user": 11, "created_at": "2025-04-11T21:34:52.580Z", "updated_at": "2025-04-11T21:34:52.594Z", "title": "doctor list"}}, {"model": "chatbot.chatsession", "pk": 38, "fields": {"user": 11, "created_at": "2025-04-11T21:34:56.010Z", "updated_at": "2025-04-11T21:34:56.054Z", "title": "doctor"}}, {"model": "chatbot.chatsession", "pk": 39, "fields": {"user": 11, "created_at": "2025-04-11T21:35:01.301Z", "updated_at": "2025-04-11T21:35:03.615Z", "title": "Hey"}}, {"model": "chatbot.chatsession", "pk": 40, "fields": {"user": 11, "created_at": "2025-04-11T21:35:13.854Z", "updated_at": "2025-04-11T21:35:16.316Z", "title": "do you know doctor"}}, {"model": "chatbot.chatsession", "pk": 41, "fields": {"user": 11, "created_at": "2025-04-11T21:53:25.849Z", "updated_at": "2025-04-11T21:53:29.008Z", "title": "Do you know homemade medicine than my prescribed o..."}}, {"model": "chatbot.chatsession", "pk": 42, "fields": {"user": 11, "created_at": "2025-04-11T21:54:15.854Z", "updated_at": "2025-04-11T21:54:18.214Z", "title": "yes"}}, {"model": "chatbot.chatsession", "pk": 43, "fields": {"user": 11, "created_at": "2025-04-11T21:54:27.306Z", "updated_at": "2025-04-11T21:54:27.331Z", "title": "Doctor time"}}, {"model": "chatbot.chatsession", "pk": 44, "fields": {"user": 11, "created_at": "2025-04-11T21:54:31.969Z", "updated_at": "2025-04-11T21:54:32.021Z", "title": "Doctor"}}, {"model": "chatbot.chatsession", "pk": 45, "fields": {"user": 11, "created_at": "2025-04-11T21:54:38.245Z", "updated_at": "2025-04-11T21:54:38.272Z", "title": "doctor"}}, {"model": "chatbot.chatsession", "pk": 46, "fields": {"user": 11, "created_at": "2025-04-11T21:54:42.620Z", "updated_at": "2025-04-11T21:54:42.679Z", "title": "doctor list"}}, {"model": "chatbot.chatsession", "pk": 47, "fields": {"user": 11, "created_at": "2025-04-11T21:54:49.365Z", "updated_at": "2025-04-11T21:54:55.562Z", "title": "record"}}, {"model": "chatbot.chatsession", "pk": 48, "fields": {"user": 11, "created_at": "2025-04-11T21:55:36.087Z", "updated_at": "2025-04-11T21:55:36.143Z", "title": "list of doctor"}}, {"model": "chatbot.chatsession", "pk": 49, "fields": {"user": 11, "created_at": "2025-04-11T21:56:52.824Z", "updated_at": "2025-04-11T21:56:55.287Z", "title": "symptoms of fever"}}, {"model": "chatbot.chatsession", "pk": 50, "fields": {"user": 11, "created_at": "2025-04-11T22:00:08.787Z", "updated_at": "2025-04-11T22:00:08.824Z", "title": "doctor list"}}, {"model": "chatbot.chatsession", "pk": 51, "fields": {"user": 11, "created_at": "2025-04-11T22:01:03.789Z", "updated_at": "2025-04-11T22:01:03.849Z", "title": "doctor list"}}, {"model": "chatbot.chatsession", "pk": 52, "fields": {"user": 11, "created_at": "2025-04-11T22:10:11.612Z", "updated_at": "2025-05-15T18:08:51.881Z", "title": "doctor list"}}, {"model": "chatbot.chatsession", "pk": 53, "fields": {"user": 12, "created_at": "2025-04-17T07:50:58.990Z", "updated_at": "2025-04-17T07:54:16.768Z", "title": "Show me my prescriptions"}}, {"model": "chatbot.chatsession", "pk": 54, "fields": {"user": 17, "created_at": "2025-04-18T16:46:32.941Z", "updated_at": "2025-04-18T16:46:51.972Z", "title": "When is my next appointment?"}}, {"model": "chatbot.chatsession", "pk": 55, "fields": {"user": 2, "created_at": "2025-05-02T05:11:05.267Z", "updated_at": "2025-05-02T13:40:44.765Z", "title": "hey"}}, {"model": "chatbot.chatmessage", "pk": 1, "fields": {"session": 1, "role": "user", "content": "Your message here", "timestamp": "2025-04-11T20:40:00.852Z"}}, {"model": "chatbot.chatmessage", "pk": 2, "fields": {"session": 1, "role": "assistant", "content": "I apologize, but I'm having trouble processing your request. Please try again later or contact support if the issue persists.", "timestamp": "2025-04-11T20:40:03.036Z"}}, {"model": "chatbot.chatmessage", "pk": 3, "fields": {"session": 2, "role": "user", "content": "Hey", "timestamp": "2025-04-11T20:40:29.534Z"}}, {"model": "chatbot.chatmessage", "pk": 4, "fields": {"session": 2, "role": "assistant", "content": "I apologize, but I'm having trouble processing your request. Please try again later or contact support if the issue persists.", "timestamp": "2025-04-11T20:40:31.502Z"}}, {"model": "chatbot.chatmessage", "pk": 5, "fields": {"session": 3, "role": "user", "content": "Hello, I'd like to know how to schedule an appointment", "timestamp": "2025-04-11T21:02:20.673Z"}}, {"model": "chatbot.chatmessage", "pk": 6, "fields": {"session": 3, "role": "assistant", "content": "Hi BIG YAN, I'm happy to help you with that! You can schedule an appointment by calling our office directly, or you can use our online portal. Would you prefer to schedule it online or would you like me to provide you with the phone number?\n", "timestamp": "2025-04-11T21:02:23.361Z"}}, {"model": "chatbot.chatmessage", "pk": 7, "fields": {"session": 4, "role": "user", "content": "Hello, what is google", "timestamp": "2025-04-11T21:02:49.844Z"}}, {"model": "chatbot.chatmessage", "pk": 8, "fields": {"session": 4, "role": "assistant", "content": "Hello BIG YAN, Google is a search engine that helps you find information on the internet. You can search for websites, images, videos, and more. Is there anything specific you'd like to know about it?\n", "timestamp": "2025-04-11T21:02:52.339Z"}}, {"model": "chatbot.chatmessage", "pk": 9, "fields": {"session": 5, "role": "user", "content": "Hello, whats my name", "timestamp": "2025-04-11T21:03:24.554Z"}}, {"model": "chatbot.chatmessage", "pk": 10, "fields": {"session": 5, "role": "assistant", "content": "Hello BIG YAN, nice to speak with you today! How can I help you?\n", "timestamp": "2025-04-11T21:03:26.745Z"}}, {"model": "chatbot.chatmessage", "pk": 11, "fields": {"session": 6, "role": "user", "content": "Hello, whats my name", "timestamp": "2025-04-11T21:12:12.108Z"}}, {"model": "chatbot.chatmessage", "pk": 12, "fields": {"session": 6, "role": "assistant", "content": "Hello Big Yan, nice to hear from you. How can I help you today?\n", "timestamp": "2025-04-11T21:12:14.516Z"}}, {"model": "chatbot.chatmessage", "pk": 13, "fields": {"session": 7, "role": "user", "content": "Do you know about my appointments", "timestamp": "2025-04-11T21:12:35.249Z"}}, {"model": "chatbot.chatmessage", "pk": 14, "fields": {"session": 7, "role": "assistant", "content": "You don't have any appointments scheduled.", "timestamp": "2025-04-11T21:12:35.259Z"}}, {"model": "chatbot.chatmessage", "pk": 15, "fields": {"session": 8, "role": "user", "content": "Do you know about my appointments history", "timestamp": "2025-04-11T21:12:48.253Z"}}, {"model": "chatbot.chatmessage", "pk": 16, "fields": {"session": 8, "role": "assistant", "content": "Here are your appointment details:\n\n1. With Dr. Sujan Pandey on Friday, April 11, 2025 at 02:00 PM (Past appointment - MISSED)\n   Reason: General consultation\n\n2. With Dr. Sujan Pandey on Friday, April 11, 2025 at 02:00 PM (Past appointment - COMPLETED)\n   Reason: Annual checkup\n\n3. With Dr. Sujan Pandey on Friday, April 11, 2025 at 01:00 PM (Past appointment - CANCELLED)\n   Reason: Annual checkup\n\nYou have 11 more appointments. Ask for 'all my appointments' to see the complete list.", "timestamp": "2025-04-11T21:12:48.260Z"}}, {"model": "chatbot.chatmessage", "pk": 17, "fields": {"session": 9, "role": "user", "content": "All appointments", "timestamp": "2025-04-11T21:13:22.043Z"}}, {"model": "chatbot.chatmessage", "pk": 18, "fields": {"session": 9, "role": "assistant", "content": "Here are your appointment details:\n\n1. With Dr. Sujan Pandey on Friday, April 11, 2025 at 02:00 PM (Past appointment - MISSED)\n   Reason: General consultation\n\n2. With Dr. Sujan Pandey on Friday, April 11, 2025 at 02:00 PM (Past appointment - COMPLETED)\n   Reason: Annual checkup\n\n3. With Dr. Sujan Pandey on Friday, April 11, 2025 at 01:00 PM (Past appointment - CANCELLED)\n   Reason: Annual checkup\n\n4. With Dr. Sujan Pandey on Thursday, April 10, 2025 at 09:25 AM (Past appointment - MISSED)\n   Reason: General consultation\n\n5. With Dr. Sujan Pandey on Wednesday, April 09, 2025 at 11:50 AM (Past appointment - MISSED)\n   Reason: General consultation\n\n6. With Dr. Sujan Pandey on Wednesday, April 09, 2025 at 11:25 AM (Past appointment - COMPLETED)\n   Reason: General consultation\n\n7. With Dr. Sujan Pandey on Wednesday, April 09, 2025 at 11:00 AM (Past appointment - MISSED)\n   Reason: General consultation\n\n8. With Dr. Sujan Pandey on Wednesday, April 09, 2025 at 09:00 AM (Past appointment - COMPLETED)\n   Reason: hey\n\n9. With Dr. Sujan Pandey on Tuesday, April 08, 2025 at 05:20 PM (Past appointment - CANCELLED)\n   Reason: Regular checkup\n\n10. With Dr. Sujan Pandey on Wednesday, April 02, 2025 at 09:50 AM (Past appointment - MISSED)\n   Reason: hey\n\n11. With Dr. Sujan Pandey on Wednesday, April 02, 2025 at 09:00 AM (Past appointment - COMPLETED)\n   Reason: Headache\n\n12. With Dr. Sujan Pandey on Wednesday, April 02, 2025 at 09:00 AM (Past appointment - CANCELLED)\n   Reason: headache\n\n13. With Dr. Sujan Pandey on Tuesday, April 01, 2025 at 09:00 AM (Past appointment - MISSED)\n   Reason: sick\n\n14. With Dr. Kunjan Sharma on Monday, March 31, 2025 at 09:00 AM (Past appointment - MISSED)\n   Reason: sick\n\n", "timestamp": "2025-04-11T21:13:22.050Z"}}, {"model": "chatbot.chatmessage", "pk": 19, "fields": {"session": 10, "role": "user", "content": "which api you used", "timestamp": "2025-04-11T21:18:03.938Z"}}, {"model": "chatbot.chatmessage", "pk": 20, "fields": {"session": 10, "role": "assistant", "content": "I don't use external APIs to access your medical records directly. The information I have about your appointments is securely provided to me within this system to help me assist you better.\n", "timestamp": "2025-04-11T21:18:06.464Z"}}, {"model": "chatbot.chatmessage", "pk": 21, "fields": {"session": 11, "role": "user", "content": "Are you gemini api or what", "timestamp": "2025-04-11T21:18:29.174Z"}}, {"model": "chatbot.chatmessage", "pk": 22, "fields": {"session": 11, "role": "assistant", "content": "I am a large language model, trained by Google.\n", "timestamp": "2025-04-11T21:18:31.347Z"}}, {"model": "chatbot.chatmessage", "pk": 23, "fields": {"session": 12, "role": "user", "content": "Can you book a appointment", "timestamp": "2025-04-11T21:18:47.904Z"}}, {"model": "chatbot.chatmessage", "pk": 24, "fields": {"session": 12, "role": "assistant", "content": "You don't have any appointments scheduled.", "timestamp": "2025-04-11T21:18:47.913Z"}}, {"model": "chatbot.chatmessage", "pk": 25, "fields": {"session": 13, "role": "user", "content": "Can you book a appointment", "timestamp": "2025-04-11T21:18:52.551Z"}}, {"model": "chatbot.chatmessage", "pk": 26, "fields": {"session": 13, "role": "assistant", "content": "You don't have any appointments scheduled.", "timestamp": "2025-04-11T21:18:52.559Z"}}, {"model": "chatbot.chatmessage", "pk": 27, "fields": {"session": 14, "role": "user", "content": "Can you tell me doctor available slots", "timestamp": "2025-04-11T21:19:14.787Z"}}, {"model": "chatbot.chatmessage", "pk": 28, "fields": {"session": 14, "role": "assistant", "content": "You don't have any appointments scheduled.", "timestamp": "2025-04-11T21:19:14.793Z"}}, {"model": "chatbot.chatmessage", "pk": 29, "fields": {"session": 15, "role": "user", "content": "Can you tell me doctor available slots", "timestamp": "2025-04-11T21:19:17.664Z"}}, {"model": "chatbot.chatmessage", "pk": 30, "fields": {"session": 15, "role": "assistant", "content": "You don't have any appointments scheduled.", "timestamp": "2025-04-11T21:19:17.671Z"}}, {"model": "chatbot.chatmessage", "pk": 31, "fields": {"session": 16, "role": "user", "content": "Can you tell me doctor available slots", "timestamp": "2025-04-11T21:19:18.751Z"}}, {"model": "chatbot.chatmessage", "pk": 32, "fields": {"session": 16, "role": "assistant", "content": "You don't have any appointments scheduled.", "timestamp": "2025-04-11T21:19:18.758Z"}}, {"model": "chatbot.chatmessage", "pk": 33, "fields": {"session": 17, "role": "user", "content": "Can you tell me doctor available slots", "timestamp": "2025-04-11T21:24:54.683Z"}}, {"model": "chatbot.chatmessage", "pk": 34, "fields": {"session": 17, "role": "assistant", "content": "You don't have any appointments scheduled.", "timestamp": "2025-04-11T21:24:54.695Z"}}, {"model": "chatbot.chatmessage", "pk": 35, "fields": {"session": 18, "role": "user", "content": "Can you tell me doctor available slots", "timestamp": "2025-04-11T21:24:57.725Z"}}, {"model": "chatbot.chatmessage", "pk": 36, "fields": {"session": 18, "role": "assistant", "content": "You don't have any appointments scheduled.", "timestamp": "2025-04-11T21:24:57.731Z"}}, {"model": "chatbot.chatmessage", "pk": 37, "fields": {"session": 19, "role": "user", "content": "My EHR", "timestamp": "2025-04-11T21:25:09.798Z"}}, {"model": "chatbot.chatmessage", "pk": 38, "fields": {"session": 19, "role": "assistant", "content": "You have 3 medical records in our system.\n\nYour most recent visit was on April 09, 2025 with Dr. Sujan Pandey.\n\nYour recent medical visits:\n1. April 09, 2025 with Dr. Sujan Pandey\n2. April 09, 2025 with Dr. Sujan Pandey\n3. April 02, 2025 with Dr. Sujan Pandey (includes prescriptions)\n\nTo view your complete medical records, please use the patient portal or ask your doctor during your next appointment.", "timestamp": "2025-04-11T21:25:09.813Z"}}, {"model": "chatbot.chatmessage", "pk": 39, "fields": {"session": 20, "role": "user", "content": "DOCTORS", "timestamp": "2025-04-11T21:25:29.858Z"}}, {"model": "chatbot.chatmessage", "pk": 40, "fields": {"session": 20, "role": "assistant", "content": "You don't have any appointments scheduled.", "timestamp": "2025-04-11T21:25:29.868Z"}}, {"model": "chatbot.chatmessage", "pk": 41, "fields": {"session": 21, "role": "user", "content": "doctor list", "timestamp": "2025-04-11T21:25:44.598Z"}}, {"model": "chatbot.chatmessage", "pk": 42, "fields": {"session": 21, "role": "assistant", "content": "You don't have any appointments scheduled.", "timestamp": "2025-04-11T21:25:44.605Z"}}, {"model": "chatbot.chatmessage", "pk": 43, "fields": {"session": 22, "role": "user", "content": "my records", "timestamp": "2025-04-11T21:26:25.390Z"}}, {"model": "chatbot.chatmessage", "pk": 44, "fields": {"session": 22, "role": "assistant", "content": "Okay, BIG YAN. I can tell you that your last medical visit was on April 09, 2025 with Dr. Sujan Pandey. Is there anything else about your records you'd like to know?\n", "timestamp": "2025-04-11T21:26:27.850Z"}}, {"model": "chatbot.chatmessage", "pk": 45, "fields": {"session": 23, "role": "user", "content": "can you tell me which medicine should i take", "timestamp": "2025-04-11T21:27:10.487Z"}}, {"model": "chatbot.chatmessage", "pk": 46, "fields": {"session": 23, "role": "assistant", "content": "Your latest prescription was from Dr. Sujan Pandey on April 02, 2025:\n\n1. Paracetamol - 500mg\n   Take: 3 times a day for 5 days\n   Instructions: After food\n\nPlease follow your doctor's instructions for all medications. For refills or questions about your prescriptions, please contact your pharmacy or doctor's office.", "timestamp": "2025-04-11T21:27:10.504Z"}}, {"model": "chatbot.chatmessage", "pk": 47, "fields": {"session": 24, "role": "user", "content": "Do you know homemade medicine than my prescribed one", "timestamp": "2025-04-11T21:27:36.165Z"}}, {"model": "chatbot.chatmessage", "pk": 48, "fields": {"session": 24, "role": "assistant", "content": "Your latest prescription was from Dr. Sujan Pandey on April 02, 2025:\n\n1. Paracetamol - 500mg\n   Take: 3 times a day for 5 days\n   Instructions: After food\n\nPlease follow your doctor's instructions for all medications. For refills or questions about your prescriptions, please contact your pharmacy or doctor's office.", "timestamp": "2025-04-11T21:27:36.178Z"}}, {"model": "chatbot.chatmessage", "pk": 49, "fields": {"session": 25, "role": "user", "content": "Do you know homemade medicine than my prescribed one", "timestamp": "2025-04-11T21:27:40.416Z"}}, {"model": "chatbot.chatmessage", "pk": 50, "fields": {"session": 25, "role": "assistant", "content": "Your latest prescription was from Dr. Sujan Pandey on April 02, 2025:\n\n1. Paracetamol - 500mg\n   Take: 3 times a day for 5 days\n   Instructions: After food\n\nPlease follow your doctor's instructions for all medications. For refills or questions about your prescriptions, please contact your pharmacy or doctor's office.", "timestamp": "2025-04-11T21:27:40.428Z"}}, {"model": "chatbot.chatmessage", "pk": 51, "fields": {"session": 26, "role": "user", "content": "Do you know homemade medicine than my prescribed one", "timestamp": "2025-04-11T21:30:29.910Z"}}, {"model": "chatbot.chatmessage", "pk": 52, "fields": {"session": 26, "role": "assistant", "content": "I understand you're curious about homemade remedies. While I can share general information about natural or home remedies, it's important to remember that I'm not a medical professional. These remedies haven't always been evaluated the same way as prescribed medications, and their effectiveness can vary.\n\nAlso, I am not able to recommend any alternatives to your prescribed medicine. It's essential to stick with the treatment plan your doctor has created for you. If you're interested in exploring other options, or if you're experiencing side effects from your current medication, the best course of action is to discuss this with your doctor. They can provide guidance tailored to your specific health situation. Would you like help scheduling an appointment?\n", "timestamp": "2025-04-11T21:30:33.066Z"}}, {"model": "chatbot.chatmessage", "pk": 53, "fields": {"session": 27, "role": "user", "content": "can you tell me about this medicine and where its made and when history", "timestamp": "2025-04-11T21:31:22.653Z"}}, {"model": "chatbot.chatmessage", "pk": 54, "fields": {"session": 27, "role": "assistant", "content": "I can certainly provide general information about medications, but I need you to tell me the name of the medicine you're interested in. Once you provide the name, I can share details about its uses, origins, and history.\n\nPlease remember, I am not a medical professional, so this information is for general knowledge only and shouldn't replace advice from your doctor.\n", "timestamp": "2025-04-11T21:31:25.189Z"}}, {"model": "chatbot.chatmessage", "pk": 55, "fields": {"session": 28, "role": "user", "content": "can you tell me about this medicine and where its made and when history the one its prescribed for me", "timestamp": "2025-04-11T21:31:51.048Z"}}, {"model": "chatbot.chatmessage", "pk": 56, "fields": {"session": 28, "role": "assistant", "content": "I understand you're curious about the medication prescribed to you. However, I don't have access to your prescription details or medical history. Therefore, I can't provide specific information about the medicine, its origin, or its history as it pertains to your individual case.\n\nTo get accurate information about your prescription, I recommend checking the prescription label, the information leaflet that came with the medication, or contacting your pharmacist or Dr. Sujan Pandey, who prescribed it for you. They can provide details specific to your prescription and medical history.\n", "timestamp": "2025-04-11T21:31:53.986Z"}}, {"model": "chatbot.chatmessage", "pk": 57, "fields": {"session": 29, "role": "user", "content": "do you know who am i", "timestamp": "2025-04-11T21:32:47.396Z"}}, {"model": "chatbot.chatmessage", "pk": 58, "fields": {"session": 29, "role": "assistant", "content": "Hello Big Yan! I see here that I'm chatting with Big Yan. How can I help you today?\n", "timestamp": "2025-04-11T21:32:49.635Z"}}, {"model": "chatbot.chatmessage", "pk": 59, "fields": {"session": 30, "role": "user", "content": "Look at my records", "timestamp": "2025-04-11T21:33:07.813Z"}}, {"model": "chatbot.chatmessage", "pk": 60, "fields": {"session": 30, "role": "assistant", "content": "Okay, BIG YAN. I can see that your last medical visit was on April 09, 2025, with Dr. Sujan Pandey. Is there anything specific you'd like to know or discuss about that visit or any other part of your records?\n", "timestamp": "2025-04-11T21:33:10.250Z"}}, {"model": "chatbot.chatmessage", "pk": 61, "fields": {"session": 31, "role": "user", "content": "Do you know the doctor list", "timestamp": "2025-04-11T21:34:04.851Z"}}, {"model": "chatbot.chatmessage", "pk": 62, "fields": {"session": 31, "role": "assistant", "content": "Yes, I can help you with that! I can provide you with a list of doctors in our system. Would you like to see the list?\n", "timestamp": "2025-04-11T21:34:07.185Z"}}, {"model": "chatbot.chatmessage", "pk": 63, "fields": {"session": 32, "role": "user", "content": "yes", "timestamp": "2025-04-11T21:34:17.374Z"}}, {"model": "chatbot.chatmessage", "pk": 64, "fields": {"session": 32, "role": "assistant", "content": "Hi BIG YAN, how can I help you today?\n", "timestamp": "2025-04-11T21:34:19.580Z"}}, {"model": "chatbot.chatmessage", "pk": 65, "fields": {"session": 33, "role": "user", "content": "i would like to see the doctor list", "timestamp": "2025-04-11T21:34:33.523Z"}}, {"model": "chatbot.chatmessage", "pk": 66, "fields": {"session": 33, "role": "assistant", "content": "You don't have any appointments scheduled.", "timestamp": "2025-04-11T21:34:33.531Z"}}, {"model": "chatbot.chatmessage", "pk": 67, "fields": {"session": 34, "role": "user", "content": "i would like to see the doctor", "timestamp": "2025-04-11T21:34:38.915Z"}}, {"model": "chatbot.chatmessage", "pk": 68, "fields": {"session": 34, "role": "assistant", "content": "You don't have any appointments scheduled.", "timestamp": "2025-04-11T21:34:38.921Z"}}, {"model": "chatbot.chatmessage", "pk": 69, "fields": {"session": 35, "role": "user", "content": "i would like to see the doctor", "timestamp": "2025-04-11T21:34:42.626Z"}}, {"model": "chatbot.chatmessage", "pk": 70, "fields": {"session": 35, "role": "assistant", "content": "You don't have any appointments scheduled.", "timestamp": "2025-04-11T21:34:42.635Z"}}, {"model": "chatbot.chatmessage", "pk": 71, "fields": {"session": 36, "role": "user", "content": "doctor list", "timestamp": "2025-04-11T21:34:49.763Z"}}, {"model": "chatbot.chatmessage", "pk": 72, "fields": {"session": 36, "role": "assistant", "content": "You don't have any appointments scheduled.", "timestamp": "2025-04-11T21:34:49.770Z"}}, {"model": "chatbot.chatmessage", "pk": 73, "fields": {"session": 37, "role": "user", "content": "doctor list", "timestamp": "2025-04-11T21:34:52.584Z"}}, {"model": "chatbot.chatmessage", "pk": 74, "fields": {"session": 37, "role": "assistant", "content": "You don't have any appointments scheduled.", "timestamp": "2025-04-11T21:34:52.592Z"}}, {"model": "chatbot.chatmessage", "pk": 75, "fields": {"session": 38, "role": "user", "content": "doctor", "timestamp": "2025-04-11T21:34:56.042Z"}}, {"model": "chatbot.chatmessage", "pk": 76, "fields": {"session": 38, "role": "assistant", "content": "You don't have any appointments scheduled.", "timestamp": "2025-04-11T21:34:56.051Z"}}, {"model": "chatbot.chatmessage", "pk": 77, "fields": {"session": 39, "role": "user", "content": "Hey", "timestamp": "2025-04-11T21:35:01.310Z"}}, {"model": "chatbot.chatmessage", "pk": 78, "fields": {"session": 39, "role": "assistant", "content": "Hi Big Yan! How can I help you today?\n", "timestamp": "2025-04-11T21:35:03.608Z"}}, {"model": "chatbot.chatmessage", "pk": 79, "fields": {"session": 40, "role": "user", "content": "do you know doctor", "timestamp": "2025-04-11T21:35:13.862Z"}}, {"model": "chatbot.chatmessage", "pk": 80, "fields": {"session": 40, "role": "assistant", "content": "Yes, I have information about doctors in our system. Are you looking for a specific doctor, or would you like me to help you find one based on their specialization or other criteria?\n", "timestamp": "2025-04-11T21:35:16.307Z"}}, {"model": "chatbot.chatmessage", "pk": 81, "fields": {"session": 41, "role": "user", "content": "Do you know homemade medicine than my prescribed one", "timestamp": "2025-04-11T21:53:25.858Z"}}, {"model": "chatbot.chatmessage", "pk": 82, "fields": {"session": 41, "role": "assistant", "content": "I understand you're curious about homemade remedies. While some natural options can be helpful for certain conditions, it's important to remember that they aren't always a replacement for prescribed medication like your Paracetamol.\n\nIt really depends on what you're hoping to treat. For example, rest and hydration can help with a cold.\n\nHowever, it's always best to discuss any alternative treatments with your doctor, Dr. Sujan Pandey, especially when you're already taking medication. They can help you understand if a homemade remedy is safe and appropriate for you, and how it might interact with your current prescription. Would you like me to help you schedule an appointment to discuss this further?\n", "timestamp": "2025-04-11T21:53:28.993Z"}}, {"model": "chatbot.chatmessage", "pk": 83, "fields": {"session": 42, "role": "user", "content": "yes", "timestamp": "2025-04-11T21:54:15.857Z"}}, {"model": "chatbot.chatmessage", "pk": 84, "fields": {"session": 42, "role": "assistant", "content": "Okay! How can I help you today, Big Yan?\n", "timestamp": "2025-04-11T21:54:18.172Z"}}, {"model": "chatbot.chatmessage", "pk": 85, "fields": {"session": 43, "role": "user", "content": "Doctor time", "timestamp": "2025-04-11T21:54:27.314Z"}}, {"model": "chatbot.chatmessage", "pk": 86, "fields": {"session": 43, "role": "assistant", "content": "You don't have any appointments scheduled.", "timestamp": "2025-04-11T21:54:27.325Z"}}, {"model": "chatbot.chatmessage", "pk": 87, "fields": {"session": 44, "role": "user", "content": "Doctor", "timestamp": "2025-04-11T21:54:32.003Z"}}, {"model": "chatbot.chatmessage", "pk": 88, "fields": {"session": 44, "role": "assistant", "content": "You don't have any appointments scheduled.", "timestamp": "2025-04-11T21:54:32.014Z"}}, {"model": "chatbot.chatmessage", "pk": 89, "fields": {"session": 45, "role": "user", "content": "doctor", "timestamp": "2025-04-11T21:54:38.252Z"}}, {"model": "chatbot.chatmessage", "pk": 90, "fields": {"session": 45, "role": "assistant", "content": "You don't have any appointments scheduled.", "timestamp": "2025-04-11T21:54:38.264Z"}}, {"model": "chatbot.chatmessage", "pk": 91, "fields": {"session": 46, "role": "user", "content": "doctor list", "timestamp": "2025-04-11T21:54:42.653Z"}}, {"model": "chatbot.chatmessage", "pk": 92, "fields": {"session": 46, "role": "assistant", "content": "You don't have any appointments scheduled.", "timestamp": "2025-04-11T21:54:42.670Z"}}, {"model": "chatbot.chatmessage", "pk": 93, "fields": {"session": 47, "role": "user", "content": "record", "timestamp": "2025-04-11T21:54:49.377Z"}}, {"model": "chatbot.chatmessage", "pk": 94, "fields": {"session": 47, "role": "assistant", "content": "Hello BIG YAN! I see that your last visit was on April 09, 2025 with Dr. Sujan Pandey. Is there anything specific you'd like to know about that visit or your medical history?\n", "timestamp": "2025-04-11T21:54:55.547Z"}}, {"model": "chatbot.chatmessage", "pk": 95, "fields": {"session": 48, "role": "user", "content": "list of doctor", "timestamp": "2025-04-11T21:55:36.120Z"}}, {"model": "chatbot.chatmessage", "pk": 96, "fields": {"session": 48, "role": "assistant", "content": "You don't have any appointments scheduled.", "timestamp": "2025-04-11T21:55:36.136Z"}}, {"model": "chatbot.chatmessage", "pk": 97, "fields": {"session": 49, "role": "user", "content": "symptoms of fever", "timestamp": "2025-04-11T21:56:52.832Z"}}, {"model": "chatbot.chatmessage", "pk": 98, "fields": {"session": 49, "role": "assistant", "content": "Hello Big Yan! Common symptoms of a fever include feeling hot or cold, shivering, sweating, headache, muscle aches, and weakness. If you're concerned, it's always a good idea to schedule an appointment with a doctor.\n", "timestamp": "2025-04-11T21:56:55.249Z"}}, {"model": "chatbot.chatmessage", "pk": 99, "fields": {"session": 50, "role": "user", "content": "doctor list", "timestamp": "2025-04-11T22:00:08.796Z"}}, {"model": "chatbot.chatmessage", "pk": 100, "fields": {"session": 50, "role": "assistant", "content": "You don't have any appointments scheduled.", "timestamp": "2025-04-11T22:00:08.815Z"}}, {"model": "chatbot.chatmessage", "pk": 101, "fields": {"session": 51, "role": "user", "content": "doctor list", "timestamp": "2025-04-11T22:01:03.799Z"}}, {"model": "chatbot.chatmessage", "pk": 102, "fields": {"session": 51, "role": "assistant", "content": "We have 4 doctors available:\n\n**ent**\n- Dr. Alan K\n- Dr. Sujan Pandey\n\n**cardio**\n- Dr. BIgyan Parajuli\n\n**cardio vascular**\n- Dr. Kunjan Sharma\n\n\nTo schedule an appointment, please use the patient portal or contact our reception desk.", "timestamp": "2025-04-11T22:01:03.842Z"}}, {"model": "chatbot.chatmessage", "pk": 103, "fields": {"session": 52, "role": "user", "content": "doctor list", "timestamp": "2025-04-11T22:10:11.621Z"}}, {"model": "chatbot.chatmessage", "pk": 104, "fields": {"session": 52, "role": "assistant", "content": "We have 4 doctors available:\n\n**ent**\n- Dr. Alan K\n- Dr. Sujan Pandey\n\n**cardio**\n- Dr. BIgyan Parajuli\n\n**cardio vascular**\n- Dr. Kunjan Sharma\n\n\nTo schedule an appointment, please use the patient portal or contact our reception desk.", "timestamp": "2025-04-11T22:10:11.661Z"}}, {"model": "chatbot.chatmessage", "pk": 105, "fields": {"session": 52, "role": "user", "content": "Hey", "timestamp": "2025-04-11T22:38:26.369Z"}}, {"model": "chatbot.chatmessage", "pk": 106, "fields": {"session": 52, "role": "assistant", "content": "Hi Big Yan, how can I help you today?\n", "timestamp": "2025-04-11T22:38:28.705Z"}}, {"model": "chatbot.chatmessage", "pk": 107, "fields": {"session": 52, "role": "user", "content": "Hello", "timestamp": "2025-04-11T22:38:48.541Z"}}, {"model": "chatbot.chatmessage", "pk": 108, "fields": {"session": 52, "role": "assistant", "content": "Hi Big Yan, how can I help you today?\n", "timestamp": "2025-04-11T22:38:55.842Z"}}, {"model": "chatbot.chatmessage", "pk": 109, "fields": {"session": 52, "role": "user", "content": "When is my next appointment", "timestamp": "2025-04-11T22:39:10.634Z"}}, {"model": "chatbot.chatmessage", "pk": 110, "fields": {"session": 52, "role": "assistant", "content": "You don't have any appointments scheduled.", "timestamp": "2025-04-11T22:39:10.657Z"}}, {"model": "chatbot.chatmessage", "pk": 111, "fields": {"session": 52, "role": "user", "content": "my previous appointments", "timestamp": "2025-04-11T22:39:18.606Z"}}, {"model": "chatbot.chatmessage", "pk": 112, "fields": {"session": 52, "role": "assistant", "content": "Here are your appointment details:\n\n1. With Dr. Sujan Pandey on Friday, April 11, 2025 at 02:00 PM (Past appointment - MISSED)\n   Reason: General consultation\n\n2. With Dr. Sujan Pandey on Friday, April 11, 2025 at 02:00 PM (Past appointment - COMPLETED)\n   Reason: Annual checkup\n\n3. With Dr. Sujan Pandey on Friday, April 11, 2025 at 01:00 PM (Past appointment - CANCELLED)\n   Reason: Annual checkup\n\nYou have 11 more appointments. Ask for 'all my appointments' to see the complete list.", "timestamp": "2025-04-11T22:39:18.660Z"}}, {"model": "chatbot.chatmessage", "pk": 113, "fields": {"session": 52, "role": "user", "content": "all my appointments", "timestamp": "2025-04-11T22:39:28.383Z"}}, {"model": "chatbot.chatmessage", "pk": 114, "fields": {"session": 52, "role": "assistant", "content": "Here are your appointment details:\n\n1. With Dr. Sujan Pandey on Friday, April 11, 2025 at 02:00 PM (Past appointment - MISSED)\n   Reason: General consultation\n\n2. With Dr. Sujan Pandey on Friday, April 11, 2025 at 02:00 PM (Past appointment - COMPLETED)\n   Reason: Annual checkup\n\n3. With Dr. Sujan Pandey on Friday, April 11, 2025 at 01:00 PM (Past appointment - CANCELLED)\n   Reason: Annual checkup\n\n4. With Dr. Sujan Pandey on Thursday, April 10, 2025 at 09:25 AM (Past appointment - MISSED)\n   Reason: General consultation\n\n5. With Dr. Sujan Pandey on Wednesday, April 09, 2025 at 11:50 AM (Past appointment - MISSED)\n   Reason: General consultation\n\n6. With Dr. Sujan Pandey on Wednesday, April 09, 2025 at 11:25 AM (Past appointment - COMPLETED)\n   Reason: General consultation\n\n7. With Dr. Sujan Pandey on Wednesday, April 09, 2025 at 11:00 AM (Past appointment - MISSED)\n   Reason: General consultation\n\n8. With Dr. Sujan Pandey on Wednesday, April 09, 2025 at 09:00 AM (Past appointment - COMPLETED)\n   Reason: hey\n\n9. With Dr. Sujan Pandey on Tuesday, April 08, 2025 at 05:20 PM (Past appointment - CANCELLED)\n   Reason: Regular checkup\n\n10. With Dr. Sujan Pandey on Wednesday, April 02, 2025 at 09:50 AM (Past appointment - MISSED)\n   Reason: hey\n\n11. With Dr. Sujan Pandey on Wednesday, April 02, 2025 at 09:00 AM (Past appointment - COMPLETED)\n   Reason: Headache\n\n12. With Dr. Sujan Pandey on Wednesday, April 02, 2025 at 09:00 AM (Past appointment - CANCELLED)\n   Reason: headache\n\n13. With Dr. Sujan Pandey on Tuesday, April 01, 2025 at 09:00 AM (Past appointment - MISSED)\n   Reason: sick\n\n14. With Dr. Kunjan Sharma on Monday, March 31, 2025 at 09:00 AM (Past appointment - MISSED)\n   Reason: sick\n\n", "timestamp": "2025-04-11T22:39:28.406Z"}}, {"model": "chatbot.chatmessage", "pk": 115, "fields": {"session": 52, "role": "user", "content": "my prescription", "timestamp": "2025-04-11T22:39:37.451Z"}}, {"model": "chatbot.chatmessage", "pk": 116, "fields": {"session": 52, "role": "assistant", "content": "Your latest prescription was from Dr. Sujan Pandey on April 02, 2025:\n\n1. Paracetamol - 500mg\n   Take: 3 times a day for 5 days\n   Instructions: After food\n\nPlease follow your doctor's instructions for all medications. For refills or questions about your prescriptions, please contact your pharmacy or doctor's office.", "timestamp": "2025-04-11T22:39:37.485Z"}}, {"model": "chatbot.chatmessage", "pk": 117, "fields": {"session": 52, "role": "user", "content": "How to get rid of headache, i am getting headache", "timestamp": "2025-04-11T22:40:02.411Z"}}, {"model": "chatbot.chatmessage", "pk": 118, "fields": {"session": 52, "role": "assistant", "content": "I'm sorry to hear you're experiencing a headache. For quick relief, you could try over-the-counter pain relievers like the Paracetamol you're prescribed, rest in a quiet, dark room, and stay hydrated. If your headaches persist or worsen, it's best to schedule an appointment with a doctor to determine the cause and find the best treatment plan for you.\n", "timestamp": "2025-04-11T22:40:05.063Z"}}, {"model": "chatbot.chatmessage", "pk": 119, "fields": {"session": 52, "role": "user", "content": "Can i take other pain killer or not", "timestamp": "2025-04-11T22:40:27.470Z"}}, {"model": "chatbot.chatmessage", "pk": 120, "fields": {"session": 52, "role": "assistant", "content": "Since you have a prescription for Paracetamol, it's best to check with Dr. Pandey or a pharmacist before taking any other pain medication to avoid potential interactions or side effects. They can provide personalized advice based on your medical history and current medications.\n", "timestamp": "2025-04-11T22:40:29.883Z"}}, {"model": "chatbot.chatmessage", "pk": 121, "fields": {"session": 52, "role": "user", "content": "when is doctor sujan available", "timestamp": "2025-04-11T22:40:59.945Z"}}, {"model": "chatbot.chatmessage", "pk": 122, "fields": {"session": 52, "role": "assistant", "content": "I'm not sure which doctor you're asking about. Here's a list of our doctors:\n\nWe have 4 doctors available:\n\n**ent**\n- Dr. Alan K\n- Dr. Sujan Pandey\n\n**cardio**\n- Dr. BIgyan Parajuli\n\n**cardio vascular**\n- Dr. Kunjan Sharma\n\n\nTo schedule an appointment, please use the patient portal or contact our reception desk.", "timestamp": "2025-04-11T22:40:59.982Z"}}, {"model": "chatbot.chatmessage", "pk": 123, "fields": {"session": 52, "role": "user", "content": "Dr.Sujan Pandey", "timestamp": "2025-04-11T22:41:11.286Z"}}, {"model": "chatbot.chatmessage", "pk": 124, "fields": {"session": 52, "role": "assistant", "content": "Yes, your last visit was with Dr. Sujan Pandey on April 09, 2025. Is there anything you'd like to know about that visit or Dr. Pandey?\n", "timestamp": "2025-04-11T22:41:13.671Z"}}, {"model": "chatbot.chatmessage", "pk": 125, "fields": {"session": 52, "role": "user", "content": "No, i want his available time slots", "timestamp": "2025-04-11T22:41:39.839Z"}}, {"model": "chatbot.chatmessage", "pk": 126, "fields": {"session": 52, "role": "assistant", "content": "I'm not sure which doctor you're asking about. Here's a list of our doctors:\n\nWe have 4 doctors available:\n\n**ent**\n- Dr. Alan K\n- Dr. Sujan Pandey\n\n**cardio**\n- Dr. BIgyan Parajuli\n\n**cardio vascular**\n- Dr. Kunjan Sharma\n\n\nTo schedule an appointment, please use the patient portal or contact our reception desk.", "timestamp": "2025-04-11T22:41:39.880Z"}}, {"model": "chatbot.chatmessage", "pk": 127, "fields": {"session": 52, "role": "user", "content": "doctor list", "timestamp": "2025-04-12T07:46:52.681Z"}}, {"model": "chatbot.chatmessage", "pk": 128, "fields": {"session": 52, "role": "assistant", "content": "We have 4 doctors available:\n\n**ent**\n- Dr. Alan K\n- Dr. Sujan Pandey\n\n**cardio**\n- Dr. BIgyan Parajuli\n\n**cardio vascular**\n- Dr. Kunjan Sharma\n\n\nTo schedule an appointment, please use the patient portal or contact our reception desk.", "timestamp": "2025-04-12T07:46:52.730Z"}}, {"model": "chatbot.chatmessage", "pk": 129, "fields": {"session": 52, "role": "user", "content": "my ehr", "timestamp": "2025-04-12T07:47:07.494Z"}}, {"model": "chatbot.chatmessage", "pk": 130, "fields": {"session": 52, "role": "assistant", "content": "You have 3 medical records in our system.\n\nYour most recent visit was on April 09, 2025 with Dr. Sujan Pandey.\n\nYour recent medical visits:\n1. April 09, 2025 with Dr. Sujan Pandey\n2. April 09, 2025 with Dr. Sujan Pandey\n3. April 02, 2025 with Dr. Sujan Pandey (includes prescriptions)\n\nTo view your complete medical records, please use the patient portal or ask your doctor during your next appointment.", "timestamp": "2025-04-12T07:47:07.540Z"}}, {"model": "chatbot.chatmessage", "pk": 131, "fields": {"session": 52, "role": "user", "content": "what is google", "timestamp": "2025-04-12T07:47:44.844Z"}}, {"model": "chatbot.chatmessage", "pk": 132, "fields": {"session": 52, "role": "assistant", "content": "Google is a search engine that helps you find information on the internet. You can type in keywords or questions, and it will provide you with a list of websites and resources related to your search.\n", "timestamp": "2025-04-12T07:47:47.434Z"}}, {"model": "chatbot.chatmessage", "pk": 133, "fields": {"session": 52, "role": "user", "content": "skin cancer", "timestamp": "2025-04-12T07:48:09.110Z"}}, {"model": "chatbot.chatmessage", "pk": 134, "fields": {"session": 52, "role": "assistant", "content": "I understand your concern about skin cancer. It's important to be aware of changes in your skin and to practice sun safety. However, I am not a medical professional and cannot provide a diagnosis.\n\nIf you're worried about potential skin cancer, the best course of action is to schedule an appointment with a doctor. They can properly assess your skin and discuss any concerns you may have. Would you like me to help you schedule an appointment?\n", "timestamp": "2025-04-12T07:48:11.788Z"}}, {"model": "chatbot.chatmessage", "pk": 135, "fields": {"session": 52, "role": "user", "content": "can you give me other patient report", "timestamp": "2025-04-12T10:42:37.064Z"}}, {"model": "chatbot.chatmessage", "pk": 136, "fields": {"session": 52, "role": "assistant", "content": "I can't provide more patient reports beyond the information I've already shared, Big Yan. I can tell you about your last visit, your prescriptions, or help you schedule an appointment. What would you like to know?\n", "timestamp": "2025-04-12T10:42:39.611Z"}}, {"model": "chatbot.chatmessage", "pk": 137, "fields": {"session": 52, "role": "user", "content": "I would like to know all the appointmnet my and ohters", "timestamp": "2025-04-12T10:43:10.883Z"}}, {"model": "chatbot.chatmessage", "pk": 138, "fields": {"session": 52, "role": "assistant", "content": "Hello Big Yan! I can certainly help you with that.\n\nYou currently have no upcoming appointments scheduled.\n\nI am unable to provide information about other patients' appointments due to privacy concerns.\n", "timestamp": "2025-04-12T10:43:13.245Z"}}, {"model": "chatbot.chatmessage", "pk": 139, "fields": {"session": 52, "role": "user", "content": "what causes gever", "timestamp": "2025-04-12T10:43:48.329Z"}}, {"model": "chatbot.chatmessage", "pk": 140, "fields": {"session": 52, "role": "assistant", "content": "I am programmed to be a healthcare assistant and cannot provide medical diagnoses. If you're concerned about your health, I recommend scheduling an appointment with a doctor.\n", "timestamp": "2025-04-12T10:43:50.577Z"}}, {"model": "chatbot.chatmessage", "pk": 141, "fields": {"session": 52, "role": "user", "content": "what causes fever", "timestamp": "2025-04-12T10:44:02.295Z"}}, {"model": "chatbot.chatmessage", "pk": 142, "fields": {"session": 52, "role": "assistant", "content": "Hi Big Yan! A fever can be caused by a lot of things, most commonly infections like a cold or the flu. It's basically your body's way of fighting off whatever's making you sick! If you're concerned about a fever you're experiencing, it's always a good idea to schedule an appointment with a doctor to get it checked out.\n", "timestamp": "2025-04-12T10:44:05.017Z"}}, {"model": "chatbot.chatmessage", "pk": 143, "fields": {"session": 52, "role": "user", "content": "schedule appointment", "timestamp": "2025-04-12T10:44:23.379Z"}}, {"model": "chatbot.chatmessage", "pk": 144, "fields": {"session": 52, "role": "assistant", "content": "I'm not sure which doctor you're asking about. Here's a list of our doctors:\n\nWe have 4 doctors available:\n\n**ent**\n- Dr. Alan K\n- Dr. Sujan Pandey\n\n**cardio**\n- Dr. BIgyan Parajuli\n\n**cardio vascular**\n- Dr. Kunjan Sharma\n\n\nTo schedule an appointment, please use the patient portal or contact our reception desk.", "timestamp": "2025-04-12T10:44:23.451Z"}}, {"model": "chatbot.chatmessage", "pk": 145, "fields": {"session": 52, "role": "user", "content": "Dr. sujan pandey", "timestamp": "2025-04-12T10:44:37.575Z"}}, {"model": "chatbot.chatmessage", "pk": 146, "fields": {"session": 52, "role": "assistant", "content": "Yes, your last visit was with Dr. Sujan Pandey on April 09, 2025. Do you have any questions about that visit or need to schedule a follow-up?\n", "timestamp": "2025-04-12T10:44:40.060Z"}}, {"model": "chatbot.chatmessage", "pk": 147, "fields": {"session": 52, "role": "user", "content": "yeah i want to book appointment", "timestamp": "2025-04-12T10:45:00.671Z"}}, {"model": "chatbot.chatmessage", "pk": 148, "fields": {"session": 52, "role": "assistant", "content": "You don't have any appointments scheduled.", "timestamp": "2025-04-12T10:45:00.694Z"}}, {"model": "chatbot.chatmessage", "pk": 149, "fields": {"session": 52, "role": "user", "content": "lets schedule appointmen", "timestamp": "2025-04-12T10:45:17.663Z"}}, {"model": "chatbot.chatmessage", "pk": 150, "fields": {"session": 52, "role": "assistant", "content": "I'm not sure which doctor you're asking about. Here's a list of our doctors:\n\nWe have 4 doctors available:\n\n**ent**\n- Dr. Alan K\n- Dr. Sujan Pandey\n\n**cardio**\n- Dr. BIgyan Parajuli\n\n**cardio vascular**\n- Dr. Kunjan Sharma\n\n\nTo schedule an appointment, please use the patient portal or contact our reception desk.", "timestamp": "2025-04-12T10:45:17.708Z"}}, {"model": "chatbot.chatmessage", "pk": 151, "fields": {"session": 52, "role": "user", "content": "hey", "timestamp": "2025-04-13T05:38:37.478Z"}}, {"model": "chatbot.chatmessage", "pk": 152, "fields": {"session": 52, "role": "assistant", "content": "Hi Big Yan, how can I help you today?\n", "timestamp": "2025-04-13T05:38:39.905Z"}}, {"model": "chatbot.chatmessage", "pk": 153, "fields": {"session": 52, "role": "user", "content": "is there any upcomming appointment?", "timestamp": "2025-04-13T05:38:57.430Z"}}, {"model": "chatbot.chatmessage", "pk": 154, "fields": {"session": 52, "role": "assistant", "content": "You don't have any appointments scheduled.", "timestamp": "2025-04-13T05:38:57.448Z"}}, {"model": "chatbot.chatmessage", "pk": 155, "fields": {"session": 52, "role": "user", "content": "my previous appointment", "timestamp": "2025-04-13T05:39:04.971Z"}}, {"model": "chatbot.chatmessage", "pk": 156, "fields": {"session": 52, "role": "assistant", "content": "Here are your appointment details:\n\n1. With Dr. Sujan Pandey on Friday, April 11, 2025 at 02:00 PM (Past appointment - MISSED)\n   Reason: General consultation\n\n2. With Dr. Sujan Pandey on Friday, April 11, 2025 at 02:00 PM (Past appointment - COMPLETED)\n   Reason: Annual checkup\n\n3. With Dr. Sujan Pandey on Friday, April 11, 2025 at 01:00 PM (Past appointment - CANCELLED)\n   Reason: Annual checkup\n\nYou have 11 more appointments. Ask for 'all my appointments' to see the complete list.", "timestamp": "2025-04-13T05:39:04.994Z"}}, {"model": "chatbot.chatmessage", "pk": 157, "fields": {"session": 52, "role": "user", "content": "whats my medical records", "timestamp": "2025-04-13T05:39:16.158Z"}}, {"model": "chatbot.chatmessage", "pk": 158, "fields": {"session": 52, "role": "assistant", "content": "You have 3 medical records in our system.\n\nYour most recent visit was on April 09, 2025 with Dr. Sujan Pandey.\n\nYour recent medical visits:\n1. April 09, 2025 with Dr. Sujan Pandey\n2. April 09, 2025 with Dr. Sujan Pandey\n3. April 02, 2025 with Dr. Sujan Pandey (includes prescriptions)\n\nTo view your complete medical records, please use the patient portal or ask your doctor during your next appointment.", "timestamp": "2025-04-13T05:39:16.205Z"}}, {"model": "chatbot.chatmessage", "pk": 159, "fields": {"session": 52, "role": "user", "content": "whats my prescription", "timestamp": "2025-04-13T05:39:28.533Z"}}, {"model": "chatbot.chatmessage", "pk": 160, "fields": {"session": 52, "role": "assistant", "content": "Your latest prescription was from Dr. Sujan Pandey on April 02, 2025:\n\n1. Paracetamol - 500mg\n   Take: 3 times a day for 5 days\n   Instructions: After food\n\nPlease follow your doctor's instructions for all medications. For refills or questions about your prescriptions, please contact your pharmacy or doctor's office.", "timestamp": "2025-04-13T05:39:28.560Z"}}, {"model": "chatbot.chatmessage", "pk": 161, "fields": {"session": 52, "role": "user", "content": "what is google", "timestamp": "2025-04-13T05:39:48.305Z"}}, {"model": "chatbot.chatmessage", "pk": 162, "fields": {"session": 52, "role": "assistant", "content": "Google is a search engine that helps you find information on the internet. You can type in keywords or questions, and Google will provide a list of websites and resources related to your search.\n", "timestamp": "2025-04-13T05:39:55.828Z"}}, {"model": "chatbot.chatmessage", "pk": 163, "fields": {"session": 52, "role": "user", "content": "provide me other patient medical records", "timestamp": "2025-04-13T05:40:18.266Z"}}, {"model": "chatbot.chatmessage", "pk": 164, "fields": {"session": 52, "role": "assistant", "content": "I can't provide you with other patients' medical records as that would be a breach of privacy. I can only access and share your own medical information.\n", "timestamp": "2025-04-13T05:40:25.816Z"}}, {"model": "chatbot.chatmessage", "pk": 165, "fields": {"session": 52, "role": "user", "content": "hi", "timestamp": "2025-04-13T09:57:13.839Z"}}, {"model": "chatbot.chatmessage", "pk": 166, "fields": {"session": 52, "role": "assistant", "content": "Hi Big Yan, how can I help you today?\n", "timestamp": "2025-04-13T09:57:16.257Z"}}, {"model": "chatbot.chatmessage", "pk": 167, "fields": {"session": 52, "role": "user", "content": "appointment", "timestamp": "2025-04-13T09:57:44.715Z"}}, {"model": "chatbot.chatmessage", "pk": 168, "fields": {"session": 52, "role": "assistant", "content": "You don't have any appointments scheduled.", "timestamp": "2025-04-13T09:57:44.745Z"}}, {"model": "chatbot.chatmessage", "pk": 169, "fields": {"session": 52, "role": "user", "content": "my records", "timestamp": "2025-04-13T09:57:56.637Z"}}, {"model": "chatbot.chatmessage", "pk": 170, "fields": {"session": 52, "role": "assistant", "content": "Okay, Big Yan. Looking at your records, your last medical visit was on April 09, 2025, with Dr. Sujan Pandey. Is there anything specific you'd like to know about that visit or any other part of your medical history?\n", "timestamp": "2025-04-13T09:58:02.925Z"}}, {"model": "chatbot.chatmessage", "pk": 171, "fields": {"session": 52, "role": "user", "content": "my prescription", "timestamp": "2025-04-13T09:59:22.996Z"}}, {"model": "chatbot.chatmessage", "pk": 172, "fields": {"session": 52, "role": "assistant", "content": "Your latest prescription was from Dr. Sujan Pandey on April 02, 2025:\n\n1. Paracetamol - 500mg\n   Take: 3 times a day for 5 days\n   Instructions: After food\n\nPlease follow your doctor's instructions for all medications. For refills or questions about your prescriptions, please contact your pharmacy or doctor's office.", "timestamp": "2025-04-13T09:59:23.057Z"}}, {"model": "chatbot.chatmessage", "pk": 173, "fields": {"session": 52, "role": "user", "content": "hey", "timestamp": "2025-04-15T04:20:06.219Z"}}, {"model": "chatbot.chatmessage", "pk": 174, "fields": {"session": 52, "role": "assistant", "content": "Hi Big Yan, how can I help you today?\n", "timestamp": "2025-04-15T04:20:08.801Z"}}, {"model": "chatbot.chatmessage", "pk": 175, "fields": {"session": 52, "role": "user", "content": "whats going on", "timestamp": "2025-04-15T04:20:15.008Z"}}, {"model": "chatbot.chatmessage", "pk": 176, "fields": {"session": 52, "role": "assistant", "content": "Hi Big Yan, how can I help you today? I see you were previously asking about your appointments.\n", "timestamp": "2025-04-15T04:20:16.082Z"}}, {"model": "chatbot.chatmessage", "pk": 177, "fields": {"session": 52, "role": "user", "content": "Can you tell me how to make herbal tea", "timestamp": "2025-04-15T04:20:47.067Z"}}, {"model": "chatbot.chatmessage", "pk": 178, "fields": {"session": 52, "role": "assistant", "content": "Herbal teas are a delightful and healthful beverage! Here's a simple guide on how to make them:\n\n1.  **Choose Your Herbs:** Select fresh or dried herbs. Popular choices include chamomile, mint, lavender, or ginger.\n2.  **Prepare the Herbs:** If using fresh herbs, wash them thoroughly. For dried herbs, no preparation is needed.\n3.  **Heat Water:** Boil water in a kettle or pot.\n4.  **Steep the Herbs:** Place the herbs in a teapot or mug. Pour the hot water over them. Use about 1 teaspoon of dried herbs or 2 teaspoons of fresh herbs per cup of water.\n5.  **Steep Time:** Cover and let steep for 5-10 minutes, depending on your taste preference. Longer steeping times result in a stronger flavor.\n6.  **Strain and Serve:** Strain the tea to remove the herbs. Serve hot and enjoy!\n\nYou can add honey, lemon, or other natural sweeteners to taste.\n\nKeep in mind that I'm here to provide general information, and individual situations can vary. If you have any specific health concerns, it's always best to consult with a healthcare professional.\n", "timestamp": "2025-04-15T04:20:50.685Z"}}, {"model": "chatbot.chatmessage", "pk": 179, "fields": {"session": 53, "role": "user", "content": "Show me my prescriptions", "timestamp": "2025-04-17T07:50:58.999Z"}}, {"model": "chatbot.chatmessage", "pk": 180, "fields": {"session": 53, "role": "assistant", "content": "You don't have any prescriptions in our system. Prescriptions are added when a doctor prescribes medication during an appointment.", "timestamp": "2025-04-17T07:50:59.016Z"}}, {"model": "chatbot.chatmessage", "pk": 181, "fields": {"session": 53, "role": "user", "content": "Hello", "timestamp": "2025-04-17T07:51:06.010Z"}}, {"model": "chatbot.chatmessage", "pk": 182, "fields": {"session": 53, "role": "assistant", "content": "Hi Bigyan, how can I help you today? I understand you were asking about your appointment. I checked, and it seems you don't have any upcoming appointments scheduled at the moment. Would you like me to help you schedule one?\n", "timestamp": "2025-04-17T07:51:09.058Z"}}, {"model": "chatbot.chatmessage", "pk": 183, "fields": {"session": 53, "role": "user", "content": "Do you know about my disease", "timestamp": "2025-04-17T07:51:29.531Z"}}, {"model": "chatbot.chatmessage", "pk": 184, "fields": {"session": 53, "role": "assistant", "content": "Hi Bigyan,\n\nThanks for your question. I don't have access to your medical records at the moment, so I don't have information about any specific diseases you may have. If you're concerned about a particular condition or have questions about your health, the best step is to schedule an appointment with one of our doctors. They can properly assess your situation and provide you with the most accurate and personalized information. Would you like me to help you book an appointment?\n", "timestamp": "2025-04-17T07:51:33.550Z"}}, {"model": "chatbot.chatmessage", "pk": 185, "fields": {"session": 53, "role": "user", "content": "Hey whats going on", "timestamp": "2025-04-17T07:52:35.900Z"}}, {"model": "chatbot.chatmessage", "pk": 186, "fields": {"session": 53, "role": "assistant", "content": "Hi Bigyan, how are you doing today? I see you were previously asking about your appointment. I'm happy to help with any questions you have.\n", "timestamp": "2025-04-17T07:52:38.174Z"}}, {"model": "chatbot.chatmessage", "pk": 187, "fields": {"session": 53, "role": "user", "content": "what causes fever", "timestamp": "2025-04-17T07:52:57.591Z"}}, {"model": "chatbot.chatmessage", "pk": 188, "fields": {"session": 53, "role": "assistant", "content": "Fever can be caused by a variety of things, Bigyan. Most commonly, it's due to an infection like a cold or the flu. But it can also be caused by other things like certain medications or even dehydration.\n\nSince I don't have your medical history, this is just general information. If you're concerned about a fever, it's always best to schedule an appointment with a doctor to get a proper diagnosis.\n", "timestamp": "2025-04-17T07:53:00.106Z"}}, {"model": "chatbot.chatmessage", "pk": 189, "fields": {"session": 53, "role": "user", "content": "j", "timestamp": "2025-04-17T07:54:13.378Z"}}, {"model": "chatbot.chatmessage", "pk": 190, "fields": {"session": 53, "role": "assistant", "content": "Hi Bigyan, I understand you were asking about your appointment. I checked our system, and it looks like you don't have any upcoming appointments scheduled at the moment. Would you like me to help you schedule one?\n", "timestamp": "2025-04-17T07:54:16.759Z"}}, {"model": "chatbot.chatmessage", "pk": 191, "fields": {"session": 54, "role": "user", "content": "When is my next appointment?", "timestamp": "2025-04-18T16:46:32.950Z"}}, {"model": "chatbot.chatmessage", "pk": 192, "fields": {"session": 54, "role": "assistant", "content": "You don't have any appointments scheduled.", "timestamp": "2025-04-18T16:46:32.958Z"}}, {"model": "chatbot.chatmessage", "pk": 193, "fields": {"session": 54, "role": "user", "content": "do you know about fever", "timestamp": "2025-04-18T16:46:48.608Z"}}, {"model": "chatbot.chatmessage", "pk": 194, "fields": {"session": 54, "role": "assistant", "content": "Yes, I can provide some general information about fever.\n\nA fever is a temporary increase in your body temperature, often due to an illness. It's a sign that your body is fighting off an infection. Normal body temperature varies, but it's usually around 98.6F (37C). A fever is generally considered to be a temperature of 100.4F (38C) or higher.\n\nCommon causes of fever include viral or bacterial infections. Symptoms can include sweating, chills, headache, muscle aches, and weakness.\n\nWhile a mild fever usually isn't a cause for concern, a high fever or a fever accompanied by other symptoms may indicate a more serious problem.\n\nSince I'm not a medical professional, this information shouldn't be taken as medical advice. If you're concerned about a fever, it's always best to schedule an appointment with a doctor.\n", "timestamp": "2025-04-18T16:46:51.939Z"}}, {"model": "chatbot.chatmessage", "pk": 195, "fields": {"session": 52, "role": "user", "content": "my medical records", "timestamp": "2025-04-18T16:48:59.048Z"}}, {"model": "chatbot.chatmessage", "pk": 196, "fields": {"session": 52, "role": "assistant", "content": "You have 3 medical records in our system.\n\nYour most recent visit was on April 09, 2025 with Dr. Sujan Pandey.\n\nYour recent medical visits:\n1. April 09, 2025 with Dr. Sujan Pandey\n2. April 09, 2025 with Dr. Sujan Pandey\n3. April 02, 2025 with Dr. Sujan Pandey (includes prescriptions)\n\nTo view your complete medical records, please use the patient portal or ask your doctor during your next appointment.", "timestamp": "2025-04-18T16:48:59.058Z"}}, {"model": "chatbot.chatmessage", "pk": 197, "fields": {"session": 52, "role": "user", "content": "Hi", "timestamp": "2025-04-20T07:09:41.683Z"}}, {"model": "chatbot.chatmessage", "pk": 198, "fields": {"session": 52, "role": "assistant", "content": "Hi Big Yan, how can I help you today?\n", "timestamp": "2025-04-20T07:09:44.230Z"}}, {"model": "chatbot.chatmessage", "pk": 199, "fields": {"session": 55, "role": "user", "content": "hey", "timestamp": "2025-05-02T05:11:05.277Z"}}, {"model": "chatbot.chatmessage", "pk": 200, "fields": {"session": 55, "role": "assistant", "content": "Hi It's Faceless Men, how can I help you today?\n", "timestamp": "2025-05-02T05:11:06.460Z"}}, {"model": "chatbot.chatmessage", "pk": 201, "fields": {"session": 55, "role": "user", "content": "who are you", "timestamp": "2025-05-02T05:11:13.190Z"}}, {"model": "chatbot.chatmessage", "pk": 202, "fields": {"session": 55, "role": "assistant", "content": "Hello It's Faceless Men, I'm here to assist you with information regarding our medical center. I can help with appointment details or answer general questions. How can I help you today?\n", "timestamp": "2025-05-02T05:11:14.609Z"}}, {"model": "chatbot.chatmessage", "pk": 203, "fields": {"session": 55, "role": "user", "content": "i am hving fever", "timestamp": "2025-05-02T05:11:28.487Z"}}, {"model": "chatbot.chatmessage", "pk": 204, "fields": {"session": 55, "role": "assistant", "content": "I'm sorry to hear you're having a fever. Since I don't have any medical records for you yet, I can't give specific advice. Generally, it's a good idea to rest and stay hydrated. If your fever is high or you have other symptoms, it's best to see a doctor. You have an upcoming appointment with Dr. Sujan Pandey on Friday, May 02, 2025 at 03:15 PM. Would you like to reschedule or come in sooner?\n", "timestamp": "2025-05-02T05:11:30.088Z"}}, {"model": "chatbot.chatmessage", "pk": 205, "fields": {"session": 55, "role": "user", "content": "no", "timestamp": "2025-05-02T05:11:49.404Z"}}, {"model": "chatbot.chatmessage", "pk": 206, "fields": {"session": 55, "role": "assistant", "content": "Okay, I understand. Just remember to take care of yourself and rest. If anything changes or you need to reschedule your appointment with Dr. Pandey on Friday, May 02, 2025 at 03:15 PM, just let me know.\n", "timestamp": "2025-05-02T05:11:50.684Z"}}, {"model": "chatbot.chatmessage", "pk": 207, "fields": {"session": 55, "role": "user", "content": "hello", "timestamp": "2025-05-02T13:40:31.524Z"}}, {"model": "chatbot.chatmessage", "pk": 208, "fields": {"session": 55, "role": "assistant", "content": "Hello! How can I help you today? I see you have an appointment with Dr. Sujan Pandey today at 3:15 PM. Is there anything you need to know about that?\n", "timestamp": "2025-05-02T13:40:33.937Z"}}, {"model": "chatbot.chatmessage", "pk": 209, "fields": {"session": 55, "role": "user", "content": "I am feeling nervous", "timestamp": "2025-05-02T13:40:42.072Z"}}, {"model": "chatbot.chatmessage", "pk": 210, "fields": {"session": 55, "role": "assistant", "content": "I understand that you're feeling nervous. It's completely normal to feel that way, especially before an appointment. Remember, Dr. Pandey is there to help you. Your appointment is coming up in about an hour on Friday, May 02, 2025 at 03:15 PM. Is there anything specific making you feel anxious that I can help with?\n", "timestamp": "2025-05-02T13:40:44.756Z"}}, {"model": "chatbot.chatmessage", "pk": 211, "fields": {"session": 52, "role": "user", "content": "hello", "timestamp": "2025-05-15T16:52:08.217Z"}}, {"model": "chatbot.chatmessage", "pk": 212, "fields": {"session": 52, "role": "assistant", "content": "I apologize, but I'm having trouble processing your request. Please try again later.", "timestamp": "2025-05-15T16:52:08.287Z"}}, {"model": "chatbot.chatmessage", "pk": 213, "fields": {"session": 52, "role": "user", "content": "hi", "timestamp": "2025-05-15T16:52:12.995Z"}}, {"model": "chatbot.chatmessage", "pk": 214, "fields": {"session": 52, "role": "assistant", "content": "I apologize, but I'm having trouble processing your request. Please try again later.", "timestamp": "2025-05-15T16:52:13.030Z"}}, {"model": "chatbot.chatmessage", "pk": 215, "fields": {"session": 52, "role": "user", "content": "Hey", "timestamp": "2025-05-15T16:52:20.335Z"}}, {"model": "chatbot.chatmessage", "pk": 216, "fields": {"session": 52, "role": "assistant", "content": "I apologize, but I'm having trouble processing your request. Please try again later.", "timestamp": "2025-05-15T16:52:20.365Z"}}, {"model": "chatbot.chatmessage", "pk": 217, "fields": {"session": 52, "role": "user", "content": "hey", "timestamp": "2025-05-15T16:52:35.280Z"}}, {"model": "chatbot.chatmessage", "pk": 218, "fields": {"session": 52, "role": "assistant", "content": "I apologize, but I'm having trouble processing your request. Please try again later.", "timestamp": "2025-05-15T16:52:35.311Z"}}, {"model": "chatbot.chatmessage", "pk": 219, "fields": {"session": 52, "role": "user", "content": "HEY", "timestamp": "2025-05-15T17:22:47.400Z"}}, {"model": "chatbot.chatmessage", "pk": 220, "fields": {"session": 52, "role": "assistant", "content": "I apologize, but I'm having trouble processing your request. Please try again later.", "timestamp": "2025-05-15T17:22:47.588Z"}}, {"model": "chatbot.chatmessage", "pk": 221, "fields": {"session": 52, "role": "user", "content": "hello", "timestamp": "2025-05-15T18:08:51.827Z"}}, {"model": "chatbot.chatmessage", "pk": 222, "fields": {"session": 52, "role": "assistant", "content": "I apologize, but I'm having trouble processing your request. Please try again later.", "timestamp": "2025-05-15T18:08:51.879Z"}}, {"model": "pharmacy.medicine", "pk": 2, "fields": {"name": "Aspirinsss", "generic_name": "Acetylsalicylic Acid", "description": "", "manufacturer": "Generic", "manufacture_date": "2023-01-01", "expiration_date": "2025-09-03", "price": "150.00", "stock_quantity": 388, "low_stock_threshold": 20, "category": "Analgesic", "barcode": "456789123456", "image": "", "created_at": "2025-04-27T08:54:45.753Z", "updated_at": "2025-05-15T19:10:15.658Z"}}, {"model": "pharmacy.medicine", "pk": 3, "fields": {"name": "test", "generic_name": "test", "description": "hello", "manufacturer": "test", "manufacture_date": "2025-04-29", "expiration_date": "2025-05-03", "price": "150.00", "stock_quantity": 110, "low_stock_threshold": 10, "category": "test", "barcode": "", "image": "", "created_at": "2025-04-28T20:46:25.655Z", "updated_at": "2025-05-04T05:48:40.913Z"}}, {"model": "pharmacy.medicine", "pk": 4, "fields": {"name": "abc", "generic_name": "des", "description": "ssd", "manufacturer": "ssddsd", "manufacture_date": "2025-04-27", "expiration_date": "2025-05-10", "price": "12.00", "stock_quantity": 1120, "low_stock_threshold": 22, "category": "alls", "barcode": null, "image": "medicines/unnamed.png", "created_at": "2025-04-28T21:22:05.040Z", "updated_at": "2025-05-02T20:12:53.541Z"}}, {"model": "pharmacy.medicine", "pk": 5, "fields": {"name": "Dabur Honitus", "generic_name": "Cough", "description": "Cough", "manufacturer": "test", "manufacture_date": "2025-04-29", "expiration_date": "2025-05-10", "price": "150.00", "stock_quantity": 130, "low_stock_threshold": 20, "category": "test", "barcode": null, "image": "", "created_at": "2025-04-30T05:08:54.241Z", "updated_at": "2025-04-30T06:58:16.835Z"}}, {"model": "pharmacy.medicine", "pk": 6, "fields": {"name": "Amoxicilin", "generic_name": "Amoxicilin", "description": "Antibiotic", "manufacturer": "Glaxo", "manufacture_date": "2025-04-27", "expiration_date": "2025-05-31", "price": "5.00", "stock_quantity": 59, "low_stock_threshold": 10, "category": "Antibiotics", "barcode": null, "image": "medicines/ChatGPT_Image_Apr_2_2025_09_41_47_AM.png", "created_at": "2025-05-02T20:34:48.176Z", "updated_at": "2025-05-08T15:31:15.114Z"}}, {"model": "pharmacy.medicine", "pk": 7, "fields": {"name": "Test1", "generic_name": "Test1", "description": "testing", "manufacturer": "test", "manufacture_date": "2025-05-01", "expiration_date": "2025-05-31", "price": "12.00", "stock_quantity": 100, "low_stock_threshold": 10, "category": "test", "barcode": null, "image": "", "created_at": "2025-05-04T10:10:17.300Z", "updated_at": "2025-05-04T10:10:17.300Z"}}, {"model": "pharmacy.medicine", "pk": 8, "fields": {"name": "test11", "generic_name": "test", "description": "test", "manufacturer": "test", "manufacture_date": "2025-05-11", "expiration_date": "2025-05-27", "price": "10.00", "stock_quantity": 110, "low_stock_threshold": 10, "category": "test", "barcode": null, "image": "", "created_at": "2025-05-15T20:21:58.528Z", "updated_at": "2025-05-15T20:22:08.214Z"}}, {"model": "pharmacy.medicine", "pk": 9, "fields": {"name": "AI", "generic_name": "mj", "description": "jdebjwe", "manufacturer": "kenke", "manufacture_date": "2025-05-01", "expiration_date": "2025-05-31", "price": "150.00", "stock_quantity": 73, "low_stock_threshold": 2, "category": "kjwnkqw", "barcode": null, "image": "", "created_at": "2025-05-15T20:41:35.949Z", "updated_at": "2025-05-15T21:59:16.406Z"}}, {"model": "pharmacy.order", "pk": 1, "fields": {"patient": 11, "status": "FULFILLED", "created_at": "2025-04-27T09:11:57.881Z", "updated_at": "2025-04-28T13:48:26.158Z"}}, {"model": "pharmacy.order", "pk": 2, "fields": {"patient": 2, "status": "FULFILLED", "created_at": "2025-05-01T13:30:53.881Z", "updated_at": "2025-05-01T13:31:17.257Z"}}, {"model": "pharmacy.order", "pk": 3, "fields": {"patient": 2, "status": "FULFILLED", "created_at": "2025-05-02T05:13:06.691Z", "updated_at": "2025-05-02T20:10:11.111Z"}}, {"model": "pharmacy.order", "pk": 4, "fields": {"patient": 2, "status": "FULFILLED", "created_at": "2025-05-02T07:18:17.315Z", "updated_at": "2025-05-02T20:14:02.439Z"}}, {"model": "pharmacy.order", "pk": 5, "fields": {"patient": 2, "status": "FULFILLED", "created_at": "2025-05-02T13:32:04.470Z", "updated_at": "2025-05-02T13:32:17.535Z"}}, {"model": "pharmacy.order", "pk": 6, "fields": {"patient": 2, "status": "FULFILLED", "created_at": "2025-05-02T18:47:10.264Z", "updated_at": "2025-05-02T19:40:05.462Z"}}, {"model": "pharmacy.order", "pk": 7, "fields": {"patient": 2, "status": "FULFILLED", "created_at": "2025-05-02T19:24:44.321Z", "updated_at": "2025-05-02T20:09:04.787Z"}}, {"model": "pharmacy.order", "pk": 8, "fields": {"patient": 2, "status": "FULFILLED", "created_at": "2025-05-02T20:10:32.987Z", "updated_at": "2025-05-02T20:21:54.251Z"}}, {"model": "pharmacy.order", "pk": 9, "fields": {"patient": 2, "status": "FULFILLED", "created_at": "2025-05-02T20:35:13.517Z", "updated_at": "2025-05-02T20:35:29.829Z"}}, {"model": "pharmacy.order", "pk": 10, "fields": {"patient": 2, "status": "FULFILLED", "created_at": "2025-05-08T15:30:45.895Z", "updated_at": "2025-05-08T15:31:15.135Z"}}, {"model": "pharmacy.order", "pk": 11, "fields": {"patient": 2, "status": "PENDING", "created_at": "2025-05-08T16:09:41.356Z", "updated_at": "2025-05-08T16:09:41.356Z"}}, {"model": "pharmacy.order", "pk": 12, "fields": {"patient": 2, "status": "PENDING", "created_at": "2025-05-08T17:33:39.621Z", "updated_at": "2025-05-08T17:33:39.621Z"}}, {"model": "pharmacy.order", "pk": 13, "fields": {"patient": 2, "status": "PENDING", "created_at": "2025-05-10T06:49:07.387Z", "updated_at": "2025-05-10T06:49:07.387Z"}}, {"model": "pharmacy.order", "pk": 14, "fields": {"patient": 2, "status": "PENDING", "created_at": "2025-05-10T07:06:49.394Z", "updated_at": "2025-05-10T07:06:49.394Z"}}, {"model": "pharmacy.order", "pk": 15, "fields": {"patient": 2, "status": "FULFILLED", "created_at": "2025-05-10T07:29:17.798Z", "updated_at": "2025-05-15T19:10:15.672Z"}}, {"model": "pharmacy.ordermedicine", "pk": 1, "fields": {"order": 2, "medicine": 4, "quantity": 1, "prescription": null}}, {"model": "pharmacy.ordermedicine", "pk": 2, "fields": {"order": 3, "medicine": 2, "quantity": 1, "prescription": null}}, {"model": "pharmacy.ordermedicine", "pk": 3, "fields": {"order": 4, "medicine": 2, "quantity": 2, "prescription": null}}, {"model": "pharmacy.ordermedicine", "pk": 4, "fields": {"order": 5, "medicine": 4, "quantity": 1, "prescription": null}}, {"model": "pharmacy.ordermedicine", "pk": 5, "fields": {"order": 5, "medicine": 2, "quantity": 1, "prescription": null}}, {"model": "pharmacy.ordermedicine", "pk": 6, "fields": {"order": 6, "medicine": 4, "quantity": 1, "prescription": null}}, {"model": "pharmacy.ordermedicine", "pk": 7, "fields": {"order": 7, "medicine": 4, "quantity": 1, "prescription": null}}, {"model": "pharmacy.ordermedicine", "pk": 8, "fields": {"order": 8, "medicine": 2, "quantity": 1, "prescription": null}}, {"model": "pharmacy.ordermedicine", "pk": 9, "fields": {"order": 9, "medicine": 6, "quantity": 1, "prescription": null}}, {"model": "pharmacy.ordermedicine", "pk": 10, "fields": {"order": 10, "medicine": 6, "quantity": 1, "prescription": null}}, {"model": "pharmacy.ordermedicine", "pk": 11, "fields": {"order": 11, "medicine": 7, "quantity": 4, "prescription": null}}, {"model": "pharmacy.ordermedicine", "pk": 12, "fields": {"order": 12, "medicine": 6, "quantity": 1, "prescription": null}}, {"model": "pharmacy.ordermedicine", "pk": 13, "fields": {"order": 13, "medicine": 4, "quantity": 1, "prescription": null}}, {"model": "pharmacy.ordermedicine", "pk": 14, "fields": {"order": 14, "medicine": 6, "quantity": 1, "prescription": null}}, {"model": "pharmacy.ordermedicine", "pk": 15, "fields": {"order": 15, "medicine": 2, "quantity": 1, "prescription": null}}, {"model": "pharmacy.billing", "pk": 1, "fields": {"order": 1, "total_amount": "0.00", "payment_status": "PAID", "created_at": "2025-04-27T09:11:57.892Z", "updated_at": "2025-04-28T16:50:15.928Z"}}, {"model": "pharmacy.billing", "pk": 2, "fields": {"order": 2, "total_amount": "12.00", "payment_status": "PAID", "created_at": "2025-05-01T13:30:53.903Z", "updated_at": "2025-05-01T13:40:22.968Z"}}, {"model": "pharmacy.billing", "pk": 3, "fields": {"order": 3, "total_amount": "150.00", "payment_status": "PAID", "created_at": "2025-05-02T05:13:06.715Z", "updated_at": "2025-05-02T20:10:11.114Z"}}, {"model": "pharmacy.billing", "pk": 4, "fields": {"order": 4, "total_amount": "300.00", "payment_status": "PAID", "created_at": "2025-05-02T07:18:17.327Z", "updated_at": "2025-05-02T20:14:02.448Z"}}, {"model": "pharmacy.billing", "pk": 5, "fields": {"order": 5, "total_amount": "162.00", "payment_status": "PAID", "created_at": "2025-05-02T13:32:04.481Z", "updated_at": "2025-05-02T13:32:22.723Z"}}, {"model": "pharmacy.billing", "pk": 6, "fields": {"order": 6, "total_amount": "12.00", "payment_status": "PAID", "created_at": "2025-05-02T18:47:10.282Z", "updated_at": "2025-05-02T19:40:05.464Z"}}, {"model": "pharmacy.billing", "pk": 7, "fields": {"order": 7, "total_amount": "12.00", "payment_status": "PAID", "created_at": "2025-05-02T19:24:44.332Z", "updated_at": "2025-05-02T20:09:04.793Z"}}, {"model": "pharmacy.billing", "pk": 8, "fields": {"order": 8, "total_amount": "150.00", "payment_status": "PAID", "created_at": "2025-05-02T20:10:32.991Z", "updated_at": "2025-05-02T20:21:54.258Z"}}, {"model": "pharmacy.billing", "pk": 9, "fields": {"order": 9, "total_amount": "5.00", "payment_status": "PAID", "created_at": "2025-05-02T20:35:13.531Z", "updated_at": "2025-05-02T20:35:29.835Z"}}, {"model": "pharmacy.billing", "pk": 10, "fields": {"order": 10, "total_amount": "5.00", "payment_status": "PAID", "created_at": "2025-05-08T15:30:45.904Z", "updated_at": "2025-05-08T15:33:28.731Z"}}, {"model": "pharmacy.billing", "pk": 11, "fields": {"order": 11, "total_amount": "0.00", "payment_status": "UNPAID", "created_at": "2025-05-08T16:09:41.367Z", "updated_at": "2025-05-08T16:09:41.367Z"}}, {"model": "pharmacy.billing", "pk": 12, "fields": {"order": 12, "total_amount": "0.00", "payment_status": "UNPAID", "created_at": "2025-05-08T17:33:39.637Z", "updated_at": "2025-05-08T17:33:39.638Z"}}, {"model": "pharmacy.billing", "pk": 13, "fields": {"order": 13, "total_amount": "0.00", "payment_status": "UNPAID", "created_at": "2025-05-10T06:49:07.399Z", "updated_at": "2025-05-10T06:49:07.399Z"}}, {"model": "pharmacy.billing", "pk": 14, "fields": {"order": 14, "total_amount": "0.00", "payment_status": "UNPAID", "created_at": "2025-05-10T07:06:49.409Z", "updated_at": "2025-05-10T07:06:49.409Z"}}, {"model": "pharmacy.billing", "pk": 15, "fields": {"order": 15, "total_amount": "150.00", "payment_status": "UNPAID", "created_at": "2025-05-10T07:29:17.812Z", "updated_at": "2025-05-15T19:10:15.676Z"}}, {"model": "pharmacy.stocktransaction", "pk": 1, "fields": {"medicine": 2, "transaction_type": "ADD", "quantity": 50, "reason": "Restock", "performed_by": 9, "created_at": "2025-04-27T09:26:12.913Z"}}, {"model": "pharmacy.stocktransaction", "pk": 2, "fields": {"medicine": 2, "transaction_type": "ADD", "quantity": 10, "reason": "Stock addition", "performed_by": 9, "created_at": "2025-04-28T17:38:47.835Z"}}, {"model": "pharmacy.stocktransaction", "pk": 3, "fields": {"medicine": 2, "transaction_type": "ADD", "quantity": 10, "reason": "Stock addition", "performed_by": 9, "created_at": "2025-04-28T20:50:33.837Z"}}, {"model": "pharmacy.stocktransaction", "pk": 4, "fields": {"medicine": 2, "transaction_type": "ADD", "quantity": 10, "reason": "what", "performed_by": 9, "created_at": "2025-04-28T20:52:11.284Z"}}, {"model": "pharmacy.stocktransaction", "pk": 5, "fields": {"medicine": 2, "transaction_type": "ADD", "quantity": 12, "reason": "12", "performed_by": 9, "created_at": "2025-04-28T21:12:10.941Z"}}, {"model": "pharmacy.stocktransaction", "pk": 6, "fields": {"medicine": 5, "transaction_type": "ADD", "quantity": 10, "reason": "update stock", "performed_by": 9, "created_at": "2025-04-30T05:09:38.722Z"}}, {"model": "pharmacy.stocktransaction", "pk": 7, "fields": {"medicine": 4, "transaction_type": "ADD", "quantity": 1000, "reason": "Stock addition", "performed_by": 9, "created_at": "2025-04-30T06:39:23.358Z"}}, {"model": "pharmacy.stocktransaction", "pk": 8, "fields": {"medicine": 5, "transaction_type": "ADD", "quantity": 10, "reason": "Stock addition", "performed_by": 9, "created_at": "2025-04-30T06:58:16.843Z"}}, {"model": "pharmacy.stocktransaction", "pk": 9, "fields": {"medicine": 4, "transaction_type": "REMOVE", "quantity": 1, "reason": "Order 2 fulfilled", "performed_by": 9, "created_at": "2025-05-01T13:31:17.246Z"}}, {"model": "pharmacy.stocktransaction", "pk": 10, "fields": {"medicine": 4, "transaction_type": "REMOVE", "quantity": 1, "reason": "Order 5 fulfilled", "performed_by": 9, "created_at": "2025-05-02T13:32:17.517Z"}}, {"model": "pharmacy.stocktransaction", "pk": 11, "fields": {"medicine": 2, "transaction_type": "REMOVE", "quantity": 1, "reason": "Order 5 fulfilled", "performed_by": 9, "created_at": "2025-05-02T13:32:17.531Z"}}, {"model": "pharmacy.stocktransaction", "pk": 12, "fields": {"medicine": 2, "transaction_type": "REMOVE", "quantity": 2, "reason": "Order 4 fulfilled", "performed_by": 9, "created_at": "2025-05-02T20:14:02.434Z"}}, {"model": "pharmacy.stocktransaction", "pk": 13, "fields": {"medicine": 3, "transaction_type": "ADD", "quantity": 10, "reason": "what", "performed_by": 9, "created_at": "2025-05-04T05:48:40.916Z"}}, {"model": "pharmacy.stocktransaction", "pk": 14, "fields": {"medicine": 6, "transaction_type": "ADD", "quantity": 10, "reason": "Stock addition", "performed_by": 9, "created_at": "2025-05-08T14:12:49.786Z"}}, {"model": "pharmacy.stocktransaction", "pk": 15, "fields": {"medicine": 6, "transaction_type": "REMOVE", "quantity": 1, "reason": "Order 10 fulfilled", "performed_by": 9, "created_at": "2025-05-08T15:31:15.127Z"}}, {"model": "pharmacy.stocktransaction", "pk": 16, "fields": {"medicine": 2, "transaction_type": "REMOVE", "quantity": 1, "reason": "Order 15 fulfilled", "performed_by": 9, "created_at": "2025-05-15T19:10:15.666Z"}}, {"model": "pharmacy.stocktransaction", "pk": 17, "fields": {"medicine": 8, "transaction_type": "ADD", "quantity": 10, "reason": "Stock addition", "performed_by": 9, "created_at": "2025-05-15T20:22:08.218Z"}}, {"model": "pharmacy.stocktransaction", "pk": 18, "fields": {"medicine": 9, "transaction_type": "ADD", "quantity": 63, "reason": "Stock addition", "performed_by": 9, "created_at": "2025-05-15T21:59:16.409Z"}}, {"model": "pharmacy.auditlog", "pk": 1, "fields": {"action": "CREATE", "model_name": "Medicine", "object_id": "1", "performed_by": 9, "details": "Medicine Aspirin created", "timestamp": "2025-04-27T08:52:16.227Z", "ip_address": "127.0.0.1", "user_agent": "PostmanRuntime/7.43.3"}}, {"model": "pharmacy.auditlog", "pk": 2, "fields": {"action": "UPDATE", "model_name": "Medicine", "object_id": "1", "performed_by": 9, "details": "Medicine Aspirin updated", "timestamp": "2025-04-27T08:53:53.952Z", "ip_address": "127.0.0.1", "user_agent": "PostmanRuntime/7.43.3"}}, {"model": "pharmacy.auditlog", "pk": 3, "fields": {"action": "UPDATE", "model_name": "Medicine", "object_id": "1", "performed_by": 9, "details": "Medicine Aspirin updated", "timestamp": "2025-04-27T08:54:17.718Z", "ip_address": "127.0.0.1", "user_agent": "PostmanRuntime/7.43.3"}}, {"model": "pharmacy.auditlog", "pk": 4, "fields": {"action": "DELETE", "model_name": "Medicine", "object_id": "1", "performed_by": 9, "details": "Medicine Aspirin deleted", "timestamp": "2025-04-27T08:54:36.882Z", "ip_address": "127.0.0.1", "user_agent": "PostmanRuntime/7.43.3"}}, {"model": "pharmacy.auditlog", "pk": 5, "fields": {"action": "CREATE", "model_name": "Medicine", "object_id": "2", "performed_by": 9, "details": "Medicine Aspirin created", "timestamp": "2025-04-27T08:54:45.759Z", "ip_address": "127.0.0.1", "user_agent": "PostmanRuntime/7.43.3"}}, {"model": "pharmacy.auditlog", "pk": 6, "fields": {"action": "CREATE", "model_name": "Order", "object_id": "1", "performed_by": 11, "details": "Order 1 created by BIG YAN - PATIENT", "timestamp": "2025-04-27T09:11:57.895Z", "ip_address": "127.0.0.1", "user_agent": "PostmanRuntime/7.43.3"}}, {"model": "pharmacy.auditlog", "pk": 7, "fields": {"action": "UPDATE", "model_name": "Medicine", "object_id": "2", "performed_by": 9, "details": "Stock changed from 300 to 350 (ADD)", "timestamp": "2025-04-27T09:26:12.918Z", "ip_address": null, "user_agent": ""}}, {"model": "pharmacy.auditlog", "pk": 8, "fields": {"action": "UPDATE", "model_name": "Order", "object_id": "1", "performed_by": 9, "details": "Order fulfilled, status changed to FULFILLED", "timestamp": "2025-04-28T13:48:26.169Z", "ip_address": null, "user_agent": ""}}, {"model": "pharmacy.auditlog", "pk": 9, "fields": {"action": "UPDATE", "model_name": "Billing", "object_id": "1", "performed_by": 9, "details": "Billing for Order 1 updated", "timestamp": "2025-04-28T16:50:15.933Z", "ip_address": "127.0.0.1", "user_agent": "Mozilla/5.0 (X11; Linux x86_64) AppleWebKit/537.36 (KHTML, like Gecko) Chrome/135.0.0.0 Safari/537.36"}}, {"model": "pharmacy.auditlog", "pk": 10, "fields": {"action": "UPDATE", "model_name": "Medicine", "object_id": "2", "performed_by": 9, "details": "Stock changed from 350 to 360 (ADD)", "timestamp": "2025-04-28T17:38:47.841Z", "ip_address": null, "user_agent": ""}}, {"model": "pharmacy.auditlog", "pk": 11, "fields": {"action": "CREATE", "model_name": "Medicine", "object_id": "3", "performed_by": 9, "details": "Medicine test created", "timestamp": "2025-04-28T20:46:25.665Z", "ip_address": "127.0.0.1", "user_agent": "Mozilla/5.0 (X11; Linux x86_64) AppleWebKit/537.36 (KHTML, like Gecko) Chrome/135.0.0.0 Safari/537.36"}}, {"model": "pharmacy.auditlog", "pk": 12, "fields": {"action": "UPDATE", "model_name": "Medicine", "object_id": "2", "performed_by": 9, "details": "Stock changed from 360 to 370 (ADD)", "timestamp": "2025-04-28T20:50:33.838Z", "ip_address": null, "user_agent": ""}}, {"model": "pharmacy.auditlog", "pk": 13, "fields": {"action": "UPDATE", "model_name": "Medicine", "object_id": "2", "performed_by": 9, "details": "Stock changed from 370 to 380 (ADD)", "timestamp": "2025-04-28T20:52:11.286Z", "ip_address": null, "user_agent": ""}}, {"model": "pharmacy.auditlog", "pk": 14, "fields": {"action": "UPDATE", "model_name": "Medicine", "object_id": "2", "performed_by": 9, "details": "Medicine Aspirins updated", "timestamp": "2025-04-28T20:55:58.244Z", "ip_address": "127.0.0.1", "user_agent": "Mozilla/5.0 (X11; Linux x86_64) AppleWebKit/537.36 (KHTML, like Gecko) Chrome/135.0.0.0 Safari/537.36"}}, {"model": "pharmacy.auditlog", "pk": 15, "fields": {"action": "UPDATE", "model_name": "Medicine", "object_id": "2", "performed_by": 9, "details": "Stock changed from 380 to 392 (ADD)", "timestamp": "2025-04-28T21:12:10.943Z", "ip_address": null, "user_agent": ""}}, {"model": "pharmacy.auditlog", "pk": 16, "fields": {"action": "UPDATE", "model_name": "Medicine", "object_id": "2", "performed_by": 9, "details": "Medicine Aspirinsss updated", "timestamp": "2025-04-28T21:13:20.509Z", "ip_address": "127.0.0.1", "user_agent": "Mozilla/5.0 (X11; Linux x86_64) AppleWebKit/537.36 (KHTML, like Gecko) Chrome/135.0.0.0 Safari/537.36"}}, {"model": "pharmacy.auditlog", "pk": 17, "fields": {"action": "UPDATE", "model_name": "Medicine", "object_id": "2", "performed_by": 9, "details": "Medicine Aspirinsss updated", "timestamp": "2025-04-28T21:15:11.766Z", "ip_address": "127.0.0.1", "user_agent": "Mozilla/5.0 (X11; Linux x86_64) AppleWebKit/537.36 (KHTML, like Gecko) Chrome/135.0.0.0 Safari/537.36"}}, {"model": "pharmacy.auditlog", "pk": 18, "fields": {"action": "CREATE", "model_name": "Medicine", "object_id": "4", "performed_by": 9, "details": "Medicine abc created", "timestamp": "2025-04-28T21:22:05.048Z", "ip_address": "127.0.0.1", "user_agent": "Mozilla/5.0 (X11; Linux x86_64) AppleWebKit/537.36 (KHTML, like Gecko) Chrome/135.0.0.0 Safari/537.36"}}, {"model": "pharmacy.auditlog", "pk": 19, "fields": {"action": "CREATE", "model_name": "Medicine", "object_id": "5", "performed_by": 9, "details": "Medicine Dabur Honitus created", "timestamp": "2025-04-30T05:08:54.251Z", "ip_address": "127.0.0.1", "user_agent": "Mozilla/5.0 (X11; Linux x86_64) AppleWebKit/537.36 (KHTML, like Gecko) Chrome/135.0.0.0 Safari/537.36"}}, {"model": "pharmacy.auditlog", "pk": 20, "fields": {"action": "UPDATE", "model_name": "Medicine", "object_id": "5", "performed_by": 9, "details": "Stock changed from 100 to 110 (ADD)", "timestamp": "2025-04-30T05:09:38.727Z", "ip_address": null, "user_agent": ""}}, {"model": "pharmacy.auditlog", "pk": 21, "fields": {"action": "UPDATE", "model_name": "Medicine", "object_id": "5", "performed_by": 9, "details": "Medicine Dabur Honitus updated", "timestamp": "2025-04-30T05:10:00.616Z", "ip_address": "127.0.0.1", "user_agent": "Mozilla/5.0 (X11; Linux x86_64) AppleWebKit/537.36 (KHTML, like Gecko) Chrome/135.0.0.0 Safari/537.36"}}, {"model": "pharmacy.auditlog", "pk": 22, "fields": {"action": "UPDATE", "model_name": "Medicine", "object_id": "4", "performed_by": 9, "details": "Stock changed from 122 to 1122 (ADD)", "timestamp": "2025-04-30T06:39:23.360Z", "ip_address": null, "user_agent": ""}}, {"model": "pharmacy.auditlog", "pk": 23, "fields": {"action": "UPDATE", "model_name": "Medicine", "object_id": "5", "performed_by": 9, "details": "Stock changed from 120 to 130 (ADD)", "timestamp": "2025-04-30T06:58:16.846Z", "ip_address": null, "user_agent": ""}}, {"model": "pharmacy.auditlog", "pk": 24, "fields": {"action": "CREATE", "model_name": "Order", "object_id": "2", "performed_by": 2, "details": "Order 2 created by It's Faceless Men - PATIENT", "timestamp": "2025-05-01T13:30:53.925Z", "ip_address": "127.0.0.1", "user_agent": "Mozilla/5.0 (X11; Linux x86_64) AppleWebKit/537.36 (KHTML, like Gecko) Chrome/135.0.0.0 Safari/537.36"}}, {"model": "pharmacy.auditlog", "pk": 25, "fields": {"action": "UPDATE", "model_name": "Medicine", "object_id": "4", "performed_by": 9, "details": "Stock changed from 1122 to 1121 (REMOVE)", "timestamp": "2025-05-01T13:31:17.254Z", "ip_address": null, "user_agent": ""}}, {"model": "pharmacy.auditlog", "pk": 26, "fields": {"action": "UPDATE", "model_name": "Order", "object_id": "2", "performed_by": 9, "details": "Order fulfilled, status changed to FULFILLED", "timestamp": "2025-05-01T13:31:17.275Z", "ip_address": null, "user_agent": ""}}, {"model": "pharmacy.auditlog", "pk": 27, "fields": {"action": "UPDATE", "model_name": "Billing", "object_id": "2", "performed_by": 9, "details": "Billing for Order 2 updated", "timestamp": "2025-05-01T13:40:22.978Z", "ip_address": "127.0.0.1", "user_agent": "Mozilla/5.0 (X11; Linux x86_64) AppleWebKit/537.36 (KHTML, like Gecko) Chrome/135.0.0.0 Safari/537.36"}}, {"model": "pharmacy.auditlog", "pk": 28, "fields": {"action": "CREATE", "model_name": "Order", "object_id": "3", "performed_by": 2, "details": "Order 3 created by It's Faceless Men - PATIENT", "timestamp": "2025-05-02T05:13:06.733Z", "ip_address": "127.0.0.1", "user_agent": "Mozilla/5.0 (X11; Linux x86_64) AppleWebKit/537.36 (KHTML, like Gecko) Chrome/135.0.0.0 Safari/537.36"}}, {"model": "pharmacy.auditlog", "pk": 29, "fields": {"action": "CREATE", "model_name": "Order", "object_id": "4", "performed_by": 2, "details": "Order 4 created by It's Faceless Men - PATIENT", "timestamp": "2025-05-02T07:18:17.335Z", "ip_address": "127.0.0.1", "user_agent": "Mozilla/5.0 (X11; Linux x86_64) AppleWebKit/537.36 (KHTML, like Gecko) Chrome/135.0.0.0 Safari/537.36"}}, {"model": "pharmacy.auditlog", "pk": 30, "fields": {"action": "UPDATE", "model_name": "Billing", "object_id": "2", "performed_by": 9, "details": "Invoice email sent to itsfacelessmen@gmail.com", "timestamp": "2025-05-02T13:28:05.234Z", "ip_address": "127.0.0.1", "user_agent": "Mozilla/5.0 (X11; Linux x86_64) AppleWebKit/537.36 (KHTML, like Gecko) Chrome/135.0.0.0 Safari/537.36"}}, {"model": "pharmacy.auditlog", "pk": 31, "fields": {"action": "UPDATE", "model_name": "Billing", "object_id": "2", "performed_by": 9, "details": "Invoice email sent to itsfacelessmen@gmail.com", "timestamp": "2025-05-02T13:29:51.840Z", "ip_address": "127.0.0.1", "user_agent": "Mozilla/5.0 (X11; Linux x86_64) AppleWebKit/537.36 (KHTML, like Gecko) Chrome/135.0.0.0 Safari/537.36"}}, {"model": "pharmacy.auditlog", "pk": 32, "fields": {"action": "CREATE", "model_name": "Order", "object_id": "5", "performed_by": 2, "details": "Order 5 created by It's Faceless Men - PATIENT", "timestamp": "2025-05-02T13:32:04.493Z", "ip_address": "127.0.0.1", "user_agent": "Mozilla/5.0 (X11; Linux x86_64) AppleWebKit/537.36 (KHTML, like Gecko) Chrome/135.0.0.0 Safari/537.36"}}, {"model": "pharmacy.auditlog", "pk": 33, "fields": {"action": "UPDATE", "model_name": "Medicine", "object_id": "4", "performed_by": 9, "details": "Stock changed from 1121 to 1120 (REMOVE)", "timestamp": "2025-05-02T13:32:17.520Z", "ip_address": null, "user_agent": ""}}, {"model": "pharmacy.auditlog", "pk": 34, "fields": {"action": "UPDATE", "model_name": "Medicine", "object_id": "2", "performed_by": 9, "details": "Stock changed from 392 to 391 (REMOVE)", "timestamp": "2025-05-02T13:32:17.534Z", "ip_address": null, "user_agent": ""}}, {"model": "pharmacy.auditlog", "pk": 35, "fields": {"action": "UPDATE", "model_name": "Order", "object_id": "5", "performed_by": 9, "details": "Order fulfilled, status changed to FULFILLED", "timestamp": "2025-05-02T13:32:17.544Z", "ip_address": null, "user_agent": ""}}, {"model": "pharmacy.auditlog", "pk": 36, "fields": {"action": "UPDATE", "model_name": "Billing", "object_id": "5", "performed_by": 9, "details": "Billing for Order 5 updated", "timestamp": "2025-05-02T13:32:22.732Z", "ip_address": "127.0.0.1", "user_agent": "Mozilla/5.0 (X11; Linux x86_64) AppleWebKit/537.36 (KHTML, like Gecko) Chrome/135.0.0.0 Safari/537.36"}}, {"model": "pharmacy.auditlog", "pk": 37, "fields": {"action": "UPDATE", "model_name": "Billing", "object_id": "5", "performed_by": 9, "details": "Invoice email sent to itsfacelessmen@gmail.com", "timestamp": "2025-05-02T13:32:28.996Z", "ip_address": "127.0.0.1", "user_agent": "Mozilla/5.0 (X11; Linux x86_64) AppleWebKit/537.36 (KHTML, like Gecko) Chrome/135.0.0.0 Safari/537.36"}}, {"model": "pharmacy.auditlog", "pk": 38, "fields": {"action": "UPDATE", "model_name": "Billing", "object_id": "5", "performed_by": 9, "details": "Invoice email sent to itsfacelessmen@gmail.com", "timestamp": "2025-05-02T13:33:14.394Z", "ip_address": "127.0.0.1", "user_agent": "Mozilla/5.0 (X11; Linux x86_64) AppleWebKit/537.36 (KHTML, like Gecko) Chrome/135.0.0.0 Safari/537.36"}}, {"model": "pharmacy.auditlog", "pk": 39, "fields": {"action": "UPDATE", "model_name": "Billing", "object_id": "5", "performed_by": 9, "details": "Invoice email sent to itsfacelessmen@gmail.com", "timestamp": "2025-05-02T13:39:09.751Z", "ip_address": "127.0.0.1", "user_agent": "Mozilla/5.0 (X11; Linux x86_64) AppleWebKit/537.36 (KHTML, like Gecko) Chrome/135.0.0.0 Safari/537.36"}}, {"model": "pharmacy.auditlog", "pk": 40, "fields": {"action": "UPDATE", "model_name": "Billing", "object_id": "5", "performed_by": 9, "details": "Invoice email sent to itsfacelessmen@gmail.com", "timestamp": "2025-05-02T13:39:14.341Z", "ip_address": "127.0.0.1", "user_agent": "Mozilla/5.0 (X11; Linux x86_64) AppleWebKit/537.36 (KHTML, like Gecko) Chrome/135.0.0.0 Safari/537.36"}}, {"model": "pharmacy.auditlog", "pk": 41, "fields": {"action": "UPDATE", "model_name": "Billing", "object_id": "2", "performed_by": 9, "details": "Invoice email sent to itsfacelessmen@gmail.com", "timestamp": "2025-05-02T13:39:37.477Z", "ip_address": "127.0.0.1", "user_agent": "Mozilla/5.0 (X11; Linux x86_64) AppleWebKit/537.36 (KHTML, like Gecko) Chrome/135.0.0.0 Safari/537.36"}}, {"model": "pharmacy.auditlog", "pk": 42, "fields": {"action": "CREATE", "model_name": "Order", "object_id": "6", "performed_by": 2, "details": "Order 6 created by It's Faceless Men - PATIENT", "timestamp": "2025-05-02T18:47:10.298Z", "ip_address": "127.0.0.1", "user_agent": "Mozilla/5.0 (X11; Linux x86_64) AppleWebKit/537.36 (KHTML, like Gecko) Chrome/135.0.0.0 Safari/537.36"}}, {"model": "pharmacy.auditlog", "pk": 43, "fields": {"action": "UPDATE", "model_name": "Billing", "object_id": "5", "performed_by": 9, "details": "Invoice email sent to itsfacelessmen@gmail.com", "timestamp": "2025-05-02T19:22:56.923Z", "ip_address": "127.0.0.1", "user_agent": "Mozilla/5.0 (X11; Linux x86_64) AppleWebKit/537.36 (KHTML, like Gecko) Chrome/135.0.0.0 Safari/537.36"}}, {"model": "pharmacy.auditlog", "pk": 44, "fields": {"action": "CREATE", "model_name": "Order", "object_id": "7", "performed_by": 2, "details": "Order 7 created by It's Faceless Men - PATIENT", "timestamp": "2025-05-02T19:24:44.338Z", "ip_address": "127.0.0.1", "user_agent": "Mozilla/5.0 (X11; Linux x86_64) AppleWebKit/537.36 (KHTML, like Gecko) Chrome/135.0.0.0 Safari/537.36"}}, {"model": "pharmacy.auditlog", "pk": 45, "fields": {"action": "UPDATE", "model_name": "Billing", "object_id": "4", "performed_by": 2, "details": "Payment completed for billing 4", "timestamp": "2025-05-02T19:37:32.958Z", "ip_address": "127.0.0.1", "user_agent": "Mozilla/5.0 (X11; Linux x86_64) AppleWebKit/537.36 (KHTML, like Gecko) Chrome/135.0.0.0 Safari/537.36"}}, {"model": "pharmacy.auditlog", "pk": 46, "fields": {"action": "UPDATE", "model_name": "Order", "object_id": "6", "performed_by": 2, "details": "Order status changed to FULFILLED after payment", "timestamp": "2025-05-02T19:40:05.465Z", "ip_address": "127.0.0.1", "user_agent": "Mozilla/5.0 (X11; Linux x86_64) AppleWebKit/537.36 (KHTML, like Gecko) Chrome/135.0.0.0 Safari/537.36"}}, {"model": "pharmacy.auditlog", "pk": 47, "fields": {"action": "UPDATE", "model_name": "Billing", "object_id": "6", "performed_by": 2, "details": "Payment completed for billing 6", "timestamp": "2025-05-02T19:40:05.466Z", "ip_address": "127.0.0.1", "user_agent": "Mozilla/5.0 (X11; Linux x86_64) AppleWebKit/537.36 (KHTML, like Gecko) Chrome/135.0.0.0 Safari/537.36"}}, {"model": "pharmacy.auditlog", "pk": 48, "fields": {"action": "UPDATE", "model_name": "Order", "object_id": "7", "performed_by": 2, "details": "Order status changed to FULFILLED after payment", "timestamp": "2025-05-02T20:09:04.795Z", "ip_address": "127.0.0.1", "user_agent": "Mozilla/5.0 (X11; Linux x86_64) AppleWebKit/537.36 (KHTML, like Gecko) Chrome/135.0.0.0 Safari/537.36"}}, {"model": "pharmacy.auditlog", "pk": 49, "fields": {"action": "UPDATE", "model_name": "Billing", "object_id": "7", "performed_by": 2, "details": "Payment completed for billing 7", "timestamp": "2025-05-02T20:09:04.798Z", "ip_address": "127.0.0.1", "user_agent": "Mozilla/5.0 (X11; Linux x86_64) AppleWebKit/537.36 (KHTML, like Gecko) Chrome/135.0.0.0 Safari/537.36"}}, {"model": "pharmacy.auditlog", "pk": 50, "fields": {"action": "UPDATE", "model_name": "Order", "object_id": "3", "performed_by": 2, "details": "Order status changed to FULFILLED after payment", "timestamp": "2025-05-02T20:10:11.115Z", "ip_address": "127.0.0.1", "user_agent": "Mozilla/5.0 (X11; Linux x86_64) AppleWebKit/537.36 (KHTML, like Gecko) Chrome/135.0.0.0 Safari/537.36"}}, {"model": "pharmacy.auditlog", "pk": 51, "fields": {"action": "UPDATE", "model_name": "Billing", "object_id": "3", "performed_by": 2, "details": "Payment completed for billing 3", "timestamp": "2025-05-02T20:10:11.116Z", "ip_address": "127.0.0.1", "user_agent": "Mozilla/5.0 (X11; Linux x86_64) AppleWebKit/537.36 (KHTML, like Gecko) Chrome/135.0.0.0 Safari/537.36"}}, {"model": "pharmacy.auditlog", "pk": 52, "fields": {"action": "CREATE", "model_name": "Order", "object_id": "8", "performed_by": 2, "details": "Order 8 created by It's Faceless Men - PATIENT", "timestamp": "2025-05-02T20:10:33.001Z", "ip_address": "127.0.0.1", "user_agent": "Mozilla/5.0 (X11; Linux x86_64) AppleWebKit/537.36 (KHTML, like Gecko) Chrome/135.0.0.0 Safari/537.36"}}, {"model": "pharmacy.auditlog", "pk": 53, "fields": {"action": "UPDATE", "model_name": "Medicine", "object_id": "4", "performed_by": 9, "details": "Medicine abc updated", "timestamp": "2025-05-02T20:12:53.546Z", "ip_address": "127.0.0.1", "user_agent": "Mozilla/5.0 (X11; Linux x86_64) AppleWebKit/537.36 (KHTML, like Gecko) Chrome/135.0.0.0 Safari/537.36"}}, {"model": "pharmacy.auditlog", "pk": 54, "fields": {"action": "UPDATE", "model_name": "Billing", "object_id": "4", "performed_by": 9, "details": "Invoice email sent to itsfacelessmen@gmail.com", "timestamp": "2025-05-02T20:13:52.323Z", "ip_address": "127.0.0.1", "user_agent": "Mozilla/5.0 (X11; Linux x86_64) AppleWebKit/537.36 (KHTML, like Gecko) Chrome/135.0.0.0 Safari/537.36"}}, {"model": "pharmacy.auditlog", "pk": 55, "fields": {"action": "UPDATE", "model_name": "Medicine", "object_id": "2", "performed_by": 9, "details": "Stock changed from 391 to 389 (REMOVE)", "timestamp": "2025-05-02T20:14:02.437Z", "ip_address": null, "user_agent": ""}}, {"model": "pharmacy.auditlog", "pk": 56, "fields": {"action": "UPDATE", "model_name": "Order", "object_id": "4", "performed_by": 9, "details": "Order fulfilled, status changed to FULFILLED", "timestamp": "2025-05-02T20:14:02.450Z", "ip_address": null, "user_agent": ""}}, {"model": "pharmacy.auditlog", "pk": 57, "fields": {"action": "UPDATE", "model_name": "Order", "object_id": "8", "performed_by": 2, "details": "Order status changed to FULFILLED after payment", "timestamp": "2025-05-02T20:21:54.260Z", "ip_address": "127.0.0.1", "user_agent": "Mozilla/5.0 (X11; Linux x86_64) AppleWebKit/537.36 (KHTML, like Gecko) Chrome/135.0.0.0 Safari/537.36"}}, {"model": "pharmacy.auditlog", "pk": 58, "fields": {"action": "UPDATE", "model_name": "Billing", "object_id": "8", "performed_by": 2, "details": "Payment completed for billing 8", "timestamp": "2025-05-02T20:21:54.261Z", "ip_address": "127.0.0.1", "user_agent": "Mozilla/5.0 (X11; Linux x86_64) AppleWebKit/537.36 (KHTML, like Gecko) Chrome/135.0.0.0 Safari/537.36"}}, {"model": "pharmacy.auditlog", "pk": 59, "fields": {"action": "CREATE", "model_name": "Medicine", "object_id": "6", "performed_by": 9, "details": "Medicine Amoxicilin created", "timestamp": "2025-05-02T20:34:48.180Z", "ip_address": "127.0.0.1", "user_agent": "Mozilla/5.0 (X11; Linux x86_64) AppleWebKit/537.36 (KHTML, like Gecko) Chrome/135.0.0.0 Safari/537.36"}}, {"model": "pharmacy.auditlog", "pk": 60, "fields": {"action": "CREATE", "model_name": "Order", "object_id": "9", "performed_by": 2, "details": "Order 9 created by It's Faceless Men - PATIENT", "timestamp": "2025-05-02T20:35:13.551Z", "ip_address": "127.0.0.1", "user_agent": "Mozilla/5.0 (X11; Linux x86_64) AppleWebKit/537.36 (KHTML, like Gecko) Chrome/135.0.0.0 Safari/537.36"}}, {"model": "pharmacy.auditlog", "pk": 61, "fields": {"action": "UPDATE", "model_name": "Order", "object_id": "9", "performed_by": 2, "details": "Order status changed to FULFILLED after payment", "timestamp": "2025-05-02T20:35:29.836Z", "ip_address": "127.0.0.1", "user_agent": "Mozilla/5.0 (X11; Linux x86_64) AppleWebKit/537.36 (KHTML, like Gecko) Chrome/135.0.0.0 Safari/537.36"}}, {"model": "pharmacy.auditlog", "pk": 62, "fields": {"action": "UPDATE", "model_name": "Billing", "object_id": "9", "performed_by": 2, "details": "Payment completed for billing 9", "timestamp": "2025-05-02T20:35:29.837Z", "ip_address": "127.0.0.1", "user_agent": "Mozilla/5.0 (X11; Linux x86_64) AppleWebKit/537.36 (KHTML, like Gecko) Chrome/135.0.0.0 Safari/537.36"}}, {"model": "pharmacy.auditlog", "pk": 63, "fields": {"action": "UPDATE", "model_name": "Medicine", "object_id": "3", "performed_by": 9, "details": "Stock changed from 100 to 110 (ADD)", "timestamp": "2025-05-04T05:48:40.918Z", "ip_address": null, "user_agent": ""}}, {"model": "pharmacy.auditlog", "pk": 64, "fields": {"action": "READ", "model_name": "Invoice", "object_id": "9", "performed_by": 9, "details": "Invoice generated for Billing 9", "timestamp": "2025-05-04T05:55:29.915Z", "ip_address": "127.0.0.1", "user_agent": "Mozilla/5.0 (X11; Linux x86_64) AppleWebKit/537.36 (KHTML, like Gecko) Chrome/136.0.0.0 Safari/537.36"}}, {"model": "pharmacy.auditlog", "pk": 65, "fields": {"action": "READ", "model_name": "Invoice", "object_id": "9", "performed_by": 9, "details": "Invoice generated for Billing 9", "timestamp": "2025-05-04T06:07:43.136Z", "ip_address": "127.0.0.1", "user_agent": "Mozilla/5.0 (X11; Linux x86_64) AppleWebKit/537.36 (KHTML, like Gecko) Chrome/136.0.0.0 Safari/537.36"}}, {"model": "pharmacy.auditlog", "pk": 66, "fields": {"action": "EMAIL", "model_name": "Invoice", "object_id": "9", "performed_by": 9, "details": "Invoice email sent to itsfacelessmen@gmail.com for Billing 9", "timestamp": "2025-05-04T06:11:58.916Z", "ip_address": "127.0.0.1", "user_agent": "Mozilla/5.0 (X11; Linux x86_64) AppleWebKit/537.36 (KHTML, like Gecko) Chrome/136.0.0.0 Safari/537.36"}}, {"model": "pharmacy.auditlog", "pk": 67, "fields": {"action": "EMAIL", "model_name": "Invoice", "object_id": "4", "performed_by": 9, "details": "Invoice email sent to itsfacelessmen@gmail.com for Billing 4", "timestamp": "2025-05-04T06:14:09.859Z", "ip_address": "127.0.0.1", "user_agent": "Mozilla/5.0 (X11; Linux x86_64) AppleWebKit/537.36 (KHTML, like Gecko) Chrome/136.0.0.0 Safari/537.36"}}, {"model": "pharmacy.auditlog", "pk": 68, "fields": {"action": "EMAIL", "model_name": "Invoice", "object_id": "7", "performed_by": 9, "details": "Invoice email sent to itsfacelessmen@gmail.com for Billing 7", "timestamp": "2025-05-04T06:15:23.495Z", "ip_address": "127.0.0.1", "user_agent": "Mozilla/5.0 (X11; Linux x86_64) AppleWebKit/537.36 (KHTML, like Gecko) Chrome/136.0.0.0 Safari/537.36"}}, {"model": "pharmacy.auditlog", "pk": 69, "fields": {"action": "EMAIL", "model_name": "Invoice", "object_id": "6", "performed_by": 9, "details": "Invoice email sent to itsfacelessmen@gmail.com for Billing 6", "timestamp": "2025-05-04T06:15:27.608Z", "ip_address": "127.0.0.1", "user_agent": "Mozilla/5.0 (X11; Linux x86_64) AppleWebKit/537.36 (KHTML, like Gecko) Chrome/136.0.0.0 Safari/537.36"}}, {"model": "pharmacy.auditlog", "pk": 70, "fields": {"action": "ERROR", "model_name": "Invoice", "object_id": "9", "performed_by": 9, "details": "Failed to send invoice email to itsfacelessmen@gmail.com for Billing 9", "timestamp": "2025-05-04T06:19:47.406Z", "ip_address": "127.0.0.1", "user_agent": "Mozilla/5.0 (X11; Linux x86_64) AppleWebKit/537.36 (KHTML, like Gecko) Chrome/136.0.0.0 Safari/537.36"}}, {"model": "pharmacy.auditlog", "pk": 71, "fields": {"action": "ERROR", "model_name": "Invoice", "object_id": "4", "performed_by": 9, "details": "Failed to send invoice email to itsfacelessmen@gmail.com for Billing 4", "timestamp": "2025-05-04T06:20:05.864Z", "ip_address": "127.0.0.1", "user_agent": "Mozilla/5.0 (X11; Linux x86_64) AppleWebKit/537.36 (KHTML, like Gecko) Chrome/136.0.0.0 Safari/537.36"}}, {"model": "pharmacy.auditlog", "pk": 72, "fields": {"action": "EMAIL", "model_name": "Invoice", "object_id": "9", "performed_by": 9, "details": "Invoice email sent to itsfacelessmen@gmail.com for Billing 9", "timestamp": "2025-05-04T09:43:59.946Z", "ip_address": "127.0.0.1", "user_agent": "Mozilla/5.0 (X11; Linux x86_64) AppleWebKit/537.36 (KHTML, like Gecko) Chrome/136.0.0.0 Safari/537.36"}}, {"model": "pharmacy.auditlog", "pk": 73, "fields": {"action": "CREATE", "model_name": "Medicine", "object_id": "7", "performed_by": 9, "details": "Medicine Test1 created", "timestamp": "2025-05-04T10:10:17.311Z", "ip_address": "127.0.0.1", "user_agent": "Mozilla/5.0 (X11; Linux x86_64) AppleWebKit/537.36 (KHTML, like Gecko) Chrome/136.0.0.0 Safari/537.36"}}, {"model": "pharmacy.auditlog", "pk": 74, "fields": {"action": "READ", "model_name": "Invoice", "object_id": "9", "performed_by": 9, "details": "Invoice generated for Billing 9", "timestamp": "2025-05-04T10:10:34.830Z", "ip_address": "127.0.0.1", "user_agent": "Mozilla/5.0 (X11; Linux x86_64) AppleWebKit/537.36 (KHTML, like Gecko) Chrome/136.0.0.0 Safari/537.36"}}, {"model": "pharmacy.auditlog", "pk": 75, "fields": {"action": "EMAIL", "model_name": "Invoice", "object_id": "9", "performed_by": 9, "details": "Invoice email sent to itsfacelessmen@gmail.com for Billing 9", "timestamp": "2025-05-04T10:17:27.069Z", "ip_address": "127.0.0.1", "user_agent": "Mozilla/5.0 (X11; Linux x86_64) AppleWebKit/537.36 (KHTML, like Gecko) Chrome/136.0.0.0 Safari/537.36"}}, {"model": "pharmacy.auditlog", "pk": 76, "fields": {"action": "EMAIL", "model_name": "Invoice", "object_id": "8", "performed_by": 9, "details": "Invoice email sent to itsfacelessmen@gmail.com for Billing 8", "timestamp": "2025-05-08T13:29:31.346Z", "ip_address": "127.0.0.1", "user_agent": "Mozilla/5.0 (X11; Linux x86_64) AppleWebKit/537.36 (KHTML, like Gecko) Chrome/136.0.0.0 Safari/537.36"}}, {"model": "pharmacy.auditlog", "pk": 77, "fields": {"action": "UPDATE", "model_name": "Medicine", "object_id": "6", "performed_by": 9, "details": "Stock changed from 50 to 60 (ADD)", "timestamp": "2025-05-08T14:12:49.792Z", "ip_address": null, "user_agent": ""}}, {"model": "pharmacy.auditlog", "pk": 78, "fields": {"action": "CREATE", "model_name": "Order", "object_id": "10", "performed_by": 2, "details": "Order created by patient It's Faceless Men - PATIENT", "timestamp": "2025-05-08T15:30:45.912Z", "ip_address": "127.0.0.1", "user_agent": "Mozilla/5.0 (X11; Linux x86_64) AppleWebKit/537.36 (KHTML, like Gecko) Chrome/136.0.0.0 Safari/537.36"}}, {"model": "pharmacy.auditlog", "pk": 79, "fields": {"action": "UPDATE", "model_name": "Medicine", "object_id": "6", "performed_by": 9, "details": "Stock changed from 60 to 59 (REMOVE)", "timestamp": "2025-05-08T15:31:15.132Z", "ip_address": null, "user_agent": ""}}, {"model": "pharmacy.auditlog", "pk": 80, "fields": {"action": "UPDATE", "model_name": "Order", "object_id": "10", "performed_by": 9, "details": "Order fulfilled, status changed to FULFILLED", "timestamp": "2025-05-08T15:31:15.149Z", "ip_address": null, "user_agent": ""}}, {"model": "pharmacy.auditlog", "pk": 81, "fields": {"action": "READ", "model_name": "Invoice", "object_id": "10", "performed_by": 9, "details": "Invoice generated for Billing 10", "timestamp": "2025-05-08T15:31:19.510Z", "ip_address": "127.0.0.1", "user_agent": "Mozilla/5.0 (X11; Linux x86_64) AppleWebKit/537.36 (KHTML, like Gecko) Chrome/136.0.0.0 Safari/537.36"}}, {"model": "pharmacy.auditlog", "pk": 82, "fields": {"action": "EMAIL", "model_name": "Invoice", "object_id": "10", "performed_by": 9, "details": "Invoice email sent to itsfacelessmen@gmail.com for Billing 10", "timestamp": "2025-05-08T15:31:30.389Z", "ip_address": "127.0.0.1", "user_agent": "Mozilla/5.0 (X11; Linux x86_64) AppleWebKit/537.36 (KHTML, like Gecko) Chrome/136.0.0.0 Safari/537.36"}}, {"model": "pharmacy.auditlog", "pk": 83, "fields": {"action": "EMAIL", "model_name": "Invoice", "object_id": "8", "performed_by": 9, "details": "Invoice email sent to itsfacelessmen@gmail.com for Billing 8", "timestamp": "2025-05-08T15:33:09.509Z", "ip_address": "127.0.0.1", "user_agent": "Mozilla/5.0 (X11; Linux x86_64) AppleWebKit/537.36 (KHTML, like Gecko) Chrome/136.0.0.0 Safari/537.36"}}, {"model": "pharmacy.auditlog", "pk": 84, "fields": {"action": "UPDATE", "model_name": "Billing", "object_id": "10", "performed_by": 9, "details": "Billing for Order 10 updated", "timestamp": "2025-05-08T15:33:28.738Z", "ip_address": "127.0.0.1", "user_agent": "Mozilla/5.0 (X11; Linux x86_64) AppleWebKit/537.36 (KHTML, like Gecko) Chrome/136.0.0.0 Safari/537.36"}}, {"model": "pharmacy.auditlog", "pk": 85, "fields": {"action": "EMAIL", "model_name": "Invoice", "object_id": "10", "performed_by": 9, "details": "Invoice email sent to itsfacelessmen@gmail.com for Billing 10", "timestamp": "2025-05-08T15:33:35.541Z", "ip_address": "127.0.0.1", "user_agent": "Mozilla/5.0 (X11; Linux x86_64) AppleWebKit/537.36 (KHTML, like Gecko) Chrome/136.0.0.0 Safari/537.36"}}, {"model": "pharmacy.auditlog", "pk": 86, "fields": {"action": "EMAIL", "model_name": "Invoice", "object_id": "7", "performed_by": 9, "details": "Invoice email sent to itsfacelessmen@gmail.com for Billing 7", "timestamp": "2025-05-08T15:34:08.822Z", "ip_address": "127.0.0.1", "user_agent": "Mozilla/5.0 (X11; Linux x86_64) AppleWebKit/537.36 (KHTML, like Gecko) Chrome/136.0.0.0 Safari/537.36"}}, {"model": "pharmacy.auditlog", "pk": 87, "fields": {"action": "EMAIL", "model_name": "Invoice", "object_id": "9", "performed_by": 9, "details": "Invoice email sent to itsfacelessmen@gmail.com for Billing 9", "timestamp": "2025-05-08T15:34:45.047Z", "ip_address": "127.0.0.1", "user_agent": "Mozilla/5.0 (X11; Linux x86_64) AppleWebKit/537.36 (KHTML, like Gecko) Chrome/136.0.0.0 Safari/537.36"}}, {"model": "pharmacy.auditlog", "pk": 88, "fields": {"action": "CREATE", "model_name": "Order", "object_id": "11", "performed_by": 2, "details": "Order created by patient It's Faceless Men - PATIENT", "timestamp": "2025-05-08T16:09:41.380Z", "ip_address": "127.0.0.1", "user_agent": "Mozilla/5.0 (X11; Linux x86_64) AppleWebKit/537.36 (KHTML, like Gecko) Chrome/136.0.0.0 Safari/537.36"}}, {"model": "pharmacy.auditlog", "pk": 89, "fields": {"action": "CREATE", "model_name": "Order", "object_id": "12", "performed_by": 2, "details": "Order created by patient It's Faceless Men - PATIENT", "timestamp": "2025-05-08T17:33:39.651Z", "ip_address": "127.0.0.1", "user_agent": "Mozilla/5.0 (X11; Linux x86_64) AppleWebKit/537.36 (KHTML, like Gecko) Chrome/136.0.0.0 Safari/537.36"}}, {"model": "pharmacy.auditlog", "pk": 90, "fields": {"action": "CREATE", "model_name": "Order", "object_id": "13", "performed_by": 2, "details": "Order created by patient It's Faceless Men - PATIENT", "timestamp": "2025-05-10T06:49:07.411Z", "ip_address": "127.0.0.1", "user_agent": "Mozilla/5.0 (X11; Linux x86_64) AppleWebKit/537.36 (KHTML, like Gecko) Chrome/136.0.0.0 Safari/537.36"}}, {"model": "pharmacy.auditlog", "pk": 91, "fields": {"action": "CREATE", "model_name": "Order", "object_id": "14", "performed_by": 2, "details": "Order created by patient It's Faceless Men - PATIENT", "timestamp": "2025-05-10T07:06:49.419Z", "ip_address": "127.0.0.1", "user_agent": "Mozilla/5.0 (X11; Linux x86_64) AppleWebKit/537.36 (KHTML, like Gecko) Chrome/136.0.0.0 Safari/537.36"}}, {"model": "pharmacy.auditlog", "pk": 92, "fields": {"action": "CREATE", "model_name": "Order", "object_id": "15", "performed_by": 2, "details": "Order created by patient It's Faceless Men - PATIENT", "timestamp": "2025-05-10T07:29:17.819Z", "ip_address": "127.0.0.1", "user_agent": "Mozilla/5.0 (X11; Linux x86_64) AppleWebKit/537.36 (KHTML, like Gecko) Chrome/136.0.0.0 Safari/537.36"}}, {"model": "pharmacy.auditlog", "pk": 93, "fields": {"action": "UPDATE", "model_name": "Medicine", "object_id": "2", "performed_by": 9, "details": "Stock changed from 389 to 388 (REMOVE)", "timestamp": "2025-05-15T19:10:15.669Z", "ip_address": null, "user_agent": ""}}, {"model": "pharmacy.auditlog", "pk": 94, "fields": {"action": "UPDATE", "model_name": "Order", "object_id": "15", "performed_by": 9, "details": "Order fulfilled, status changed to FULFILLED", "timestamp": "2025-05-15T19:10:15.678Z", "ip_address": null, "user_agent": ""}}, {"model": "pharmacy.auditlog", "pk": 95, "fields": {"action": "CREATE", "model_name": "Medicine", "object_id": "8", "performed_by": 9, "details": "Medicine test11 created", "timestamp": "2025-05-15T20:21:58.561Z", "ip_address": "127.0.0.1", "user_agent": "Mozilla/5.0 (X11; Linux x86_64) AppleWebKit/537.36 (KHTML, like Gecko) Chrome/136.0.0.0 Safari/537.36"}}, {"model": "pharmacy.auditlog", "pk": 96, "fields": {"action": "UPDATE", "model_name": "Medicine", "object_id": "8", "performed_by": 9, "details": "Stock changed from 100 to 110 (ADD)", "timestamp": "2025-05-15T20:22:08.221Z", "ip_address": null, "user_agent": ""}}, {"model": "pharmacy.auditlog", "pk": 97, "fields": {"action": "CREATE", "model_name": "Medicine", "object_id": "9", "performed_by": 9, "details": "Medicine AI created", "timestamp": "2025-05-15T20:41:35.957Z", "ip_address": "127.0.0.1", "user_agent": "Mozilla/5.0 (X11; Linux x86_64) AppleWebKit/537.36 (KHTML, like Gecko) Chrome/136.0.0.0 Safari/537.36"}}, {"model": "pharmacy.auditlog", "pk": 98, "fields": {"action": "UPDATE", "model_name": "Medicine", "object_id": "9", "performed_by": 9, "details": "Stock changed from 10 to 73 (ADD)", "timestamp": "2025-05-15T21:59:16.411Z", "ip_address": null, "user_agent": ""}}, {"model": "appointment.timeoff", "pk": 1, "fields": {"doctor": 5, "start_time": "2023-06-01T09:00:00Z", "end_time": "2023-06-01T17:00:00Z", "reason": "Personal leave", "is_approved": true, "created_at": "2025-03-28T14:38:58.436Z"}}, {"model": "appointment.timeoff", "pk": 2, "fields": {"doctor": 13, "start_time": "2023-06-01T09:00:00Z", "end_time": "2023-06-01T17:00:00Z", "reason": "Personal leave", "is_approved": true, "created_at": "2025-03-28T15:03:29.784Z"}}, {"model": "appointment.timeoff", "pk": 4, "fields": {"doctor": 13, "start_time": "2023-06-01T09:00:00Z", "end_time": "2023-06-01T17:00:00Z", "reason": "Personal leave", "is_approved": true, "created_at": "2025-03-28T15:04:04.129Z"}}, {"model": "appointment.timeoff", "pk": 5, "fields": {"doctor": 13, "start_time": "2025-04-10T10:00:00Z", "end_time": "2025-04-11T14:00:00Z", "reason": "Medical conference", "is_approved": true, "created_at": "2025-03-29T08:00:43.360Z"}}, {"model": "appointment.timeoff", "pk": 6, "fields": {"doctor": 13, "start_time": "2025-06-01T09:00:00Z", "end_time": "2025-06-01T17:00:00Z", "reason": "Personal leave", "is_approved": true, "created_at": "2025-03-29T19:11:15.312Z"}}, {"model": "appointment.timeoff", "pk": 7, "fields": {"doctor": 13, "start_time": "2025-04-05T09:00:00Z", "end_time": "2025-04-08T17:00:00Z", "reason": "help", "is_approved": true, "created_at": "2025-03-29T19:11:29.119Z"}}, {"model": "appointment.timeoff", "pk": 8, "fields": {"doctor": 13, "start_time": "2025-04-03T09:00:00Z", "end_time": "2025-04-06T17:00:00Z", "reason": "Sick Leave", "is_approved": true, "created_at": "2025-03-30T06:04:27.518Z"}}, {"model": "appointment.timeoff", "pk": 9, "fields": {"doctor": 13, "start_time": "2025-05-10T09:00:00Z", "end_time": "2025-05-11T17:00:00Z", "reason": "", "is_approved": false, "created_at": "2025-03-30T08:34:46.882Z"}}, {"model": "appointment.timeoff", "pk": 10, "fields": {"doctor": 13, "start_time": "2025-04-30T09:00:00Z", "end_time": "2025-05-02T17:00:00Z", "reason": "", "is_approved": false, "created_at": "2025-03-30T08:50:53.236Z"}}, {"model": "appointment.timeoff", "pk": 11, "fields": {"doctor": 13, "start_time": "2025-04-21T09:00:00Z", "end_time": "2025-04-22T17:00:00Z", "reason": "Vaccation", "is_approved": false, "created_at": "2025-03-30T09:32:16.294Z"}}, {"model": "appointment.timeoff", "pk": 12, "fields": {"doctor": 13, "start_time": "2025-04-10T09:00:00Z", "end_time": "2025-04-12T17:00:00Z", "reason": "", "is_approved": true, "created_at": "2025-04-08T01:51:08.425Z"}}, {"model": "appointment.timeoff", "pk": 13, "fields": {"doctor": 13, "start_time": "2025-04-20T09:00:00Z", "end_time": "2025-04-21T17:00:00Z", "reason": "Leave", "is_approved": true, "created_at": "2025-04-20T06:35:17.085Z"}}, {"model": "appointment.appointment", "pk": "04e5f9ad-df34-4823-bde4-97757e97c5ac", "fields": {"doctor": 13, "patient": null, "patient_name": "John Smith", "patient_email": "john.smith@example.com", "patient_phone": "555-123-4567", "appointment_time": "2025-04-20T14:00:00Z", "end_time": "2025-04-20T14:25:00Z", "reason": "New patient consultation", "status": "CANCELLED", "notes": "", "created_by": 10, "created_at": "2025-03-29T11:04:46.790Z", "updated_at": "2025-03-29T11:06:41.779Z"}}, {"model": "appointment.appointment", "pk": "1210d145-903a-4033-9f1c-5c72d45b295d", "fields": {"doctor": 13, "patient": 11, "patient_name": "", "patient_email": "", "patient_phone": "", "appointment_time": "2025-04-20T09:00:00Z", "end_time": "2025-04-20T09:25:00Z", "reason": "regular", "status": "MISSED", "notes": "", "created_by": 11, "created_at": "2025-04-20T08:15:17.887Z", "updated_at": "2025-04-20T09:50:14.724Z"}}, {"model": "appointment.appointment", "pk": "18698125-d33e-4175-95f1-e8e3d6633fd6", "fields": {"doctor": 13, "patient": null, "patient_name": "Tori Koirala", "patient_email": "koirala@gmail.com", "patient_phone": "97452225", "appointment_time": "2025-03-30T13:10:00Z", "end_time": "2025-03-30T13:35:00Z", "reason": "Headache", "status": "MISSED", "notes": "", "created_by": 10, "created_at": "2025-03-30T06:06:59.803Z", "updated_at": "2025-03-31T06:32:17.328Z"}}, {"model": "appointment.appointment", "pk": "1e1d4585-e923-430d-bdeb-b10acfee4c51", "fields": {"doctor": 13, "patient": 2, "patient_name": "", "patient_email": "", "patient_phone": "", "appointment_time": "2025-05-01T11:05:00Z", "end_time": "2025-05-01T11:30:00Z", "reason": "", "status": "MISSED", "notes": "", "created_by": 2, "created_at": "2025-05-01T04:23:04.272Z", "updated_at": "2025-05-01T13:30:21.638Z"}}, {"model": "appointment.appointment", "pk": "3a02cbef-12bf-47b5-93d7-5528d0f9e8ec", "fields": {"doctor": 13, "patient": 11, "patient_name": "", "patient_email": "", "patient_phone": "", "appointment_time": "2025-04-11T14:00:00Z", "end_time": "2025-04-11T14:25:00Z", "reason": "", "status": "MISSED", "notes": "", "created_by": 11, "created_at": "2025-04-07T09:49:34.828Z", "updated_at": "2025-04-11T19:42:13.733Z"}}, {"model": "appointment.appointment", "pk": "3c0776bd-fe0c-44a9-9224-206bcd6d71d9", "fields": {"doctor": 13, "patient": 2, "patient_name": "", "patient_email": "", "patient_phone": "", "appointment_time": "2025-05-01T11:30:00Z", "end_time": "2025-05-01T11:55:00Z", "reason": "", "status": "MISSED", "notes": "", "created_by": 2, "created_at": "2025-04-30T15:29:39.149Z", "updated_at": "2025-05-01T13:30:21.635Z"}}, {"model": "appointment.appointment", "pk": "3cda6a61-1856-405b-b826-afc8102bf056", "fields": {"doctor": 18, "patient": 2, "patient_name": "", "patient_email": "", "patient_phone": "", "appointment_time": "2025-05-05T09:00:00Z", "end_time": "2025-05-05T09:25:00Z", "reason": "", "status": "MISSED", "notes": "", "created_by": 2, "created_at": "2025-05-02T13:46:22.051Z", "updated_at": "2025-05-08T14:13:21.780Z"}}, {"model": "appointment.appointment", "pk": "3dc51352-6f57-4a29-8a89-2a5fb4dc9eda", "fields": {"doctor": 13, "patient": 11, "patient_name": "", "patient_email": "", "patient_phone": "", "appointment_time": "2025-04-09T11:25:00Z", "end_time": "2025-04-09T11:50:00Z", "reason": "", "status": "COMPLETED", "notes": "", "created_by": 11, "created_at": "2025-04-07T09:42:11.830Z", "updated_at": "2025-04-07T09:47:10.452Z"}}, {"model": "appointment.appointment", "pk": "4070b1c1-1290-459a-ab82-78d55e0aecc6", "fields": {"doctor": 13, "patient": 11, "patient_name": "", "patient_email": "", "patient_phone": "", "appointment_time": "2025-04-09T11:50:00Z", "end_time": "2025-04-09T12:15:00Z", "reason": "", "status": "MISSED", "notes": "", "created_by": 11, "created_at": "2025-04-08T01:51:45.150Z", "updated_at": "2025-04-10T05:55:37.283Z"}}, {"model": "appointment.appointment", "pk": "40d5ae8c-124d-42a8-a01f-641d229fff21", "fields": {"doctor": 13, "patient": 15, "patient_name": "", "patient_email": "", "patient_phone": "", "appointment_time": "2025-04-09T09:00:00Z", "end_time": "2025-04-09T09:25:00Z", "reason": "pay", "status": "COMPLETED", "notes": "", "created_by": 15, "created_at": "2025-04-05T18:47:13.653Z", "updated_at": "2025-04-05T18:49:34.957Z"}}, {"model": "appointment.appointment", "pk": "46a8a1b0-d7c7-45f4-8a2a-2b8b25e6189a", "fields": {"doctor": 13, "patient": 11, "patient_name": "", "patient_email": "", "patient_phone": "", "appointment_time": "2025-04-11T13:00:00Z", "end_time": "2025-04-11T13:25:00Z", "reason": "Annual checkup", "status": "CANCELLED", "notes": "", "created_by": 11, "created_at": "2025-03-29T09:28:09.816Z", "updated_at": "2025-03-29T18:23:36.147Z"}}, {"model": "appointment.appointment", "pk": "4c244b13-becd-4600-91af-047827e1cf4b", "fields": {"doctor": 13, "patient": 2, "patient_name": "", "patient_email": "", "patient_phone": "", "appointment_time": "2025-05-09T09:00:00Z", "end_time": "2025-05-09T09:25:00Z", "reason": "", "status": "MISSED", "notes": "", "created_by": 2, "created_at": "2025-05-02T13:34:08.691Z", "updated_at": "2025-05-10T06:48:50.256Z"}}, {"model": "appointment.appointment", "pk": "4ca42856-14b7-42b6-b09f-429d5e9ba754", "fields": {"doctor": 14, "patient": 2, "patient_name": "", "patient_email": "", "patient_phone": "", "appointment_time": "2025-05-01T09:00:00Z", "end_time": "2025-05-01T09:25:00Z", "reason": "", "status": "MISSED", "notes": "", "created_by": 2, "created_at": "2025-04-30T14:46:51.639Z", "updated_at": "2025-05-01T10:13:31.125Z"}}, {"model": "appointment.appointment", "pk": "4debfb4f-7d4c-4871-906a-1924b26a8efc", "fields": {"doctor": 14, "patient": null, "patient_name": "Bigyan Parajuli", "patient_email": "bigyan@gmail.com", "patient_phone": "+97798023220333", "appointment_time": "2025-04-21T09:00:00Z", "end_time": "2025-04-21T09:25:00Z", "reason": "Regular Checkup", "status": "MISSED", "notes": "", "created_by": 10, "created_at": "2025-04-20T06:56:20.669Z", "updated_at": "2025-04-28T16:31:41.045Z"}}, {"model": "appointment.appointment", "pk": "529f0aed-7b1d-4042-8b2a-b077d75b6c7b", "fields": {"doctor": 13, "patient": 11, "patient_name": "", "patient_email": "", "patient_phone": "", "appointment_time": "2025-04-02T09:00:00Z", "end_time": "2025-04-02T09:25:00Z", "reason": "Headache", "status": "COMPLETED", "notes": "", "created_by": 11, "created_at": "2025-03-30T09:30:53.965Z", "updated_at": "2025-03-30T09:31:32.639Z"}}, {"model": "appointment.appointment", "pk": "5e2d336c-575f-4ceb-875d-298362ee24b6", "fields": {"doctor": 13, "patient": 12, "patient_name": "", "patient_email": "", "patient_phone": "", "appointment_time": "2025-04-10T09:00:00Z", "end_time": "2025-04-10T09:25:00Z", "reason": "", "status": "MISSED", "notes": "", "created_by": 12, "created_at": "2025-04-10T06:22:32.181Z", "updated_at": "2025-04-10T17:57:46.287Z"}}, {"model": "appointment.appointment", "pk": "5faa997e-e3f5-4bc1-8400-ffd5b82164d9", "fields": {"doctor": 13, "patient": 2, "patient_name": "", "patient_email": "", "patient_phone": "", "appointment_time": "2025-05-03T10:40:00Z", "end_time": "2025-05-03T11:05:00Z", "reason": "", "status": "MISSED", "notes": "", "created_by": 2, "created_at": "2025-05-02T13:30:52.733Z", "updated_at": "2025-05-03T11:34:01.460Z"}}, {"model": "appointment.appointment", "pk": "66b570a8-f0e9-4461-9466-3ddb082f3c29", "fields": {"doctor": 13, "patient": null, "patient_name": "Bigyan", "patient_email": "hello1@gmail.com", "patient_phone": "9755552522", "appointment_time": "2025-03-30T09:50:00Z", "end_time": "2025-03-30T10:15:00Z", "reason": "Regular Visit", "status": "MISSED", "notes": "", "created_by": 10, "created_at": "2025-03-30T09:33:42.132Z", "updated_at": "2025-03-31T06:32:17.337Z"}}, {"model": "appointment.appointment", "pk": "6e0dc72e-86ea-47a9-8851-c2c7f9b153da", "fields": {"doctor": 13, "patient": 11, "patient_name": "", "patient_email": "", "patient_phone": "", "appointment_time": "2025-04-09T11:00:00Z", "end_time": "2025-04-09T11:25:00Z", "reason": "", "status": "MISSED", "notes": "", "created_by": 11, "created_at": "2025-04-07T21:09:33.105Z", "updated_at": "2025-04-10T05:55:37.289Z"}}, {"model": "appointment.appointment", "pk": "75a2a100-7349-427f-bfe6-c0c85a82415e", "fields": {"doctor": 13, "patient": null, "patient_name": "Agora", "patient_email": "agora@gmail.com", "patient_phone": "9852245556525", "appointment_time": "2025-04-08T17:20:00Z", "end_time": "2025-04-08T17:45:00Z", "reason": "Checkup", "status": "MISSED", "notes": "", "created_by": 10, "created_at": "2025-04-06T07:16:22.651Z", "updated_at": "2025-04-10T05:55:37.293Z"}}, {"model": "appointment.appointment", "pk": "79ee99c0-09dd-4f68-a23a-fcee338ca709", "fields": {"doctor": 13, "patient": 15, "patient_name": "", "patient_email": "", "patient_phone": "", "appointment_time": "2025-04-09T11:00:00Z", "end_time": "2025-04-09T11:25:00Z", "reason": "", "status": "COMPLETED", "notes": "", "created_by": 15, "created_at": "2025-04-06T08:18:30.314Z", "updated_at": "2025-04-07T09:47:08.544Z"}}, {"model": "appointment.appointment", "pk": "7e73a3e3-4feb-4856-9a58-d803135cd092", "fields": {"doctor": 13, "patient": 2, "patient_name": "", "patient_email": "", "patient_phone": "", "appointment_time": "2025-05-01T09:00:00Z", "end_time": "2025-05-01T09:25:00Z", "reason": "", "status": "MISSED", "notes": "", "created_by": 2, "created_at": "2025-04-30T15:11:30.694Z", "updated_at": "2025-05-01T10:13:31.128Z"}}, {"model": "appointment.appointment", "pk": "7f4aa44b-5029-4586-b14d-f8996556106a", "fields": {"doctor": 13, "patient": 11, "patient_name": "", "patient_email": "", "patient_phone": "", "appointment_time": "2025-04-10T09:25:00Z", "end_time": "2025-04-10T09:50:00Z", "reason": "", "status": "MISSED", "notes": "", "created_by": 11, "created_at": "2025-04-10T06:24:41.161Z", "updated_at": "2025-04-10T17:57:46.281Z"}}, {"model": "appointment.appointment", "pk": "8247411e-1920-461d-ba61-e594f9ff6787", "fields": {"doctor": 14, "patient": null, "patient_name": "Faceless", "patient_email": "faceless@gmail.com", "patient_phone": "9742923388", "appointment_time": "2025-03-31T13:35:00Z", "end_time": "2025-03-31T14:00:00Z", "reason": "Help", "status": "MISSED", "notes": "", "created_by": 10, "created_at": "2025-03-29T20:41:54.914Z", "updated_at": "2025-03-31T15:28:34.612Z"}}, {"model": "appointment.appointment", "pk": "8992cd2a-06b9-47ac-972f-fe9e91309f4f", "fields": {"doctor": 13, "patient": 11, "patient_name": "", "patient_email": "", "patient_phone": "", "appointment_time": "2025-04-02T09:50:00Z", "end_time": "2025-04-02T10:15:00Z", "reason": "hey", "status": "MISSED", "notes": "", "created_by": 11, "created_at": "2025-04-02T09:21:03.047Z", "updated_at": "2025-04-02T11:57:54.195Z"}}, {"model": "appointment.appointment", "pk": "9ed459b8-680b-42fd-9c96-a5109b778fe4", "fields": {"doctor": 13, "patient": 2, "patient_name": "", "patient_email": "", "patient_phone": "", "appointment_time": "2025-05-02T15:15:00Z", "end_time": "2025-05-02T15:40:00Z", "reason": "", "status": "MISSED", "notes": "", "created_by": 2, "created_at": "2025-04-30T16:03:15.618Z", "updated_at": "2025-05-02T18:47:03.631Z"}}, {"model": "appointment.appointment", "pk": "a62ecb36-cc07-4a82-9a90-2cb3a2238418", "fields": {"doctor": 13, "patient": 2, "patient_name": "", "patient_email": "", "patient_phone": "", "appointment_time": "2025-05-01T09:25:00Z", "end_time": "2025-05-01T09:50:00Z", "reason": "", "status": "MISSED", "notes": "", "created_by": 2, "created_at": "2025-04-30T15:51:47.293Z", "updated_at": "2025-05-01T10:13:31.122Z"}}, {"model": "appointment.appointment", "pk": "bac49f93-32f2-4944-bcd5-19a126f90498", "fields": {"doctor": 13, "patient": 11, "patient_name": "", "patient_email": "", "patient_phone": "", "appointment_time": "2025-04-02T09:00:00Z", "end_time": "2025-04-02T09:25:00Z", "reason": "headache", "status": "CANCELLED", "notes": "", "created_by": 11, "created_at": "2025-03-30T06:02:36.268Z", "updated_at": "2025-03-30T06:02:46.777Z"}}, {"model": "appointment.appointment", "pk": "c4a39535-769b-4344-87a9-995d7a98e2af", "fields": {"doctor": 14, "patient": 2, "patient_name": "", "patient_email": "", "patient_phone": "", "appointment_time": "2025-04-30T09:25:00Z", "end_time": "2025-04-30T09:50:00Z", "reason": "hey", "status": "MISSED", "notes": "", "created_by": 2, "created_at": "2025-04-30T14:42:43.902Z", "updated_at": "2025-04-30T14:42:45.964Z"}}, {"model": "appointment.appointment", "pk": "ce79eccf-32df-4449-b58f-ee66ad82e505", "fields": {"doctor": 13, "patient": 11, "patient_name": "", "patient_email": "", "patient_phone": "", "appointment_time": "2025-04-11T14:00:00Z", "end_time": "2025-04-11T14:25:00Z", "reason": "Annual checkup", "status": "COMPLETED", "notes": "", "created_by": 11, "created_at": "2025-03-29T09:24:13.861Z", "updated_at": "2025-03-29T18:39:01.413Z"}}, {"model": "appointment.appointment", "pk": "d39ebdf9-64e9-4e74-86eb-b477146d0a05", "fields": {"doctor": 18, "patient": 2, "patient_name": "", "patient_email": "", "patient_phone": "", "appointment_time": "2025-05-07T09:25:00Z", "end_time": "2025-05-07T09:50:00Z", "reason": "", "status": "MISSED", "notes": "", "created_by": 2, "created_at": "2025-05-04T06:16:43.411Z", "updated_at": "2025-05-08T14:13:21.776Z"}}, {"model": "appointment.appointment", "pk": "e515e8c3-7f65-46ec-97ac-17b9661a4665", "fields": {"doctor": 13, "patient": 11, "patient_name": "", "patient_email": "", "patient_phone": "", "appointment_time": "2025-04-01T09:00:00Z", "end_time": "2025-04-01T09:25:00Z", "reason": "sick", "status": "MISSED", "notes": "", "created_by": 11, "created_at": "2025-03-31T06:33:07.005Z", "updated_at": "2025-04-01T13:45:21.199Z"}}, {"model": "appointment.appointment", "pk": "e6120438-d46a-467a-9a7f-39c449114c28", "fields": {"doctor": 13, "patient": 2, "patient_name": "", "patient_email": "", "patient_phone": "", "appointment_time": "2025-05-01T09:50:00Z", "end_time": "2025-05-01T10:15:00Z", "reason": "", "status": "MISSED", "notes": "", "created_by": 2, "created_at": "2025-05-01T04:17:17.474Z", "updated_at": "2025-05-01T10:13:31.111Z"}}, {"model": "appointment.appointment", "pk": "e6f522cd-f0b0-4b68-8b90-3964ea8f0912", "fields": {"doctor": 14, "patient": 11, "patient_name": "", "patient_email": "", "patient_phone": "", "appointment_time": "2025-03-31T09:00:00Z", "end_time": "2025-03-31T09:25:00Z", "reason": "sick", "status": "MISSED", "notes": "", "created_by": 11, "created_at": "2025-03-29T20:27:10.781Z", "updated_at": "2025-03-31T15:28:34.615Z"}}, {"model": "appointment.appointment", "pk": "e98a6369-0583-4a6a-900c-d0d4c0c60ccc", "fields": {"doctor": 13, "patient": 2, "patient_name": "", "patient_email": "", "patient_phone": "", "appointment_time": "2025-05-01T10:15:00Z", "end_time": "2025-05-01T10:40:00Z", "reason": "", "status": "MISSED", "notes": "", "created_by": 2, "created_at": "2025-04-30T16:09:21.994Z", "updated_at": "2025-05-01T13:30:21.641Z"}}, {"model": "appointment.appointment", "pk": "f2b12972-8913-42d5-b700-9508d1d7dc8f", "fields": {"doctor": 13, "patient": 11, "patient_name": "", "patient_email": "", "patient_phone": "", "appointment_time": "2025-04-09T09:00:00Z", "end_time": "2025-04-09T09:25:00Z", "reason": "hey", "status": "COMPLETED", "notes": "", "created_by": 11, "created_at": "2025-04-05T19:14:30.251Z", "updated_at": "2025-04-06T15:27:35.678Z"}}, {"model": "appointment.appointment", "pk": "f5426683-c3a4-4a95-9781-9183b82f2188", "fields": {"doctor": 13, "patient": 11, "patient_name": "", "patient_email": "", "patient_phone": "", "appointment_time": "2025-04-08T17:20:00Z", "end_time": "2025-04-08T17:45:00Z", "reason": "Regular checkup", "status": "CANCELLED", "notes": "", "created_by": 11, "created_at": "2025-04-06T07:10:31.446Z", "updated_at": "2025-04-06T07:10:53.244Z"}}, {"model": "appointment.appointment", "pk": "f98b675e-1f59-4ab9-a3be-c2b0200e30d1", "fields": {"doctor": 13, "patient": 2, "patient_name": "", "patient_email": "", "patient_phone": "", "appointment_time": "2025-05-04T09:00:00Z", "end_time": "2025-05-04T09:25:00Z", "reason": "", "status": "MISSED", "notes": "", "created_by": 2, "created_at": "2025-05-02T13:35:41.221Z", "updated_at": "2025-05-04T14:44:44.205Z"}}, {"model": "appointment.appointment", "pk": "fd820780-5e95-4e3e-99b4-919d8db0785e", "fields": {"doctor": 14, "patient": 2, "patient_name": "", "patient_email": "", "patient_phone": "", "appointment_time": "2025-04-30T10:40:00Z", "end_time": "2025-04-30T11:05:00Z", "reason": "", "status": "MISSED", "notes": "", "created_by": 2, "created_at": "2025-04-30T14:46:02.489Z", "updated_at": "2025-04-30T14:46:04.540Z"}}, {"model": "appointment.availabletimeslot", "pk": 30, "fields": {"doctor": 14, "day_of_week": 0, "start_time": "09:00:00", "end_time": "17:00:00"}}, {"model": "appointment.availabletimeslot", "pk": 31, "fields": {"doctor": 14, "day_of_week": 2, "start_time": "09:00:00", "end_time": "17:00:00"}}, {"model": "appointment.availabletimeslot", "pk": 32, "fields": {"doctor": 14, "day_of_week": 3, "start_time": "09:00:00", "end_time": "17:00:00"}}, {"model": "appointment.availabletimeslot", "pk": 44, "fields": {"doctor": 13, "day_of_week": 3, "start_time": "09:00:00", "end_time": "12:00:00"}}, {"model": "appointment.availabletimeslot", "pk": 45, "fields": {"doctor": 13, "day_of_week": 4, "start_time": "09:00:00", "end_time": "16:00:00"}}, {"model": "appointment.availabletimeslot", "pk": 46, "fields": {"doctor": 13, "day_of_week": 5, "start_time": "09:00:00", "end_time": "17:00:00"}}, {"model": "appointment.availabletimeslot", "pk": 47, "fields": {"doctor": 13, "day_of_week": 6, "start_time": "09:00:00", "end_time": "17:00:00"}}, {"model": "appointment.availabletimeslot", "pk": 50, "fields": {"doctor": 13, "day_of_week": 1, "start_time": "09:00:00", "end_time": "18:00:00"}}, {"model": "appointment.availabletimeslot", "pk": 53, "fields": {"doctor": 13, "day_of_week": 2, "start_time": "11:00:00", "end_time": "17:00:00"}}, {"model": "appointment.availabletimeslot", "pk": 56, "fields": {"doctor": 18, "day_of_week": 0, "start_time": "09:00:00", "end_time": "17:00:00"}}, {"model": "appointment.availabletimeslot", "pk": 57, "fields": {"doctor": 18, "day_of_week": 1, "start_time": "09:00:00", "end_time": "17:00:00"}}, {"model": "appointment.availabletimeslot", "pk": 58, "fields": {"doctor": 18, "day_of_week": 2, "start_time": "09:00:00", "end_time": "17:00:00"}}, {"model": "appointment.availabletimeslot", "pk": 59, "fields": {"doctor": 18, "day_of_week": 3, "start_time": "09:00:00", "end_time": "17:00:00"}}, {"model": "appointment.availabletimeslot", "pk": 60, "fields": {"doctor": 18, "day_of_week": 4, "start_time": "09:00:00", "end_time": "17:00:00"}}, {"model": "appointment.availabletimeslot", "pk": 61, "fields": {"doctor": 18, "day_of_week": 5, "start_time": "09:00:00", "end_time": "17:00:00"}}, {"model": "appointment.availabletimeslot", "pk": 62, "fields": {"doctor": 13, "day_of_week": 0, "start_time": "10:00:00", "end_time": "16:00:00"}}]